date,etf,ticker,name,weight_pct,shares,market_value,source,fetched_at_utc
2026-07-08,SMH,ADI,"Analog Devices, Inc.",4.23,7709527.0,,"stockanalysis.com (백업 소스, 운용사 EOD 데이터 재게시)",2026-07-08T03:14:41+00:00
2026-07-08,SMH,ALAB,"Astera Labs, Inc.",1.19,2019050.0,,"stockanalysis.com (백업 소스, 운용사 EOD 데이터 재게시)",2026-07-08T03:14:41+00:00
2026-07-08,SMH,AMAT,"Applied Materials, Inc.",5.33,6077118.0,,"stockanalysis.com (백업 소스, 운용사 EOD 데이터 재게시)",2026-07-08T03:14:41+00:00
2026-07-08,SMH,AMD,"Advanced Micro Devices, Inc.",5.58,7418187.0,,"stockanalysis.com (백업 소스, 운용사 EOD 데이터 재게시)",2026-07-08T03:14:41+00:00
2026-07-08,SMH,ARM,Arm Holdings plc,1.15,2516244.0,,"stockanalysis.com (백업 소스, 운용사 EOD 데이터 재게시)",2026-07-08T03:14:41+00:00
2026-07-08,SMH,ASML,ASML Holding N.V.,4.99,1939606.0,,"stockanalysis.com (백업 소스, 운용사 EOD 데이터 재게시)",2026-07-08T03:14:41+00:00
2026-07-08,SMH,AVGO,Broadcom Inc.,5.61,10700777.0,,"stockanalysis.com (백업 소스, 운용사 EOD 데이터 재게시)",2026-07-08T03:14:41+00:00
2026-07-08,SMH,CDNS,"Cadence Design Systems, Inc.",2.38,4386021.0,,"stockanalysis.com (백업 소스, 운용사 EOD 데이터 재게시)",2026-07-08T03:14:41+00:00
2026-07-08,SMH,INTC,Intel Corporation,4.88,27912003.0,,"stockanalysis.com (백업 소스, 운용사 EOD 데이터 재게시)",2026-07-08T03:14:41+00:00
2026-07-08,SMH,KLAC,KLA Corporation,4.73,13802186.0,,"stockanalysis.com (백업 소스, 운용사 EOD 데이터 재게시)",2026-07-08T03:14:41+00:00
2026-07-08,SMH,LRCX,Lam Research Corporation,4.68,9159847.0,,"stockanalysis.com (백업 소스, 운용사 EOD 데이터 재게시)",2026-07-08T03:14:41+00:00
2026-07-08,SMH,MCHP,Microchip Technology Incorporated,0.93,7538747.0,,"stockanalysis.com (백업 소스, 운용사 EOD 데이터 재게시)",2026-07-08T03:14:41+00:00
2026-07-08,SMH,MPWR,"Monolithic Power Systems, Inc.",1.26,675162.0,,"stockanalysis.com (백업 소스, 운용사 EOD 데이터 재게시)",2026-07-08T03:14:41+00:00
2026-07-08,SMH,MRVL,"Marvell Technology, Inc.",4.27,11985054.0,,"stockanalysis.com (백업 소스, 운용사 EOD 데이터 재게시)",2026-07-08T03:14:41+00:00
2026-07-08,SMH,MU,"Micron Technology, Inc.",5.34,3762838.0,,"stockanalysis.com (백업 소스, 운용사 EOD 데이터 재게시)",2026-07-08T03:14:41+00:00
2026-07-08,SMH,NVDA,NVIDIA Corporation,19.01,67132346.0,,"stockanalysis.com (백업 소스, 운용사 EOD 데이터 재게시)",2026-07-08T03:14:41+00:00
2026-07-08,SMH,NXPI,NXP Semiconductors N.V.,1.24,3122625.0,,"stockanalysis.com (백업 소스, 운용사 EOD 데이터 재게시)",2026-07-08T03:14:41+00:00
2026-07-08,SMH,ON,ON Semiconductor Corporation,0.62,4682555.0,,"stockanalysis.com (백업 소스, 운용사 EOD 데이터 재게시)",2026-07-08T03:14:41+00:00
2026-07-08,SMH,QCOM,QUALCOMM Incorporated,3.97,15483836.0,,"stockanalysis.com (백업 소스, 운용사 EOD 데이터 재게시)",2026-07-08T03:14:41+00:00
2026-07-08,SMH,SNPS,"Synopsys, Inc.",1.95,3075477.0,,"stockanalysis.com (백업 소스, 운용사 EOD 데이터 재게시)",2026-07-08T03:14:41+00:00
2026-07-08,SMH,STM,STMicroelectronics N.V.,1.28,12881054.0,,"stockanalysis.com (백업 소스, 운용사 EOD 데이터 재게시)",2026-07-08T03:14:41+00:00
2026-07-08,SMH,SWKS,"Skyworks Solutions, Inc.",0.16,1797082.0,,"stockanalysis.com (백업 소스, 운용사 EOD 데이터 재게시)",2026-07-08T03:14:41+00:00
2026-07-08,SMH,TER,"Teradyne, Inc.",1.27,2366409.0,,"stockanalysis.com (백업 소스, 운용사 EOD 데이터 재게시)",2026-07-08T03:14:41+00:00
2026-07-08,SMH,TSM,Taiwan Semiconductor Manufacturing Company Limited,9.4,14889948.0,,"stockanalysis.com (백업 소스, 운용사 EOD 데이터 재게시)",2026-07-08T03:14:41+00:00
2026-07-08,SMH,TXN,Texas Instruments Incorporated,4.56,10710296.0,,"stockanalysis.com (백업 소스, 운용사 EOD 데이터 재게시)",2026-07-08T03:14:41+00:00
2026-07-08,SOXQ,ADI,"Analog Devices, Inc.",3.77,256973.0,,"stockanalysis.com (백업 소스, 운용사 EOD 데이터 재게시)",2026-07-08T03:14:41+00:00
2026-07-08,SOXQ,ALAB,"Astera Labs, Inc.",2.83,173324.0,,"stockanalysis.com (백업 소스, 운용사 EOD 데이터 재게시)",2026-07-08T03:14:41+00:00
2026-07-08,SOXQ,AMAT,"Applied Materials, Inc.",5.29,236293.0,,"stockanalysis.com (백업 소스, 운용사 EOD 데이터 재게시)",2026-07-08T03:14:41+00:00
2026-07-08,SOXQ,AMD,"Advanced Micro Devices, Inc.",4.29,206061.0,,"stockanalysis.com (백업 소스, 운용사 EOD 데이터 재게시)",2026-07-08T03:14:41+00:00
2026-07-08,SOXQ,ARM,Arm Holdings plc,1.74,142927.0,,"stockanalysis.com (백업 소스, 운용사 EOD 데이터 재게시)",2026-07-08T03:14:41+00:00
2026-07-08,SOXQ,ASML,ASML Holding N.V.,4.54,65954.0,,"stockanalysis.com (백업 소스, 운용사 EOD 데이터 재게시)",2026-07-08T03:14:41+00:00
2026-07-08,SOXQ,AVGO,Broadcom Inc.,8.4,595090.0,,"stockanalysis.com (백업 소스, 운용사 EOD 데이터 재게시)",2026-07-08T03:14:41+00:00
2026-07-08,SOXQ,COHR,Coherent Corp.,2.51,197834.0,,"stockanalysis.com (백업 소스, 운용사 EOD 데이터 재게시)",2026-07-08T03:14:41+00:00
2026-07-08,SOXQ,CRDO,Credo Technology Group Holding Ltd,1.87,186508.0,,"stockanalysis.com (백업 소스, 운용사 EOD 데이터 재게시)",2026-07-08T03:14:41+00:00
2026-07-08,SOXQ,GFS,GLOBALFOUNDRIES Inc.,1.44,555185.0,,"stockanalysis.com (백업 소스, 운용사 EOD 데이터 재게시)",2026-07-08T03:14:41+00:00
2026-07-08,SOXQ,INTC,Intel Corporation,4.28,927354.0,,"stockanalysis.com (백업 소스, 운용사 EOD 데이터 재게시)",2026-07-08T03:14:41+00:00
2026-07-08,SOXQ,KLAC,KLA Corporation,4.87,553396.0,,"stockanalysis.com (백업 소스, 운용사 EOD 데이터 재게시)",2026-07-08T03:14:41+00:00
2026-07-08,SOXQ,LRCX,Lam Research Corporation,4.42,334233.0,,"stockanalysis.com (백업 소스, 운용사 EOD 데이터 재게시)",2026-07-08T03:14:41+00:00
2026-07-08,SOXQ,MCHP,Microchip Technology Incorporated,1.81,548124.0,,"stockanalysis.com (백업 소스, 운용사 EOD 데이터 재게시)",2026-07-08T03:14:41+00:00
2026-07-08,SOXQ,MPWR,"Monolithic Power Systems, Inc.",2.52,49676.0,,"stockanalysis.com (백업 소스, 운용사 EOD 데이터 재게시)",2026-07-08T03:14:41+00:00
2026-07-08,SOXQ,MRVL,"Marvell Technology, Inc.",4.88,518782.0,,"stockanalysis.com (백업 소스, 운용사 EOD 데이터 재게시)",2026-07-08T03:14:41+00:00
2026-07-08,SOXQ,MTSI,"MACOM Technology Solutions Holdings, Inc.",0.95,77144.0,,"stockanalysis.com (백업 소스, 운용사 EOD 데이터 재게시)",2026-07-08T03:14:41+00:00
2026-07-08,SOXQ,MU,"Micron Technology, Inc.",8.14,219051.0,,"stockanalysis.com (백업 소스, 운용사 EOD 데이터 재게시)",2026-07-08T03:14:41+00:00
2026-07-08,SOXQ,NVDA,NVIDIA Corporation,11.15,1511049.0,,"stockanalysis.com (백업 소스, 운용사 EOD 데이터 재게시)",2026-07-08T03:14:41+00:00
2026-07-08,SOXQ,NXPI,NXP Semiconductors N.V.,2.7,255300.0,,"stockanalysis.com (백업 소스, 운용사 EOD 데이터 재게시)",2026-07-08T03:14:41+00:00
2026-07-08,SOXQ,ON,ON Semiconductor Corporation,1.42,396282.0,,"stockanalysis.com (백업 소스, 운용사 EOD 데이터 재게시)",2026-07-08T03:14:41+00:00
2026-07-08,SOXQ,QCOM,QUALCOMM Incorporated,2.98,423670.0,,"stockanalysis.com (백업 소스, 운용사 EOD 데이터 재게시)",2026-07-08T03:14:41+00:00
2026-07-08,SOXQ,TER,"Teradyne, Inc.",2.27,158280.0,,"stockanalysis.com (백업 소스, 운용사 EOD 데이터 재게시)",2026-07-08T03:14:41+00:00
2026-07-08,SOXQ,TSM,Taiwan Semiconductor Manufacturing Company Limited,4.33,254154.0,,"stockanalysis.com (백업 소스, 운용사 EOD 데이터 재게시)",2026-07-08T03:14:41+00:00
2026-07-08,SOXQ,TXN,Texas Instruments Incorporated,3.99,347919.0,,"stockanalysis.com (백업 소스, 운용사 EOD 데이터 재게시)",2026-07-08T03:14:41+00:00
2026-07-08,SOXX,ADI,"Analog Devices, Inc.",3.7,4136316.0,,"stockanalysis.com (백업 소스, 운용사 EOD 데이터 재게시)",2026-07-08T03:14:41+00:00
2026-07-08,SOXX,ALAB,"Astera Labs, Inc.",2.88,2980549.0,,"stockanalysis.com (백업 소스, 운용사 EOD 데이터 재게시)",2026-07-08T03:14:41+00:00
2026-07-08,SOXX,AMAT,"Applied Materials, Inc.",5.44,3803510.0,,"stockanalysis.com (백업 소스, 운용사 EOD 데이터 재게시)",2026-07-08T03:14:41+00:00
2026-07-08,SOXX,AMD,"Advanced Micro Devices, Inc.",8.15,6633611.0,,"stockanalysis.com (백업 소스, 운용사 EOD 데이터 재게시)",2026-07-08T03:14:41+00:00
2026-07-08,SOXX,ASML,ASML Holding N.V.,2.32,551666.0,,"stockanalysis.com (백업 소스, 운용사 EOD 데이터 재게시)",2026-07-08T03:14:41+00:00
2026-07-08,SOXX,ASX,"ASE Technology Holding Co., Ltd.",1.28,12839350.0,,"stockanalysis.com (백업 소스, 운용사 EOD 데이터 재게시)",2026-07-08T03:14:41+00:00
2026-07-08,SOXX,AVGO,Broadcom Inc.,6.56,7663001.0,,"stockanalysis.com (백업 소스, 운용사 EOD 데이터 재게시)",2026-07-08T03:14:41+00:00
2026-07-08,SOXX,CRDO,Credo Technology Group Holding Ltd,2.02,3522886.0,,"stockanalysis.com (백업 소스, 운용사 EOD 데이터 재게시)",2026-07-08T03:14:41+00:00
2026-07-08,SOXX,ENTG,"Entegris, Inc.",1.12,3228359.0,,"stockanalysis.com (백업 소스, 운용사 EOD 데이터 재게시)",2026-07-08T03:14:41+00:00
2026-07-08,SOXX,INTC,Intel Corporation,6.17,21594621.0,,"stockanalysis.com (백업 소스, 운용사 EOD 데이터 재게시)",2026-07-08T03:14:41+00:00
2026-07-08,SOXX,KLAC,KLA Corporation,4.98,8907677.0,,"stockanalysis.com (백업 소스, 운용사 EOD 데이터 재게시)",2026-07-08T03:14:41+00:00
2026-07-08,SOXX,LRCX,Lam Research Corporation,4.49,5379979.0,,"stockanalysis.com (백업 소스, 운용사 EOD 데이터 재게시)",2026-07-08T03:14:41+00:00
2026-07-08,SOXX,MCHP,Microchip Technology Incorporated,2.27,11319375.0,,"stockanalysis.com (백업 소스, 운용사 EOD 데이터 재게시)",2026-07-08T03:14:41+00:00
2026-07-08,SOXX,MPWR,"Monolithic Power Systems, Inc.",3.08,1008970.0,,"stockanalysis.com (백업 소스, 운용사 EOD 데이터 재게시)",2026-07-08T03:14:41+00:00
2026-07-08,SOXX,MRVL,"Marvell Technology, Inc.",4.86,8350298.0,,"stockanalysis.com (백업 소스, 운용사 EOD 데이터 재게시)",2026-07-08T03:14:41+00:00
2026-07-08,SOXX,MTSI,"MACOM Technology Solutions Holdings, Inc.",1.12,1469746.0,,"stockanalysis.com (백업 소스, 운용사 EOD 데이터 재게시)",2026-07-08T03:14:41+00:00
2026-07-08,SOXX,MU,"Micron Technology, Inc.",8.16,3525843.0,,"stockanalysis.com (백업 소스, 운용사 EOD 데이터 재게시)",2026-07-08T03:14:41+00:00
2026-07-08,SOXX,NVDA,NVIDIA Corporation,7.5,16214848.0,,"stockanalysis.com (백업 소스, 운용사 EOD 데이터 재게시)",2026-07-08T03:14:41+00:00
2026-07-08,SOXX,NXPI,NXP Semiconductors N.V.,3.46,5326894.0,,"stockanalysis.com (백업 소스, 운용사 EOD 데이터 재게시)",2026-07-08T03:14:41+00:00
2026-07-08,SOXX,ON,ON Semiconductor Corporation,1.8,8297726.0,,"stockanalysis.com (백업 소스, 운용사 EOD 데이터 재게시)",2026-07-08T03:14:41+00:00
2026-07-08,SOXX,QCOM,QUALCOMM Incorporated,2.85,6819385.0,,"stockanalysis.com (백업 소스, 운용사 EOD 데이터 재게시)",2026-07-08T03:14:41+00:00
2026-07-08,SOXX,TER,"Teradyne, Inc.",2.9,3312588.0,,"stockanalysis.com (백업 소스, 운용사 EOD 데이터 재게시)",2026-07-08T03:14:41+00:00
2026-07-08,SOXX,TSM,Taiwan Semiconductor Manufacturing Company Limited,4.38,4252425.0,,"stockanalysis.com (백업 소스, 운용사 EOD 데이터 재게시)",2026-07-08T03:14:41+00:00
2026-07-08,SOXX,TXN,Texas Instruments Incorporated,3.9,5599994.0,,"stockanalysis.com (백업 소스, 운용사 EOD 데이터 재게시)",2026-07-08T03:14:41+00:00
2026-07-08,SOXX,UMC,United Microelectronics Corporation,1.04,17799812.0,,"stockanalysis.com (백업 소스, 운용사 EOD 데이터 재게시)",2026-07-08T03:14:41+00:00
2026-07-09,SMH,ADI,"Analog Devices, Inc.",4.23,7709527.0,,"stockanalysis.com (백업 소스, 운용사 EOD 데이터 재게시)",2026-07-09T06:30:47+00:00
2026-07-09,SMH,ALAB,"Astera Labs, Inc.",1.19,2019050.0,,"stockanalysis.com (백업 소스, 운용사 EOD 데이터 재게시)",2026-07-09T06:30:47+00:00
2026-07-09,SMH,AMAT,"Applied Materials, Inc.",5.33,6077118.0,,"stockanalysis.com (백업 소스, 운용사 EOD 데이터 재게시)",2026-07-09T06:30:47+00:00
2026-07-09,SMH,AMD,"Advanced Micro Devices, Inc.",5.58,7418187.0,,"stockanalysis.com (백업 소스, 운용사 EOD 데이터 재게시)",2026-07-09T06:30:47+00:00
2026-07-09,SMH,ARM,Arm Holdings plc,1.15,2516244.0,,"stockanalysis.com (백업 소스, 운용사 EOD 데이터 재게시)",2026-07-09T06:30:47+00:00
2026-07-09,SMH,ASML,ASML Holding N.V.,4.99,1939606.0,,"stockanalysis.com (백업 소스, 운용사 EOD 데이터 재게시)",2026-07-09T06:30:47+00:00
2026-07-09,SMH,AVGO,Broadcom Inc.,5.61,10700777.0,,"stockanalysis.com (백업 소스, 운용사 EOD 데이터 재게시)",2026-07-09T06:30:47+00:00
2026-07-09,SMH,CDNS,"Cadence Design Systems, Inc.",2.38,4386021.0,,"stockanalysis.com (백업 소스, 운용사 EOD 데이터 재게시)",2026-07-09T06:30:47+00:00
2026-07-09,SMH,INTC,Intel Corporation,4.88,27912003.0,,"stockanalysis.com (백업 소스, 운용사 EOD 데이터 재게시)",2026-07-09T06:30:47+00:00
2026-07-09,SMH,KLAC,KLA Corporation,4.73,13802186.0,,"stockanalysis.com (백업 소스, 운용사 EOD 데이터 재게시)",2026-07-09T06:30:47+00:00
2026-07-09,SMH,LRCX,Lam Research Corporation,4.68,9159847.0,,"stockanalysis.com (백업 소스, 운용사 EOD 데이터 재게시)",2026-07-09T06:30:47+00:00
2026-07-09,SMH,MCHP,Microchip Technology Incorporated,0.93,7538747.0,,"stockanalysis.com (백업 소스, 운용사 EOD 데이터 재게시)",2026-07-09T06:30:47+00:00
2026-07-09,SMH,MPWR,"Monolithic Power Systems, Inc.",1.26,675162.0,,"stockanalysis.com (백업 소스, 운용사 EOD 데이터 재게시)",2026-07-09T06:30:47+00:00
2026-07-09,SMH,MRVL,"Marvell Technology, Inc.",4.27,11985054.0,,"stockanalysis.com (백업 소스, 운용사 EOD 데이터 재게시)",2026-07-09T06:30:47+00:00
2026-07-09,SMH,MU,"Micron Technology, Inc.",5.34,3762838.0,,"stockanalysis.com (백업 소스, 운용사 EOD 데이터 재게시)",2026-07-09T06:30:47+00:00
2026-07-09,SMH,NVDA,NVIDIA Corporation,19.01,67132346.0,,"stockanalysis.com (백업 소스, 운용사 EOD 데이터 재게시)",2026-07-09T06:30:47+00:00
2026-07-09,SMH,NXPI,NXP Semiconductors N.V.,1.24,3122625.0,,"stockanalysis.com (백업 소스, 운용사 EOD 데이터 재게시)",2026-07-09T06:30:47+00:00
2026-07-09,SMH,ON,ON Semiconductor Corporation,0.62,4682555.0,,"stockanalysis.com (백업 소스, 운용사 EOD 데이터 재게시)",2026-07-09T06:30:47+00:00
2026-07-09,SMH,QCOM,QUALCOMM Incorporated,3.97,15483836.0,,"stockanalysis.com (백업 소스, 운용사 EOD 데이터 재게시)",2026-07-09T06:30:47+00:00
2026-07-09,SMH,SNPS,"Synopsys, Inc.",1.95,3075477.0,,"stockanalysis.com (백업 소스, 운용사 EOD 데이터 재게시)",2026-07-09T06:30:47+00:00
2026-07-09,SMH,STM,STMicroelectronics N.V.,1.28,12881054.0,,"stockanalysis.com (백업 소스, 운용사 EOD 데이터 재게시)",2026-07-09T06:30:47+00:00
2026-07-09,SMH,SWKS,"Skyworks Solutions, Inc.",0.16,1797082.0,,"stockanalysis.com (백업 소스, 운용사 EOD 데이터 재게시)",2026-07-09T06:30:47+00:00
2026-07-09,SMH,TER,"Teradyne, Inc.",1.27,2366409.0,,"stockanalysis.com (백업 소스, 운용사 EOD 데이터 재게시)",2026-07-09T06:30:47+00:00
2026-07-09,SMH,TSM,Taiwan Semiconductor Manufacturing Company Limited,9.4,14889948.0,,"stockanalysis.com (백업 소스, 운용사 EOD 데이터 재게시)",2026-07-09T06:30:47+00:00
2026-07-09,SMH,TXN,Texas Instruments Incorporated,4.56,10710296.0,,"stockanalysis.com (백업 소스, 운용사 EOD 데이터 재게시)",2026-07-09T06:30:47+00:00
2026-07-09,SOXQ,ADI,"Analog Devices, Inc.",3.77,256973.0,,"stockanalysis.com (백업 소스, 운용사 EOD 데이터 재게시)",2026-07-09T06:30:47+00:00
2026-07-09,SOXQ,ALAB,"Astera Labs, Inc.",2.83,173324.0,,"stockanalysis.com (백업 소스, 운용사 EOD 데이터 재게시)",2026-07-09T06:30:47+00:00
2026-07-09,SOXQ,AMAT,"Applied Materials, Inc.",5.29,236293.0,,"stockanalysis.com (백업 소스, 운용사 EOD 데이터 재게시)",2026-07-09T06:30:47+00:00
2026-07-09,SOXQ,AMD,"Advanced Micro Devices, Inc.",4.29,206061.0,,"stockanalysis.com (백업 소스, 운용사 EOD 데이터 재게시)",2026-07-09T06:30:47+00:00
2026-07-09,SOXQ,ARM,Arm Holdings plc,1.74,142927.0,,"stockanalysis.com (백업 소스, 운용사 EOD 데이터 재게시)",2026-07-09T06:30:47+00:00
2026-07-09,SOXQ,ASML,ASML Holding N.V.,4.54,65954.0,,"stockanalysis.com (백업 소스, 운용사 EOD 데이터 재게시)",2026-07-09T06:30:47+00:00
2026-07-09,SOXQ,AVGO,Broadcom Inc.,8.4,595090.0,,"stockanalysis.com (백업 소스, 운용사 EOD 데이터 재게시)",2026-07-09T06:30:47+00:00
2026-07-09,SOXQ,COHR,Coherent Corp.,2.51,197834.0,,"stockanalysis.com (백업 소스, 운용사 EOD 데이터 재게시)",2026-07-09T06:30:47+00:00
2026-07-09,SOXQ,CRDO,Credo Technology Group Holding Ltd,1.87,186508.0,,"stockanalysis.com (백업 소스, 운용사 EOD 데이터 재게시)",2026-07-09T06:30:47+00:00
2026-07-09,SOXQ,GFS,GLOBALFOUNDRIES Inc.,1.44,555185.0,,"stockanalysis.com (백업 소스, 운용사 EOD 데이터 재게시)",2026-07-09T06:30:47+00:00
2026-07-09,SOXQ,INTC,Intel Corporation,4.28,927354.0,,"stockanalysis.com (백업 소스, 운용사 EOD 데이터 재게시)",2026-07-09T06:30:47+00:00
2026-07-09,SOXQ,KLAC,KLA Corporation,4.87,553396.0,,"stockanalysis.com (백업 소스, 운용사 EOD 데이터 재게시)",2026-07-09T06:30:47+00:00
2026-07-09,SOXQ,LRCX,Lam Research Corporation,4.42,334233.0,,"stockanalysis.com (백업 소스, 운용사 EOD 데이터 재게시)",2026-07-09T06:30:47+00:00
2026-07-09,SOXQ,MCHP,Microchip Technology Incorporated,1.81,548124.0,,"stockanalysis.com (백업 소스, 운용사 EOD 데이터 재게시)",2026-07-09T06:30:47+00:00
2026-07-09,SOXQ,MPWR,"Monolithic Power Systems, Inc.",2.52,49676.0,,"stockanalysis.com (백업 소스, 운용사 EOD 데이터 재게시)",2026-07-09T06:30:47+00:00
2026-07-09,SOXQ,MRVL,"Marvell Technology, Inc.",4.88,518782.0,,"stockanalysis.com (백업 소스, 운용사 EOD 데이터 재게시)",2026-07-09T06:30:47+00:00
2026-07-09,SOXQ,MTSI,"MACOM Technology Solutions Holdings, Inc.",0.95,77144.0,,"stockanalysis.com (백업 소스, 운용사 EOD 데이터 재게시)",2026-07-09T06:30:47+00:00
2026-07-09,SOXQ,MU,"Micron Technology, Inc.",8.14,219051.0,,"stockanalysis.com (백업 소스, 운용사 EOD 데이터 재게시)",2026-07-09T06:30:47+00:00
2026-07-09,SOXQ,NVDA,NVIDIA Corporation,11.15,1511049.0,,"stockanalysis.com (백업 소스, 운용사 EOD 데이터 재게시)",2026-07-09T06:30:47+00:00
2026-07-09,SOXQ,NXPI,NXP Semiconductors N.V.,2.7,255300.0,,"stockanalysis.com (백업 소스, 운용사 EOD 데이터 재게시)",2026-07-09T06:30:47+00:00
2026-07-09,SOXQ,ON,ON Semiconductor Corporation,1.42,396282.0,,"stockanalysis.com (백업 소스, 운용사 EOD 데이터 재게시)",2026-07-09T06:30:47+00:00
2026-07-09,SOXQ,QCOM,QUALCOMM Incorporated,2.98,423670.0,,"stockanalysis.com (백업 소스, 운용사 EOD 데이터 재게시)",2026-07-09T06:30:47+00:00
2026-07-09,SOXQ,TER,"Teradyne, Inc.",2.27,158280.0,,"stockanalysis.com (백업 소스, 운용사 EOD 데이터 재게시)",2026-07-09T06:30:47+00:00
2026-07-09,SOXQ,TSM,Taiwan Semiconductor Manufacturing Company Limited,4.33,254154.0,,"stockanalysis.com (백업 소스, 운용사 EOD 데이터 재게시)",2026-07-09T06:30:47+00:00
2026-07-09,SOXQ,TXN,Texas Instruments Incorporated,3.99,347919.0,,"stockanalysis.com (백업 소스, 운용사 EOD 데이터 재게시)",2026-07-09T06:30:47+00:00
2026-07-09,SOXX,ADI,"Analog Devices, Inc.",3.83,4670460.0,,"stockanalysis.com (백업 소스, 운용사 EOD 데이터 재게시)",2026-07-09T06:30:47+00:00
2026-07-09,SOXX,ALAB,"Astera Labs, Inc.",2.78,3365317.0,,"stockanalysis.com (백업 소스, 운용사 EOD 데이터 재게시)",2026-07-09T06:30:47+00:00
2026-07-09,SOXX,AMAT,"Applied Materials, Inc.",5.15,4294646.0,,"stockanalysis.com (백업 소스, 운용사 EOD 데이터 재게시)",2026-07-09T06:30:47+00:00
2026-07-09,SOXX,AMD,"Advanced Micro Devices, Inc.",8.35,7490123.0,,"stockanalysis.com (백업 소스, 운용사 EOD 데이터 재게시)",2026-07-09T06:30:47+00:00
2026-07-09,SOXX,ASML,ASML Holding N.V.,2.35,622898.0,,"stockanalysis.com (백업 소스, 운용사 EOD 데이터 재게시)",2026-07-09T06:30:47+00:00
2026-07-09,SOXX,ASX,"ASE Technology Holding Co., Ltd.",1.24,14497078.0,,"stockanalysis.com (백업 소스, 운용사 EOD 데이터 재게시)",2026-07-09T06:30:47+00:00
2026-07-09,SOXX,AVGO,Broadcom Inc.,6.93,8652377.0,,"stockanalysis.com (백업 소스, 운용사 EOD 데이터 재게시)",2026-07-09T06:30:47+00:00
2026-07-09,SOXX,CRDO,Credo Technology Group Holding Ltd,2.12,3977734.0,,"stockanalysis.com (백업 소스, 운용사 EOD 데이터 재게시)",2026-07-09T06:30:47+00:00
2026-07-09,SOXX,ENTG,"Entegris, Inc.",1.06,3645191.0,,"stockanalysis.com (백업 소스, 운용사 EOD 데이터 재게시)",2026-07-09T06:30:47+00:00
2026-07-09,SOXX,INTC,Intel Corporation,5.82,24382845.0,,"stockanalysis.com (백업 소스, 운용사 EOD 데이터 재게시)",2026-07-09T06:30:47+00:00
2026-07-09,SOXX,KLAC,KLA Corporation,4.7,10057757.0,,"stockanalysis.com (백업 소스, 운용사 EOD 데이터 재게시)",2026-07-09T06:30:47+00:00
2026-07-09,SOXX,LRCX,Lam Research Corporation,4.28,6074635.0,,"stockanalysis.com (백업 소스, 운용사 EOD 데이터 재게시)",2026-07-09T06:30:47+00:00
2026-07-09,SOXX,MCHP,Microchip Technology Incorporated,2.32,12780879.0,,"stockanalysis.com (백업 소스, 운용사 EOD 데이터 재게시)",2026-07-09T06:30:47+00:00
2026-07-09,SOXX,MPWR,"Monolithic Power Systems, Inc.",3.13,1139338.0,,"stockanalysis.com (백업 소스, 운용사 EOD 데이터 재게시)",2026-07-09T06:30:47+00:00
2026-07-09,SOXX,MRVL,"Marvell Technology, Inc.",4.7,9428570.0,,"stockanalysis.com (백업 소스, 운용사 EOD 데이터 재게시)",2026-07-09T06:30:47+00:00
2026-07-09,SOXX,MTSI,"MACOM Technology Solutions Holdings, Inc.",1.09,1659442.0,,"stockanalysis.com (백업 소스, 운용사 EOD 데이터 재게시)",2026-07-09T06:30:47+00:00
2026-07-09,SOXX,MU,"Micron Technology, Inc.",8.07,3981075.0,,"stockanalysis.com (백업 소스, 운용사 EOD 데이터 재게시)",2026-07-09T06:30:47+00:00
2026-07-09,SOXX,NVDA,NVIDIA Corporation,7.79,18308416.0,,"stockanalysis.com (백업 소스, 운용사 EOD 데이터 재게시)",2026-07-09T06:30:47+00:00
2026-07-09,SOXX,NXPI,NXP Semiconductors N.V.,3.55,6014638.0,,"stockanalysis.com (백업 소스, 운용사 EOD 데이터 재게시)",2026-07-09T06:30:47+00:00
2026-07-09,SOXX,ON,ON Semiconductor Corporation,1.84,9369086.0,,"stockanalysis.com (백업 소스, 운용사 EOD 데이터 재게시)",2026-07-09T06:30:47+00:00
2026-07-09,SOXX,QCOM,QUALCOMM Incorporated,3.04,7699897.0,,"stockanalysis.com (백업 소스, 운용사 EOD 데이터 재게시)",2026-07-09T06:30:47+00:00
2026-07-09,SOXX,TER,"Teradyne, Inc.",2.77,3740364.0,,"stockanalysis.com (백업 소스, 운용사 EOD 데이터 재게시)",2026-07-09T06:30:47+00:00
2026-07-09,SOXX,TSM,Taiwan Semiconductor Manufacturing Company Limited,4.49,4801545.0,,"stockanalysis.com (백업 소스, 운용사 EOD 데이터 재게시)",2026-07-09T06:30:47+00:00
2026-07-09,SOXX,TXN,Texas Instruments Incorporated,4.01,6323066.0,,"stockanalysis.com (백업 소스, 운용사 EOD 데이터 재게시)",2026-07-09T06:30:47+00:00
2026-07-09,SOXX,UMC,United Microelectronics Corporation,1.03,20098052.0,,"stockanalysis.com (백업 소스, 운용사 EOD 데이터 재게시)",2026-07-09T06:30:47+00:00
2026-07-10,SMH,ADI,"Analog Devices, Inc.",4.23,7709527.0,,"stockanalysis.com (백업 소스, 운용사 EOD 데이터 재게시)",2026-07-10T06:29:58+00:00
2026-07-10,SMH,ALAB,"Astera Labs, Inc.",1.19,2019050.0,,"stockanalysis.com (백업 소스, 운용사 EOD 데이터 재게시)",2026-07-10T06:29:58+00:00
2026-07-10,SMH,AMAT,"Applied Materials, Inc.",5.33,6077118.0,,"stockanalysis.com (백업 소스, 운용사 EOD 데이터 재게시)",2026-07-10T06:29:58+00:00
2026-07-10,SMH,AMD,"Advanced Micro Devices, Inc.",5.58,7418187.0,,"stockanalysis.com (백업 소스, 운용사 EOD 데이터 재게시)",2026-07-10T06:29:58+00:00
2026-07-10,SMH,ARM,Arm Holdings plc,1.15,2516244.0,,"stockanalysis.com (백업 소스, 운용사 EOD 데이터 재게시)",2026-07-10T06:29:58+00:00
2026-07-10,SMH,ASML,ASML Holding N.V.,4.99,1939606.0,,"stockanalysis.com (백업 소스, 운용사 EOD 데이터 재게시)",2026-07-10T06:29:58+00:00
2026-07-10,SMH,AVGO,Broadcom Inc.,5.61,10700777.0,,"stockanalysis.com (백업 소스, 운용사 EOD 데이터 재게시)",2026-07-10T06:29:58+00:00
2026-07-10,SMH,CDNS,"Cadence Design Systems, Inc.",2.38,4386021.0,,"stockanalysis.com (백업 소스, 운용사 EOD 데이터 재게시)",2026-07-10T06:29:58+00:00
2026-07-10,SMH,INTC,Intel Corporation,4.88,27912003.0,,"stockanalysis.com (백업 소스, 운용사 EOD 데이터 재게시)",2026-07-10T06:29:58+00:00
2026-07-10,SMH,KLAC,KLA Corporation,4.73,13802186.0,,"stockanalysis.com (백업 소스, 운용사 EOD 데이터 재게시)",2026-07-10T06:29:58+00:00
2026-07-10,SMH,LRCX,Lam Research Corporation,4.68,9159847.0,,"stockanalysis.com (백업 소스, 운용사 EOD 데이터 재게시)",2026-07-10T06:29:58+00:00
2026-07-10,SMH,MCHP,Microchip Technology Incorporated,0.93,7538747.0,,"stockanalysis.com (백업 소스, 운용사 EOD 데이터 재게시)",2026-07-10T06:29:58+00:00
2026-07-10,SMH,MPWR,"Monolithic Power Systems, Inc.",1.26,675162.0,,"stockanalysis.com (백업 소스, 운용사 EOD 데이터 재게시)",2026-07-10T06:29:58+00:00
2026-07-10,SMH,MRVL,"Marvell Technology, Inc.",4.27,11985054.0,,"stockanalysis.com (백업 소스, 운용사 EOD 데이터 재게시)",2026-07-10T06:29:58+00:00
2026-07-10,SMH,MU,"Micron Technology, Inc.",5.34,3762838.0,,"stockanalysis.com (백업 소스, 운용사 EOD 데이터 재게시)",2026-07-10T06:29:58+00:00
2026-07-10,SMH,NVDA,NVIDIA Corporation,19.01,67132346.0,,"stockanalysis.com (백업 소스, 운용사 EOD 데이터 재게시)",2026-07-10T06:29:58+00:00
2026-07-10,SMH,NXPI,NXP Semiconductors N.V.,1.24,3122625.0,,"stockanalysis.com (백업 소스, 운용사 EOD 데이터 재게시)",2026-07-10T06:29:58+00:00
2026-07-10,SMH,ON,ON Semiconductor Corporation,0.62,4682555.0,,"stockanalysis.com (백업 소스, 운용사 EOD 데이터 재게시)",2026-07-10T06:29:58+00:00
2026-07-10,SMH,QCOM,QUALCOMM Incorporated,3.97,15483836.0,,"stockanalysis.com (백업 소스, 운용사 EOD 데이터 재게시)",2026-07-10T06:29:58+00:00
2026-07-10,SMH,SNPS,"Synopsys, Inc.",1.95,3075477.0,,"stockanalysis.com (백업 소스, 운용사 EOD 데이터 재게시)",2026-07-10T06:29:58+00:00
2026-07-10,SMH,STM,STMicroelectronics N.V.,1.28,12881054.0,,"stockanalysis.com (백업 소스, 운용사 EOD 데이터 재게시)",2026-07-10T06:29:58+00:00
2026-07-10,SMH,SWKS,"Skyworks Solutions, Inc.",0.16,1797082.0,,"stockanalysis.com (백업 소스, 운용사 EOD 데이터 재게시)",2026-07-10T06:29:58+00:00
2026-07-10,SMH,TER,"Teradyne, Inc.",1.27,2366409.0,,"stockanalysis.com (백업 소스, 운용사 EOD 데이터 재게시)",2026-07-10T06:29:58+00:00
2026-07-10,SMH,TSM,Taiwan Semiconductor Manufacturing Company Limited,9.4,14889948.0,,"stockanalysis.com (백업 소스, 운용사 EOD 데이터 재게시)",2026-07-10T06:29:58+00:00
2026-07-10,SMH,TXN,Texas Instruments Incorporated,4.56,10710296.0,,"stockanalysis.com (백업 소스, 운용사 EOD 데이터 재게시)",2026-07-10T06:29:58+00:00
2026-07-10,SOXQ,ADI,"Analog Devices, Inc.",3.77,256973.0,,"stockanalysis.com (백업 소스, 운용사 EOD 데이터 재게시)",2026-07-10T06:29:58+00:00
2026-07-10,SOXQ,ALAB,"Astera Labs, Inc.",2.83,173324.0,,"stockanalysis.com (백업 소스, 운용사 EOD 데이터 재게시)",2026-07-10T06:29:58+00:00
2026-07-10,SOXQ,AMAT,"Applied Materials, Inc.",5.29,236293.0,,"stockanalysis.com (백업 소스, 운용사 EOD 데이터 재게시)",2026-07-10T06:29:58+00:00
2026-07-10,SOXQ,AMD,"Advanced Micro Devices, Inc.",4.29,206061.0,,"stockanalysis.com (백업 소스, 운용사 EOD 데이터 재게시)",2026-07-10T06:29:58+00:00
2026-07-10,SOXQ,ARM,Arm Holdings plc,1.74,142927.0,,"stockanalysis.com (백업 소스, 운용사 EOD 데이터 재게시)",2026-07-10T06:29:58+00:00
2026-07-10,SOXQ,ASML,ASML Holding N.V.,4.54,65954.0,,"stockanalysis.com (백업 소스, 운용사 EOD 데이터 재게시)",2026-07-10T06:29:58+00:00
2026-07-10,SOXQ,AVGO,Broadcom Inc.,8.4,595090.0,,"stockanalysis.com (백업 소스, 운용사 EOD 데이터 재게시)",2026-07-10T06:29:58+00:00
2026-07-10,SOXQ,COHR,Coherent Corp.,2.51,197834.0,,"stockanalysis.com (백업 소스, 운용사 EOD 데이터 재게시)",2026-07-10T06:29:58+00:00
2026-07-10,SOXQ,CRDO,Credo Technology Group Holding Ltd,1.87,186508.0,,"stockanalysis.com (백업 소스, 운용사 EOD 데이터 재게시)",2026-07-10T06:29:58+00:00
2026-07-10,SOXQ,GFS,GLOBALFOUNDRIES Inc.,1.44,555185.0,,"stockanalysis.com (백업 소스, 운용사 EOD 데이터 재게시)",2026-07-10T06:29:58+00:00
2026-07-10,SOXQ,INTC,Intel Corporation,4.28,927354.0,,"stockanalysis.com (백업 소스, 운용사 EOD 데이터 재게시)",2026-07-10T06:29:58+00:00
2026-07-10,SOXQ,KLAC,KLA Corporation,4.87,553396.0,,"stockanalysis.com (백업 소스, 운용사 EOD 데이터 재게시)",2026-07-10T06:29:58+00:00
2026-07-10,SOXQ,LRCX,Lam Research Corporation,4.42,334233.0,,"stockanalysis.com (백업 소스, 운용사 EOD 데이터 재게시)",2026-07-10T06:29:58+00:00
2026-07-10,SOXQ,MCHP,Microchip Technology Incorporated,1.81,548124.0,,"stockanalysis.com (백업 소스, 운용사 EOD 데이터 재게시)",2026-07-10T06:29:58+00:00
2026-07-10,SOXQ,MPWR,"Monolithic Power Systems, Inc.",2.52,49676.0,,"stockanalysis.com (백업 소스, 운용사 EOD 데이터 재게시)",2026-07-10T06:29:58+00:00
2026-07-10,SOXQ,MRVL,"Marvell Technology, Inc.",4.88,518782.0,,"stockanalysis.com (백업 소스, 운용사 EOD 데이터 재게시)",2026-07-10T06:29:58+00:00
2026-07-10,SOXQ,MTSI,"MACOM Technology Solutions Holdings, Inc.",0.95,77144.0,,"stockanalysis.com (백업 소스, 운용사 EOD 데이터 재게시)",2026-07-10T06:29:58+00:00
2026-07-10,SOXQ,MU,"Micron Technology, Inc.",8.14,219051.0,,"stockanalysis.com (백업 소스, 운용사 EOD 데이터 재게시)",2026-07-10T06:29:58+00:00
2026-07-10,SOXQ,NVDA,NVIDIA Corporation,11.15,1511049.0,,"stockanalysis.com (백업 소스, 운용사 EOD 데이터 재게시)",2026-07-10T06:29:58+00:00
2026-07-10,SOXQ,NXPI,NXP Semiconductors N.V.,2.7,255300.0,,"stockanalysis.com (백업 소스, 운용사 EOD 데이터 재게시)",2026-07-10T06:29:58+00:00
2026-07-10,SOXQ,ON,ON Semiconductor Corporation,1.42,396282.0,,"stockanalysis.com (백업 소스, 운용사 EOD 데이터 재게시)",2026-07-10T06:29:58+00:00
2026-07-10,SOXQ,QCOM,QUALCOMM Incorporated,2.98,423670.0,,"stockanalysis.com (백업 소스, 운용사 EOD 데이터 재게시)",2026-07-10T06:29:58+00:00
2026-07-10,SOXQ,TER,"Teradyne, Inc.",2.27,158280.0,,"stockanalysis.com (백업 소스, 운용사 EOD 데이터 재게시)",2026-07-10T06:29:58+00:00
2026-07-10,SOXQ,TSM,Taiwan Semiconductor Manufacturing Company Limited,4.33,254154.0,,"stockanalysis.com (백업 소스, 운용사 EOD 데이터 재게시)",2026-07-10T06:29:58+00:00
2026-07-10,SOXQ,TXN,Texas Instruments Incorporated,3.99,347919.0,,"stockanalysis.com (백업 소스, 운용사 EOD 데이터 재게시)",2026-07-10T06:29:58+00:00
2026-07-10,SOXX,ADI,"Analog Devices, Inc.",3.83,4670460.0,,"stockanalysis.com (백업 소스, 운용사 EOD 데이터 재게시)",2026-07-10T06:29:58+00:00
2026-07-10,SOXX,ALAB,"Astera Labs, Inc.",2.78,3365317.0,,"stockanalysis.com (백업 소스, 운용사 EOD 데이터 재게시)",2026-07-10T06:29:58+00:00
2026-07-10,SOXX,AMAT,"Applied Materials, Inc.",5.15,4294646.0,,"stockanalysis.com (백업 소스, 운용사 EOD 데이터 재게시)",2026-07-10T06:29:58+00:00
2026-07-10,SOXX,AMD,"Advanced Micro Devices, Inc.",8.35,7490123.0,,"stockanalysis.com (백업 소스, 운용사 EOD 데이터 재게시)",2026-07-10T06:29:58+00:00
2026-07-10,SOXX,ASML,ASML Holding N.V.,2.35,622898.0,,"stockanalysis.com (백업 소스, 운용사 EOD 데이터 재게시)",2026-07-10T06:29:58+00:00
2026-07-10,SOXX,ASX,"ASE Technology Holding Co., Ltd.",1.24,14497078.0,,"stockanalysis.com (백업 소스, 운용사 EOD 데이터 재게시)",2026-07-10T06:29:58+00:00
2026-07-10,SOXX,AVGO,Broadcom Inc.,6.93,8652377.0,,"stockanalysis.com (백업 소스, 운용사 EOD 데이터 재게시)",2026-07-10T06:29:58+00:00
2026-07-10,SOXX,CRDO,Credo Technology Group Holding Ltd,2.12,3977734.0,,"stockanalysis.com (백업 소스, 운용사 EOD 데이터 재게시)",2026-07-10T06:29:58+00:00
2026-07-10,SOXX,ENTG,"Entegris, Inc.",1.06,3645191.0,,"stockanalysis.com (백업 소스, 운용사 EOD 데이터 재게시)",2026-07-10T06:29:58+00:00
2026-07-10,SOXX,INTC,Intel Corporation,5.82,24382845.0,,"stockanalysis.com (백업 소스, 운용사 EOD 데이터 재게시)",2026-07-10T06:29:58+00:00
2026-07-10,SOXX,KLAC,KLA Corporation,4.7,10057757.0,,"stockanalysis.com (백업 소스, 운용사 EOD 데이터 재게시)",2026-07-10T06:29:58+00:00
2026-07-10,SOXX,LRCX,Lam Research Corporation,4.28,6074635.0,,"stockanalysis.com (백업 소스, 운용사 EOD 데이터 재게시)",2026-07-10T06:29:58+00:00
2026-07-10,SOXX,MCHP,Microchip Technology Incorporated,2.32,12780879.0,,"stockanalysis.com (백업 소스, 운용사 EOD 데이터 재게시)",2026-07-10T06:29:58+00:00
2026-07-10,SOXX,MPWR,"Monolithic Power Systems, Inc.",3.13,1139338.0,,"stockanalysis.com (백업 소스, 운용사 EOD 데이터 재게시)",2026-07-10T06:29:58+00:00
2026-07-10,SOXX,MRVL,"Marvell Technology, Inc.",4.7,9428570.0,,"stockanalysis.com (백업 소스, 운용사 EOD 데이터 재게시)",2026-07-10T06:29:58+00:00
2026-07-10,SOXX,MTSI,"MACOM Technology Solutions Holdings, Inc.",1.09,1659442.0,,"stockanalysis.com (백업 소스, 운용사 EOD 데이터 재게시)",2026-07-10T06:29:58+00:00
2026-07-10,SOXX,MU,"Micron Technology, Inc.",8.07,3981075.0,,"stockanalysis.com (백업 소스, 운용사 EOD 데이터 재게시)",2026-07-10T06:29:58+00:00
2026-07-10,SOXX,NVDA,NVIDIA Corporation,7.79,18308416.0,,"stockanalysis.com (백업 소스, 운용사 EOD 데이터 재게시)",2026-07-10T06:29:58+00:00
2026-07-10,SOXX,NXPI,NXP Semiconductors N.V.,3.55,6014638.0,,"stockanalysis.com (백업 소스, 운용사 EOD 데이터 재게시)",2026-07-10T06:29:58+00:00
2026-07-10,SOXX,ON,ON Semiconductor Corporation,1.84,9369086.0,,"stockanalysis.com (백업 소스, 운용사 EOD 데이터 재게시)",2026-07-10T06:29:58+00:00
2026-07-10,SOXX,QCOM,QUALCOMM Incorporated,3.04,7699897.0,,"stockanalysis.com (백업 소스, 운용사 EOD 데이터 재게시)",2026-07-10T06:29:58+00:00
2026-07-10,SOXX,TER,"Teradyne, Inc.",2.77,3740364.0,,"stockanalysis.com (백업 소스, 운용사 EOD 데이터 재게시)",2026-07-10T06:29:58+00:00
2026-07-10,SOXX,TSM,Taiwan Semiconductor Manufacturing Company Limited,4.49,4801545.0,,"stockanalysis.com (백업 소스, 운용사 EOD 데이터 재게시)",2026-07-10T06:29:58+00:00
2026-07-10,SOXX,TXN,Texas Instruments Incorporated,4.01,6323066.0,,"stockanalysis.com (백업 소스, 운용사 EOD 데이터 재게시)",2026-07-10T06:29:58+00:00
2026-07-10,SOXX,UMC,United Microelectronics Corporation,1.03,20098052.0,,"stockanalysis.com (백업 소스, 운용사 EOD 데이터 재게시)",2026-07-10T06:29:58+00:00
2026-07-11,SMH,ADI,"Analog Devices, Inc.",4.23,7709527.0,,"stockanalysis.com (백업 소스, 운용사 EOD 데이터 재게시)",2026-07-11T05:29:42+00:00
2026-07-11,SMH,ALAB,"Astera Labs, Inc.",1.19,2019050.0,,"stockanalysis.com (백업 소스, 운용사 EOD 데이터 재게시)",2026-07-11T05:29:42+00:00
2026-07-11,SMH,AMAT,"Applied Materials, Inc.",5.33,6077118.0,,"stockanalysis.com (백업 소스, 운용사 EOD 데이터 재게시)",2026-07-11T05:29:42+00:00
2026-07-11,SMH,AMD,"Advanced Micro Devices, Inc.",5.58,7418187.0,,"stockanalysis.com (백업 소스, 운용사 EOD 데이터 재게시)",2026-07-11T05:29:42+00:00
2026-07-11,SMH,ARM,Arm Holdings plc,1.15,2516244.0,,"stockanalysis.com (백업 소스, 운용사 EOD 데이터 재게시)",2026-07-11T05:29:42+00:00
2026-07-11,SMH,ASML,ASML Holding N.V.,4.99,1939606.0,,"stockanalysis.com (백업 소스, 운용사 EOD 데이터 재게시)",2026-07-11T05:29:42+00:00
2026-07-11,SMH,AVGO,Broadcom Inc.,5.61,10700777.0,,"stockanalysis.com (백업 소스, 운용사 EOD 데이터 재게시)",2026-07-11T05:29:42+00:00
2026-07-11,SMH,CDNS,"Cadence Design Systems, Inc.",2.38,4386021.0,,"stockanalysis.com (백업 소스, 운용사 EOD 데이터 재게시)",2026-07-11T05:29:42+00:00
2026-07-11,SMH,INTC,Intel Corporation,4.88,27912003.0,,"stockanalysis.com (백업 소스, 운용사 EOD 데이터 재게시)",2026-07-11T05:29:42+00:00
2026-07-11,SMH,KLAC,KLA Corporation,4.73,13802186.0,,"stockanalysis.com (백업 소스, 운용사 EOD 데이터 재게시)",2026-07-11T05:29:42+00:00
2026-07-11,SMH,LRCX,Lam Research Corporation,4.68,9159847.0,,"stockanalysis.com (백업 소스, 운용사 EOD 데이터 재게시)",2026-07-11T05:29:42+00:00
2026-07-11,SMH,MCHP,Microchip Technology Incorporated,0.93,7538747.0,,"stockanalysis.com (백업 소스, 운용사 EOD 데이터 재게시)",2026-07-11T05:29:42+00:00
2026-07-11,SMH,MPWR,"Monolithic Power Systems, Inc.",1.26,675162.0,,"stockanalysis.com (백업 소스, 운용사 EOD 데이터 재게시)",2026-07-11T05:29:42+00:00
2026-07-11,SMH,MRVL,"Marvell Technology, Inc.",4.27,11985054.0,,"stockanalysis.com (백업 소스, 운용사 EOD 데이터 재게시)",2026-07-11T05:29:42+00:00
2026-07-11,SMH,MU,"Micron Technology, Inc.",5.34,3762838.0,,"stockanalysis.com (백업 소스, 운용사 EOD 데이터 재게시)",2026-07-11T05:29:42+00:00
2026-07-11,SMH,NVDA,NVIDIA Corporation,19.01,67132346.0,,"stockanalysis.com (백업 소스, 운용사 EOD 데이터 재게시)",2026-07-11T05:29:42+00:00
2026-07-11,SMH,NXPI,NXP Semiconductors N.V.,1.24,3122625.0,,"stockanalysis.com (백업 소스, 운용사 EOD 데이터 재게시)",2026-07-11T05:29:42+00:00
2026-07-11,SMH,ON,ON Semiconductor Corporation,0.62,4682555.0,,"stockanalysis.com (백업 소스, 운용사 EOD 데이터 재게시)",2026-07-11T05:29:42+00:00
2026-07-11,SMH,QCOM,QUALCOMM Incorporated,3.97,15483836.0,,"stockanalysis.com (백업 소스, 운용사 EOD 데이터 재게시)",2026-07-11T05:29:42+00:00
2026-07-11,SMH,SNPS,"Synopsys, Inc.",1.95,3075477.0,,"stockanalysis.com (백업 소스, 운용사 EOD 데이터 재게시)",2026-07-11T05:29:42+00:00
2026-07-11,SMH,STM,STMicroelectronics N.V.,1.28,12881054.0,,"stockanalysis.com (백업 소스, 운용사 EOD 데이터 재게시)",2026-07-11T05:29:42+00:00
2026-07-11,SMH,SWKS,"Skyworks Solutions, Inc.",0.16,1797082.0,,"stockanalysis.com (백업 소스, 운용사 EOD 데이터 재게시)",2026-07-11T05:29:42+00:00
2026-07-11,SMH,TER,"Teradyne, Inc.",1.27,2366409.0,,"stockanalysis.com (백업 소스, 운용사 EOD 데이터 재게시)",2026-07-11T05:29:42+00:00
2026-07-11,SMH,TSM,Taiwan Semiconductor Manufacturing Company Limited,9.4,14889948.0,,"stockanalysis.com (백업 소스, 운용사 EOD 데이터 재게시)",2026-07-11T05:29:42+00:00
2026-07-11,SMH,TXN,Texas Instruments Incorporated,4.56,10710296.0,,"stockanalysis.com (백업 소스, 운용사 EOD 데이터 재게시)",2026-07-11T05:29:42+00:00
2026-07-11,SOXQ,ADI,"Analog Devices, Inc.",3.8,248305.0,,"stockanalysis.com (백업 소스, 운용사 EOD 데이터 재게시)",2026-07-11T05:29:42+00:00
2026-07-11,SOXQ,ALAB,"Astera Labs, Inc.",2.72,167472.0,,"stockanalysis.com (백업 소스, 운용사 EOD 데이터 재게시)",2026-07-11T05:29:42+00:00
2026-07-11,SOXQ,AMAT,"Applied Materials, Inc.",5.23,228329.0,,"stockanalysis.com (백업 소스, 운용사 EOD 데이터 재게시)",2026-07-11T05:29:42+00:00
2026-07-11,SOXQ,AMD,"Advanced Micro Devices, Inc.",4.23,199109.0,,"stockanalysis.com (백업 소스, 운용사 EOD 데이터 재게시)",2026-07-11T05:29:42+00:00
2026-07-11,SOXQ,ARM,Arm Holdings plc,1.76,138087.0,,"stockanalysis.com (백업 소스, 운용사 EOD 데이터 재게시)",2026-07-11T05:29:42+00:00
2026-07-11,SOXQ,ASML,ASML Holding N.V.,4.47,63710.0,,"stockanalysis.com (백업 소스, 운용사 EOD 데이터 재게시)",2026-07-11T05:29:42+00:00
2026-07-11,SOXQ,AVGO,Broadcom Inc.,8.97,575026.0,,"stockanalysis.com (백업 소스, 운용사 EOD 데이터 재게시)",2026-07-11T05:29:42+00:00
2026-07-11,SOXQ,COHR,Coherent Corp.,2.43,191146.0,,"stockanalysis.com (백업 소스, 운용사 EOD 데이터 재게시)",2026-07-11T05:29:42+00:00
2026-07-11,SOXQ,CRDO,Credo Technology Group Holding Ltd,1.86,180216.0,,"stockanalysis.com (백업 소스, 운용사 EOD 데이터 재게시)",2026-07-11T05:29:42+00:00
2026-07-11,SOXQ,GFS,GLOBALFOUNDRIES Inc.,1.45,536485.0,,"stockanalysis.com (백업 소스, 운용사 EOD 데이터 재게시)",2026-07-11T05:29:42+00:00
2026-07-11,SOXQ,INTC,Intel Corporation,3.92,896070.0,,"stockanalysis.com (백업 소스, 운용사 EOD 데이터 재게시)",2026-07-11T05:29:42+00:00
2026-07-11,SOXQ,KLAC,KLA Corporation,4.77,534740.0,,"stockanalysis.com (백업 소스, 운용사 EOD 데이터 재게시)",2026-07-11T05:29:42+00:00
2026-07-11,SOXQ,LRCX,Lam Research Corporation,4.43,322969.0,,"stockanalysis.com (백업 소스, 운용사 EOD 데이터 재게시)",2026-07-11T05:29:42+00:00
2026-07-11,SOXQ,MCHP,Microchip Technology Incorporated,1.82,529644.0,,"stockanalysis.com (백업 소스, 운용사 EOD 데이터 재게시)",2026-07-11T05:29:42+00:00
2026-07-11,SOXQ,MPWR,"Monolithic Power Systems, Inc.",2.56,48004.0,,"stockanalysis.com (백업 소스, 운용사 EOD 데이터 재게시)",2026-07-11T05:29:42+00:00
2026-07-11,SOXQ,MRVL,"Marvell Technology, Inc.",4.74,501270.0,,"stockanalysis.com (백업 소스, 운용사 EOD 데이터 재게시)",2026-07-11T05:29:42+00:00
2026-07-11,SOXQ,MTSI,"MACOM Technology Solutions Holdings, Inc.",0.92,74548.0,,"stockanalysis.com (백업 소스, 운용사 EOD 데이터 재게시)",2026-07-11T05:29:42+00:00
2026-07-11,SOXQ,MU,"Micron Technology, Inc.",8.16,211659.0,,"stockanalysis.com (백업 소스, 운용사 EOD 데이터 재게시)",2026-07-11T05:29:42+00:00
2026-07-11,SOXQ,NVDA,NVIDIA Corporation,11.51,1460097.0,,"stockanalysis.com (백업 소스, 운용사 EOD 데이터 재게시)",2026-07-11T05:29:42+00:00
2026-07-11,SOXQ,NXPI,NXP Semiconductors N.V.,2.79,246676.0,,"stockanalysis.com (백업 소스, 운용사 EOD 데이터 재게시)",2026-07-11T05:29:42+00:00
2026-07-11,SOXQ,ON,ON Semiconductor Corporation,1.46,382906.0,,"stockanalysis.com (백업 소스, 운용사 EOD 데이터 재게시)",2026-07-11T05:29:42+00:00
2026-07-11,SOXQ,QCOM,QUALCOMM Incorporated,3.04,409370.0,,"stockanalysis.com (백업 소스, 운용사 EOD 데이터 재게시)",2026-07-11T05:29:42+00:00
2026-07-11,SOXQ,TER,"Teradyne, Inc.",2.16,152956.0,,"stockanalysis.com (백업 소스, 운용사 EOD 데이터 재게시)",2026-07-11T05:29:42+00:00
2026-07-11,SOXQ,TSM,Taiwan Semiconductor Manufacturing Company Limited,4.17,245574.0,,"stockanalysis.com (백업 소스, 운용사 EOD 데이터 재게시)",2026-07-11T05:29:42+00:00
2026-07-11,SOXQ,TXN,Texas Instruments Incorporated,4.03,336171.0,,"stockanalysis.com (백업 소스, 운용사 EOD 데이터 재게시)",2026-07-11T05:29:42+00:00
2026-07-11,SOXX,ADI,"Analog Devices, Inc.",3.77,4556398.0,,"stockanalysis.com (백업 소스, 운용사 EOD 데이터 재게시)",2026-07-11T05:29:42+00:00
2026-07-11,SOXX,ALAB,"Astera Labs, Inc.",2.88,3283153.0,,"stockanalysis.com (백업 소스, 운용사 EOD 데이터 재게시)",2026-07-11T05:29:42+00:00
2026-07-11,SOXX,AMAT,"Applied Materials, Inc.",5.18,4189768.0,,"stockanalysis.com (백업 소스, 운용사 EOD 데이터 재게시)",2026-07-11T05:29:42+00:00
2026-07-11,SOXX,AMD,"Advanced Micro Devices, Inc.",8.39,7307222.0,,"stockanalysis.com (백업 소스, 운용사 EOD 데이터 재게시)",2026-07-11T05:29:42+00:00
2026-07-11,SOXX,ASML,ASML Holding N.V.,2.3,607687.0,,"stockanalysis.com (백업 소스, 운용사 EOD 데이터 재게시)",2026-07-11T05:29:42+00:00
2026-07-11,SOXX,ASX,"ASE Technology Holding Co., Ltd.",1.28,14143084.0,,"stockanalysis.com (백업 소스, 운용사 EOD 데이터 재게시)",2026-07-11T05:29:42+00:00
2026-07-11,SOXX,AVGO,Broadcom Inc.,7.11,8441104.0,,"stockanalysis.com (백업 소스, 운용사 EOD 데이터 재게시)",2026-07-11T05:29:42+00:00
2026-07-11,SOXX,CRDO,Credo Technology Group Holding Ltd,2.16,3880605.0,,"stockanalysis.com (백업 소스, 운용사 EOD 데이터 재게시)",2026-07-11T05:29:42+00:00
2026-07-11,SOXX,ENTG,"Entegris, Inc.",1.09,3556180.0,,"stockanalysis.com (백업 소스, 운용사 EOD 데이터 재게시)",2026-07-11T05:29:42+00:00
2026-07-11,SOXX,INTC,Intel Corporation,5.62,23787443.0,,"stockanalysis.com (백업 소스, 운용사 EOD 데이터 재게시)",2026-07-11T05:29:42+00:00
2026-07-11,SOXX,KLAC,KLA Corporation,4.73,9812167.0,,"stockanalysis.com (백업 소스, 운용사 EOD 데이터 재게시)",2026-07-11T05:29:42+00:00
2026-07-11,SOXX,LRCX,Lam Research Corporation,4.39,5926297.0,,"stockanalysis.com (백업 소스, 운용사 EOD 데이터 재게시)",2026-07-11T05:29:42+00:00
2026-07-11,SOXX,MCHP,Microchip Technology Incorporated,2.31,12468787.0,,"stockanalysis.com (백업 소스, 운용사 EOD 데이터 재게시)",2026-07-11T05:29:42+00:00
2026-07-11,SOXX,MPWR,"Monolithic Power Systems, Inc.",3.21,1111499.0,,"stockanalysis.com (백업 소스, 운용사 EOD 데이터 재게시)",2026-07-11T05:29:42+00:00
2026-07-11,SOXX,MRVL,"Marvell Technology, Inc.",4.7,9198314.0,,"stockanalysis.com (백업 소스, 운용사 EOD 데이터 재게시)",2026-07-11T05:29:42+00:00
2026-07-11,SOXX,MTSI,"MACOM Technology Solutions Holdings, Inc.",1.08,1618934.0,,"stockanalysis.com (백업 소스, 운용사 EOD 데이터 재게시)",2026-07-11T05:29:42+00:00
2026-07-11,SOXX,MU,"Micron Technology, Inc.",8.09,3883864.0,,"stockanalysis.com (백업 소스, 운용사 EOD 데이터 재게시)",2026-07-11T05:29:42+00:00
2026-07-11,SOXX,NVDA,NVIDIA Corporation,7.6,17861352.0,,"stockanalysis.com (백업 소스, 운용사 EOD 데이터 재게시)",2026-07-11T05:29:42+00:00
2026-07-11,SOXX,NXPI,NXP Semiconductors N.V.,3.58,5867776.0,,"stockanalysis.com (백업 소스, 운용사 EOD 데이터 재게시)",2026-07-11T05:29:42+00:00
2026-07-11,SOXX,ON,ON Semiconductor Corporation,1.88,9140306.0,,"stockanalysis.com (백업 소스, 운용사 EOD 데이터 재게시)",2026-07-11T05:29:42+00:00
2026-07-11,SOXX,QCOM,QUALCOMM Incorporated,3.01,7511871.0,,"stockanalysis.com (백업 소스, 운용사 EOD 데이터 재게시)",2026-07-11T05:29:42+00:00
2026-07-11,SOXX,TER,"Teradyne, Inc.",2.78,3649016.0,,"stockanalysis.com (백업 소스, 운용사 EOD 데이터 재게시)",2026-07-11T05:29:42+00:00
2026-07-11,SOXX,TSM,Taiwan Semiconductor Manufacturing Company Limited,4.3,4684285.0,,"stockanalysis.com (백업 소스, 운용사 EOD 데이터 재게시)",2026-07-11T05:29:42+00:00
2026-07-11,SOXX,TXN,Texas Instruments Incorporated,4.0,6168660.0,,"stockanalysis.com (백업 소스, 운용사 EOD 데이터 재게시)",2026-07-11T05:29:42+00:00
2026-07-11,SOXX,UMC,United Microelectronics Corporation,1.02,19607282.0,,"stockanalysis.com (백업 소스, 운용사 EOD 데이터 재게시)",2026-07-11T05:29:42+00:00
2026-07-12,SMH,ADI,"Analog Devices, Inc.",4.23,7709527.0,,"stockanalysis.com (백업 소스, 운용사 EOD 데이터 재게시)",2026-07-12T05:45:18+00:00
2026-07-12,SMH,ALAB,"Astera Labs, Inc.",1.19,2019050.0,,"stockanalysis.com (백업 소스, 운용사 EOD 데이터 재게시)",2026-07-12T05:45:18+00:00
2026-07-12,SMH,AMAT,"Applied Materials, Inc.",5.33,6077118.0,,"stockanalysis.com (백업 소스, 운용사 EOD 데이터 재게시)",2026-07-12T05:45:18+00:00
2026-07-12,SMH,AMD,"Advanced Micro Devices, Inc.",5.58,7418187.0,,"stockanalysis.com (백업 소스, 운용사 EOD 데이터 재게시)",2026-07-12T05:45:18+00:00
2026-07-12,SMH,ARM,Arm Holdings plc,1.15,2516244.0,,"stockanalysis.com (백업 소스, 운용사 EOD 데이터 재게시)",2026-07-12T05:45:18+00:00
2026-07-12,SMH,ASML,ASML Holding N.V.,4.99,1939606.0,,"stockanalysis.com (백업 소스, 운용사 EOD 데이터 재게시)",2026-07-12T05:45:18+00:00
2026-07-12,SMH,AVGO,Broadcom Inc.,5.61,10700777.0,,"stockanalysis.com (백업 소스, 운용사 EOD 데이터 재게시)",2026-07-12T05:45:18+00:00
2026-07-12,SMH,CDNS,"Cadence Design Systems, Inc.",2.38,4386021.0,,"stockanalysis.com (백업 소스, 운용사 EOD 데이터 재게시)",2026-07-12T05:45:18+00:00
2026-07-12,SMH,INTC,Intel Corporation,4.88,27912003.0,,"stockanalysis.com (백업 소스, 운용사 EOD 데이터 재게시)",2026-07-12T05:45:18+00:00
2026-07-12,SMH,KLAC,KLA Corporation,4.73,13802186.0,,"stockanalysis.com (백업 소스, 운용사 EOD 데이터 재게시)",2026-07-12T05:45:18+00:00
2026-07-12,SMH,LRCX,Lam Research Corporation,4.68,9159847.0,,"stockanalysis.com (백업 소스, 운용사 EOD 데이터 재게시)",2026-07-12T05:45:18+00:00
2026-07-12,SMH,MCHP,Microchip Technology Incorporated,0.93,7538747.0,,"stockanalysis.com (백업 소스, 운용사 EOD 데이터 재게시)",2026-07-12T05:45:18+00:00
2026-07-12,SMH,MPWR,"Monolithic Power Systems, Inc.",1.26,675162.0,,"stockanalysis.com (백업 소스, 운용사 EOD 데이터 재게시)",2026-07-12T05:45:18+00:00
2026-07-12,SMH,MRVL,"Marvell Technology, Inc.",4.27,11985054.0,,"stockanalysis.com (백업 소스, 운용사 EOD 데이터 재게시)",2026-07-12T05:45:18+00:00
2026-07-12,SMH,MU,"Micron Technology, Inc.",5.34,3762838.0,,"stockanalysis.com (백업 소스, 운용사 EOD 데이터 재게시)",2026-07-12T05:45:18+00:00
2026-07-12,SMH,NVDA,NVIDIA Corporation,19.01,67132346.0,,"stockanalysis.com (백업 소스, 운용사 EOD 데이터 재게시)",2026-07-12T05:45:18+00:00
2026-07-12,SMH,NXPI,NXP Semiconductors N.V.,1.24,3122625.0,,"stockanalysis.com (백업 소스, 운용사 EOD 데이터 재게시)",2026-07-12T05:45:18+00:00
2026-07-12,SMH,ON,ON Semiconductor Corporation,0.62,4682555.0,,"stockanalysis.com (백업 소스, 운용사 EOD 데이터 재게시)",2026-07-12T05:45:18+00:00
2026-07-12,SMH,QCOM,QUALCOMM Incorporated,3.97,15483836.0,,"stockanalysis.com (백업 소스, 운용사 EOD 데이터 재게시)",2026-07-12T05:45:18+00:00
2026-07-12,SMH,SNPS,"Synopsys, Inc.",1.95,3075477.0,,"stockanalysis.com (백업 소스, 운용사 EOD 데이터 재게시)",2026-07-12T05:45:18+00:00
2026-07-12,SMH,STM,STMicroelectronics N.V.,1.28,12881054.0,,"stockanalysis.com (백업 소스, 운용사 EOD 데이터 재게시)",2026-07-12T05:45:18+00:00
2026-07-12,SMH,SWKS,"Skyworks Solutions, Inc.",0.16,1797082.0,,"stockanalysis.com (백업 소스, 운용사 EOD 데이터 재게시)",2026-07-12T05:45:18+00:00
2026-07-12,SMH,TER,"Teradyne, Inc.",1.27,2366409.0,,"stockanalysis.com (백업 소스, 운용사 EOD 데이터 재게시)",2026-07-12T05:45:18+00:00
2026-07-12,SMH,TSM,Taiwan Semiconductor Manufacturing Company Limited,9.4,14889948.0,,"stockanalysis.com (백업 소스, 운용사 EOD 데이터 재게시)",2026-07-12T05:45:18+00:00
2026-07-12,SMH,TXN,Texas Instruments Incorporated,4.56,10710296.0,,"stockanalysis.com (백업 소스, 운용사 EOD 데이터 재게시)",2026-07-12T05:45:18+00:00
2026-07-12,SOXQ,ADI,"Analog Devices, Inc.",3.8,248305.0,,"stockanalysis.com (백업 소스, 운용사 EOD 데이터 재게시)",2026-07-12T05:45:18+00:00
2026-07-12,SOXQ,ALAB,"Astera Labs, Inc.",2.72,167472.0,,"stockanalysis.com (백업 소스, 운용사 EOD 데이터 재게시)",2026-07-12T05:45:18+00:00
2026-07-12,SOXQ,AMAT,"Applied Materials, Inc.",5.23,228329.0,,"stockanalysis.com (백업 소스, 운용사 EOD 데이터 재게시)",2026-07-12T05:45:18+00:00
2026-07-12,SOXQ,AMD,"Advanced Micro Devices, Inc.",4.23,199109.0,,"stockanalysis.com (백업 소스, 운용사 EOD 데이터 재게시)",2026-07-12T05:45:18+00:00
2026-07-12,SOXQ,ARM,Arm Holdings plc,1.76,138087.0,,"stockanalysis.com (백업 소스, 운용사 EOD 데이터 재게시)",2026-07-12T05:45:18+00:00
2026-07-12,SOXQ,ASML,ASML Holding N.V.,4.47,63710.0,,"stockanalysis.com (백업 소스, 운용사 EOD 데이터 재게시)",2026-07-12T05:45:18+00:00
2026-07-12,SOXQ,AVGO,Broadcom Inc.,8.97,575026.0,,"stockanalysis.com (백업 소스, 운용사 EOD 데이터 재게시)",2026-07-12T05:45:18+00:00
2026-07-12,SOXQ,COHR,Coherent Corp.,2.43,191146.0,,"stockanalysis.com (백업 소스, 운용사 EOD 데이터 재게시)",2026-07-12T05:45:18+00:00
2026-07-12,SOXQ,CRDO,Credo Technology Group Holding Ltd,1.86,180216.0,,"stockanalysis.com (백업 소스, 운용사 EOD 데이터 재게시)",2026-07-12T05:45:18+00:00
2026-07-12,SOXQ,GFS,GLOBALFOUNDRIES Inc.,1.45,536485.0,,"stockanalysis.com (백업 소스, 운용사 EOD 데이터 재게시)",2026-07-12T05:45:18+00:00
2026-07-12,SOXQ,INTC,Intel Corporation,3.92,896070.0,,"stockanalysis.com (백업 소스, 운용사 EOD 데이터 재게시)",2026-07-12T05:45:18+00:00
2026-07-12,SOXQ,KLAC,KLA Corporation,4.77,534740.0,,"stockanalysis.com (백업 소스, 운용사 EOD 데이터 재게시)",2026-07-12T05:45:18+00:00
2026-07-12,SOXQ,LRCX,Lam Research Corporation,4.43,322969.0,,"stockanalysis.com (백업 소스, 운용사 EOD 데이터 재게시)",2026-07-12T05:45:18+00:00
2026-07-12,SOXQ,MCHP,Microchip Technology Incorporated,1.82,529644.0,,"stockanalysis.com (백업 소스, 운용사 EOD 데이터 재게시)",2026-07-12T05:45:18+00:00
2026-07-12,SOXQ,MPWR,"Monolithic Power Systems, Inc.",2.56,48004.0,,"stockanalysis.com (백업 소스, 운용사 EOD 데이터 재게시)",2026-07-12T05:45:18+00:00
2026-07-12,SOXQ,MRVL,"Marvell Technology, Inc.",4.74,501270.0,,"stockanalysis.com (백업 소스, 운용사 EOD 데이터 재게시)",2026-07-12T05:45:18+00:00
2026-07-12,SOXQ,MTSI,"MACOM Technology Solutions Holdings, Inc.",0.92,74548.0,,"stockanalysis.com (백업 소스, 운용사 EOD 데이터 재게시)",2026-07-12T05:45:18+00:00
2026-07-12,SOXQ,MU,"Micron Technology, Inc.",8.16,211659.0,,"stockanalysis.com (백업 소스, 운용사 EOD 데이터 재게시)",2026-07-12T05:45:18+00:00
2026-07-12,SOXQ,NVDA,NVIDIA Corporation,11.51,1460097.0,,"stockanalysis.com (백업 소스, 운용사 EOD 데이터 재게시)",2026-07-12T05:45:18+00:00
2026-07-12,SOXQ,NXPI,NXP Semiconductors N.V.,2.79,246676.0,,"stockanalysis.com (백업 소스, 운용사 EOD 데이터 재게시)",2026-07-12T05:45:18+00:00
2026-07-12,SOXQ,ON,ON Semiconductor Corporation,1.46,382906.0,,"stockanalysis.com (백업 소스, 운용사 EOD 데이터 재게시)",2026-07-12T05:45:18+00:00
2026-07-12,SOXQ,QCOM,QUALCOMM Incorporated,3.04,409370.0,,"stockanalysis.com (백업 소스, 운용사 EOD 데이터 재게시)",2026-07-12T05:45:18+00:00
2026-07-12,SOXQ,TER,"Teradyne, Inc.",2.16,152956.0,,"stockanalysis.com (백업 소스, 운용사 EOD 데이터 재게시)",2026-07-12T05:45:18+00:00
2026-07-12,SOXQ,TSM,Taiwan Semiconductor Manufacturing Company Limited,4.17,245574.0,,"stockanalysis.com (백업 소스, 운용사 EOD 데이터 재게시)",2026-07-12T05:45:18+00:00
2026-07-12,SOXQ,TXN,Texas Instruments Incorporated,4.03,336171.0,,"stockanalysis.com (백업 소스, 운용사 EOD 데이터 재게시)",2026-07-12T05:45:18+00:00
2026-07-12,SOXX,ADI,"Analog Devices, Inc.",3.77,4556398.0,,"stockanalysis.com (백업 소스, 운용사 EOD 데이터 재게시)",2026-07-12T05:45:18+00:00
2026-07-12,SOXX,ALAB,"Astera Labs, Inc.",2.88,3283153.0,,"stockanalysis.com (백업 소스, 운용사 EOD 데이터 재게시)",2026-07-12T05:45:18+00:00
2026-07-12,SOXX,AMAT,"Applied Materials, Inc.",5.18,4189768.0,,"stockanalysis.com (백업 소스, 운용사 EOD 데이터 재게시)",2026-07-12T05:45:18+00:00
2026-07-12,SOXX,AMD,"Advanced Micro Devices, Inc.",8.39,7307222.0,,"stockanalysis.com (백업 소스, 운용사 EOD 데이터 재게시)",2026-07-12T05:45:18+00:00
2026-07-12,SOXX,ASML,ASML Holding N.V.,2.3,607687.0,,"stockanalysis.com (백업 소스, 운용사 EOD 데이터 재게시)",2026-07-12T05:45:18+00:00
2026-07-12,SOXX,ASX,"ASE Technology Holding Co., Ltd.",1.28,14143084.0,,"stockanalysis.com (백업 소스, 운용사 EOD 데이터 재게시)",2026-07-12T05:45:18+00:00
2026-07-12,SOXX,AVGO,Broadcom Inc.,7.11,8441104.0,,"stockanalysis.com (백업 소스, 운용사 EOD 데이터 재게시)",2026-07-12T05:45:18+00:00
2026-07-12,SOXX,CRDO,Credo Technology Group Holding Ltd,2.16,3880605.0,,"stockanalysis.com (백업 소스, 운용사 EOD 데이터 재게시)",2026-07-12T05:45:18+00:00
2026-07-12,SOXX,ENTG,"Entegris, Inc.",1.09,3556180.0,,"stockanalysis.com (백업 소스, 운용사 EOD 데이터 재게시)",2026-07-12T05:45:18+00:00
2026-07-12,SOXX,INTC,Intel Corporation,5.62,23787443.0,,"stockanalysis.com (백업 소스, 운용사 EOD 데이터 재게시)",2026-07-12T05:45:18+00:00
2026-07-12,SOXX,KLAC,KLA Corporation,4.73,9812167.0,,"stockanalysis.com (백업 소스, 운용사 EOD 데이터 재게시)",2026-07-12T05:45:18+00:00
2026-07-12,SOXX,LRCX,Lam Research Corporation,4.39,5926297.0,,"stockanalysis.com (백업 소스, 운용사 EOD 데이터 재게시)",2026-07-12T05:45:18+00:00
2026-07-12,SOXX,MCHP,Microchip Technology Incorporated,2.31,12468787.0,,"stockanalysis.com (백업 소스, 운용사 EOD 데이터 재게시)",2026-07-12T05:45:18+00:00
2026-07-12,SOXX,MPWR,"Monolithic Power Systems, Inc.",3.21,1111499.0,,"stockanalysis.com (백업 소스, 운용사 EOD 데이터 재게시)",2026-07-12T05:45:18+00:00
2026-07-12,SOXX,MRVL,"Marvell Technology, Inc.",4.7,9198314.0,,"stockanalysis.com (백업 소스, 운용사 EOD 데이터 재게시)",2026-07-12T05:45:18+00:00
2026-07-12,SOXX,MTSI,"MACOM Technology Solutions Holdings, Inc.",1.08,1618934.0,,"stockanalysis.com (백업 소스, 운용사 EOD 데이터 재게시)",2026-07-12T05:45:18+00:00
2026-07-12,SOXX,MU,"Micron Technology, Inc.",8.09,3883864.0,,"stockanalysis.com (백업 소스, 운용사 EOD 데이터 재게시)",2026-07-12T05:45:18+00:00
2026-07-12,SOXX,NVDA,NVIDIA Corporation,7.6,17861352.0,,"stockanalysis.com (백업 소스, 운용사 EOD 데이터 재게시)",2026-07-12T05:45:18+00:00
2026-07-12,SOXX,NXPI,NXP Semiconductors N.V.,3.58,5867776.0,,"stockanalysis.com (백업 소스, 운용사 EOD 데이터 재게시)",2026-07-12T05:45:18+00:00
2026-07-12,SOXX,ON,ON Semiconductor Corporation,1.88,9140306.0,,"stockanalysis.com (백업 소스, 운용사 EOD 데이터 재게시)",2026-07-12T05:45:18+00:00
2026-07-12,SOXX,QCOM,QUALCOMM Incorporated,3.01,7511871.0,,"stockanalysis.com (백업 소스, 운용사 EOD 데이터 재게시)",2026-07-12T05:45:18+00:00
2026-07-12,SOXX,TER,"Teradyne, Inc.",2.78,3649016.0,,"stockanalysis.com (백업 소스, 운용사 EOD 데이터 재게시)",2026-07-12T05:45:18+00:00
2026-07-12,SOXX,TSM,Taiwan Semiconductor Manufacturing Company Limited,4.3,4684285.0,,"stockanalysis.com (백업 소스, 운용사 EOD 데이터 재게시)",2026-07-12T05:45:18+00:00
2026-07-12,SOXX,TXN,Texas Instruments Incorporated,4.0,6168660.0,,"stockanalysis.com (백업 소스, 운용사 EOD 데이터 재게시)",2026-07-12T05:45:18+00:00
2026-07-12,SOXX,UMC,United Microelectronics Corporation,1.02,19607282.0,,"stockanalysis.com (백업 소스, 운용사 EOD 데이터 재게시)",2026-07-12T05:45:18+00:00
2026-07-13,SMH,ADI,"Analog Devices, Inc.",4.23,7709527.0,,"stockanalysis.com (백업 소스, 운용사 EOD 데이터 재게시)",2026-07-13T05:55:37+00:00
2026-07-13,SMH,ALAB,"Astera Labs, Inc.",1.19,2019050.0,,"stockanalysis.com (백업 소스, 운용사 EOD 데이터 재게시)",2026-07-13T05:55:37+00:00
2026-07-13,SMH,AMAT,"Applied Materials, Inc.",5.33,6077118.0,,"stockanalysis.com (백업 소스, 운용사 EOD 데이터 재게시)",2026-07-13T05:55:37+00:00
2026-07-13,SMH,AMD,"Advanced Micro Devices, Inc.",5.58,7418187.0,,"stockanalysis.com (백업 소스, 운용사 EOD 데이터 재게시)",2026-07-13T05:55:37+00:00
2026-07-13,SMH,ARM,Arm Holdings plc,1.15,2516244.0,,"stockanalysis.com (백업 소스, 운용사 EOD 데이터 재게시)",2026-07-13T05:55:37+00:00
2026-07-13,SMH,ASML,ASML Holding N.V.,4.99,1939606.0,,"stockanalysis.com (백업 소스, 운용사 EOD 데이터 재게시)",2026-07-13T05:55:37+00:00
2026-07-13,SMH,AVGO,Broadcom Inc.,5.61,10700777.0,,"stockanalysis.com (백업 소스, 운용사 EOD 데이터 재게시)",2026-07-13T05:55:37+00:00
2026-07-13,SMH,CDNS,"Cadence Design Systems, Inc.",2.38,4386021.0,,"stockanalysis.com (백업 소스, 운용사 EOD 데이터 재게시)",2026-07-13T05:55:37+00:00
2026-07-13,SMH,INTC,Intel Corporation,4.88,27912003.0,,"stockanalysis.com (백업 소스, 운용사 EOD 데이터 재게시)",2026-07-13T05:55:37+00:00
2026-07-13,SMH,KLAC,KLA Corporation,4.73,13802186.0,,"stockanalysis.com (백업 소스, 운용사 EOD 데이터 재게시)",2026-07-13T05:55:37+00:00
2026-07-13,SMH,LRCX,Lam Research Corporation,4.68,9159847.0,,"stockanalysis.com (백업 소스, 운용사 EOD 데이터 재게시)",2026-07-13T05:55:37+00:00
2026-07-13,SMH,MCHP,Microchip Technology Incorporated,0.93,7538747.0,,"stockanalysis.com (백업 소스, 운용사 EOD 데이터 재게시)",2026-07-13T05:55:37+00:00
2026-07-13,SMH,MPWR,"Monolithic Power Systems, Inc.",1.26,675162.0,,"stockanalysis.com (백업 소스, 운용사 EOD 데이터 재게시)",2026-07-13T05:55:37+00:00
2026-07-13,SMH,MRVL,"Marvell Technology, Inc.",4.27,11985054.0,,"stockanalysis.com (백업 소스, 운용사 EOD 데이터 재게시)",2026-07-13T05:55:37+00:00
2026-07-13,SMH,MU,"Micron Technology, Inc.",5.34,3762838.0,,"stockanalysis.com (백업 소스, 운용사 EOD 데이터 재게시)",2026-07-13T05:55:37+00:00
2026-07-13,SMH,NVDA,NVIDIA Corporation,19.01,67132346.0,,"stockanalysis.com (백업 소스, 운용사 EOD 데이터 재게시)",2026-07-13T05:55:37+00:00
2026-07-13,SMH,NXPI,NXP Semiconductors N.V.,1.24,3122625.0,,"stockanalysis.com (백업 소스, 운용사 EOD 데이터 재게시)",2026-07-13T05:55:37+00:00
2026-07-13,SMH,ON,ON Semiconductor Corporation,0.62,4682555.0,,"stockanalysis.com (백업 소스, 운용사 EOD 데이터 재게시)",2026-07-13T05:55:37+00:00
2026-07-13,SMH,QCOM,QUALCOMM Incorporated,3.97,15483836.0,,"stockanalysis.com (백업 소스, 운용사 EOD 데이터 재게시)",2026-07-13T05:55:37+00:00
2026-07-13,SMH,SNPS,"Synopsys, Inc.",1.95,3075477.0,,"stockanalysis.com (백업 소스, 운용사 EOD 데이터 재게시)",2026-07-13T05:55:37+00:00
2026-07-13,SMH,STM,STMicroelectronics N.V.,1.28,12881054.0,,"stockanalysis.com (백업 소스, 운용사 EOD 데이터 재게시)",2026-07-13T05:55:37+00:00
2026-07-13,SMH,SWKS,"Skyworks Solutions, Inc.",0.16,1797082.0,,"stockanalysis.com (백업 소스, 운용사 EOD 데이터 재게시)",2026-07-13T05:55:37+00:00
2026-07-13,SMH,TER,"Teradyne, Inc.",1.27,2366409.0,,"stockanalysis.com (백업 소스, 운용사 EOD 데이터 재게시)",2026-07-13T05:55:37+00:00
2026-07-13,SMH,TSM,Taiwan Semiconductor Manufacturing Company Limited,9.4,14889948.0,,"stockanalysis.com (백업 소스, 운용사 EOD 데이터 재게시)",2026-07-13T05:55:37+00:00
2026-07-13,SMH,TXN,Texas Instruments Incorporated,4.56,10710296.0,,"stockanalysis.com (백업 소스, 운용사 EOD 데이터 재게시)",2026-07-13T05:55:37+00:00
2026-07-13,SOXQ,ADI,"Analog Devices, Inc.",3.8,248305.0,,"stockanalysis.com (백업 소스, 운용사 EOD 데이터 재게시)",2026-07-13T05:55:37+00:00
2026-07-13,SOXQ,ALAB,"Astera Labs, Inc.",2.72,167472.0,,"stockanalysis.com (백업 소스, 운용사 EOD 데이터 재게시)",2026-07-13T05:55:37+00:00
2026-07-13,SOXQ,AMAT,"Applied Materials, Inc.",5.23,228329.0,,"stockanalysis.com (백업 소스, 운용사 EOD 데이터 재게시)",2026-07-13T05:55:37+00:00
2026-07-13,SOXQ,AMD,"Advanced Micro Devices, Inc.",4.23,199109.0,,"stockanalysis.com (백업 소스, 운용사 EOD 데이터 재게시)",2026-07-13T05:55:37+00:00
2026-07-13,SOXQ,ARM,Arm Holdings plc,1.76,138087.0,,"stockanalysis.com (백업 소스, 운용사 EOD 데이터 재게시)",2026-07-13T05:55:37+00:00
2026-07-13,SOXQ,ASML,ASML Holding N.V.,4.47,63710.0,,"stockanalysis.com (백업 소스, 운용사 EOD 데이터 재게시)",2026-07-13T05:55:37+00:00
2026-07-13,SOXQ,AVGO,Broadcom Inc.,8.97,575026.0,,"stockanalysis.com (백업 소스, 운용사 EOD 데이터 재게시)",2026-07-13T05:55:37+00:00
2026-07-13,SOXQ,COHR,Coherent Corp.,2.43,191146.0,,"stockanalysis.com (백업 소스, 운용사 EOD 데이터 재게시)",2026-07-13T05:55:37+00:00
2026-07-13,SOXQ,CRDO,Credo Technology Group Holding Ltd,1.86,180216.0,,"stockanalysis.com (백업 소스, 운용사 EOD 데이터 재게시)",2026-07-13T05:55:37+00:00
2026-07-13,SOXQ,GFS,GLOBALFOUNDRIES Inc.,1.45,536485.0,,"stockanalysis.com (백업 소스, 운용사 EOD 데이터 재게시)",2026-07-13T05:55:37+00:00
2026-07-13,SOXQ,INTC,Intel Corporation,3.92,896070.0,,"stockanalysis.com (백업 소스, 운용사 EOD 데이터 재게시)",2026-07-13T05:55:37+00:00
2026-07-13,SOXQ,KLAC,KLA Corporation,4.77,534740.0,,"stockanalysis.com (백업 소스, 운용사 EOD 데이터 재게시)",2026-07-13T05:55:37+00:00
2026-07-13,SOXQ,LRCX,Lam Research Corporation,4.43,322969.0,,"stockanalysis.com (백업 소스, 운용사 EOD 데이터 재게시)",2026-07-13T05:55:37+00:00
2026-07-13,SOXQ,MCHP,Microchip Technology Incorporated,1.82,529644.0,,"stockanalysis.com (백업 소스, 운용사 EOD 데이터 재게시)",2026-07-13T05:55:37+00:00
2026-07-13,SOXQ,MPWR,"Monolithic Power Systems, Inc.",2.56,48004.0,,"stockanalysis.com (백업 소스, 운용사 EOD 데이터 재게시)",2026-07-13T05:55:37+00:00
2026-07-13,SOXQ,MRVL,"Marvell Technology, Inc.",4.74,501270.0,,"stockanalysis.com (백업 소스, 운용사 EOD 데이터 재게시)",2026-07-13T05:55:37+00:00
2026-07-13,SOXQ,MTSI,"MACOM Technology Solutions Holdings, Inc.",0.92,74548.0,,"stockanalysis.com (백업 소스, 운용사 EOD 데이터 재게시)",2026-07-13T05:55:37+00:00
2026-07-13,SOXQ,MU,"Micron Technology, Inc.",8.16,211659.0,,"stockanalysis.com (백업 소스, 운용사 EOD 데이터 재게시)",2026-07-13T05:55:37+00:00
2026-07-13,SOXQ,NVDA,NVIDIA Corporation,11.51,1460097.0,,"stockanalysis.com (백업 소스, 운용사 EOD 데이터 재게시)",2026-07-13T05:55:37+00:00
2026-07-13,SOXQ,NXPI,NXP Semiconductors N.V.,2.79,246676.0,,"stockanalysis.com (백업 소스, 운용사 EOD 데이터 재게시)",2026-07-13T05:55:37+00:00
2026-07-13,SOXQ,ON,ON Semiconductor Corporation,1.46,382906.0,,"stockanalysis.com (백업 소스, 운용사 EOD 데이터 재게시)",2026-07-13T05:55:37+00:00
2026-07-13,SOXQ,QCOM,QUALCOMM Incorporated,3.04,409370.0,,"stockanalysis.com (백업 소스, 운용사 EOD 데이터 재게시)",2026-07-13T05:55:37+00:00
2026-07-13,SOXQ,TER,"Teradyne, Inc.",2.16,152956.0,,"stockanalysis.com (백업 소스, 운용사 EOD 데이터 재게시)",2026-07-13T05:55:37+00:00
2026-07-13,SOXQ,TSM,Taiwan Semiconductor Manufacturing Company Limited,4.17,245574.0,,"stockanalysis.com (백업 소스, 운용사 EOD 데이터 재게시)",2026-07-13T05:55:37+00:00
2026-07-13,SOXQ,TXN,Texas Instruments Incorporated,4.03,336171.0,,"stockanalysis.com (백업 소스, 운용사 EOD 데이터 재게시)",2026-07-13T05:55:37+00:00
2026-07-13,SOXX,ADI,"Analog Devices, Inc.",3.77,4556398.0,,"stockanalysis.com (백업 소스, 운용사 EOD 데이터 재게시)",2026-07-13T05:55:37+00:00
2026-07-13,SOXX,ALAB,"Astera Labs, Inc.",2.88,3283153.0,,"stockanalysis.com (백업 소스, 운용사 EOD 데이터 재게시)",2026-07-13T05:55:37+00:00
2026-07-13,SOXX,AMAT,"Applied Materials, Inc.",5.18,4189768.0,,"stockanalysis.com (백업 소스, 운용사 EOD 데이터 재게시)",2026-07-13T05:55:37+00:00
2026-07-13,SOXX,AMD,"Advanced Micro Devices, Inc.",8.39,7307222.0,,"stockanalysis.com (백업 소스, 운용사 EOD 데이터 재게시)",2026-07-13T05:55:37+00:00
2026-07-13,SOXX,ASML,ASML Holding N.V.,2.3,607687.0,,"stockanalysis.com (백업 소스, 운용사 EOD 데이터 재게시)",2026-07-13T05:55:37+00:00
2026-07-13,SOXX,ASX,"ASE Technology Holding Co., Ltd.",1.28,14143084.0,,"stockanalysis.com (백업 소스, 운용사 EOD 데이터 재게시)",2026-07-13T05:55:37+00:00
2026-07-13,SOXX,AVGO,Broadcom Inc.,7.11,8441104.0,,"stockanalysis.com (백업 소스, 운용사 EOD 데이터 재게시)",2026-07-13T05:55:37+00:00
2026-07-13,SOXX,CRDO,Credo Technology Group Holding Ltd,2.16,3880605.0,,"stockanalysis.com (백업 소스, 운용사 EOD 데이터 재게시)",2026-07-13T05:55:37+00:00
2026-07-13,SOXX,ENTG,"Entegris, Inc.",1.09,3556180.0,,"stockanalysis.com (백업 소스, 운용사 EOD 데이터 재게시)",2026-07-13T05:55:37+00:00
2026-07-13,SOXX,INTC,Intel Corporation,5.62,23787443.0,,"stockanalysis.com (백업 소스, 운용사 EOD 데이터 재게시)",2026-07-13T05:55:37+00:00
2026-07-13,SOXX,KLAC,KLA Corporation,4.73,9812167.0,,"stockanalysis.com (백업 소스, 운용사 EOD 데이터 재게시)",2026-07-13T05:55:37+00:00
2026-07-13,SOXX,LRCX,Lam Research Corporation,4.39,5926297.0,,"stockanalysis.com (백업 소스, 운용사 EOD 데이터 재게시)",2026-07-13T05:55:37+00:00
2026-07-13,SOXX,MCHP,Microchip Technology Incorporated,2.31,12468787.0,,"stockanalysis.com (백업 소스, 운용사 EOD 데이터 재게시)",2026-07-13T05:55:37+00:00
2026-07-13,SOXX,MPWR,"Monolithic Power Systems, Inc.",3.21,1111499.0,,"stockanalysis.com (백업 소스, 운용사 EOD 데이터 재게시)",2026-07-13T05:55:37+00:00
2026-07-13,SOXX,MRVL,"Marvell Technology, Inc.",4.7,9198314.0,,"stockanalysis.com (백업 소스, 운용사 EOD 데이터 재게시)",2026-07-13T05:55:37+00:00
2026-07-13,SOXX,MTSI,"MACOM Technology Solutions Holdings, Inc.",1.08,1618934.0,,"stockanalysis.com (백업 소스, 운용사 EOD 데이터 재게시)",2026-07-13T05:55:37+00:00
2026-07-13,SOXX,MU,"Micron Technology, Inc.",8.09,3883864.0,,"stockanalysis.com (백업 소스, 운용사 EOD 데이터 재게시)",2026-07-13T05:55:37+00:00
2026-07-13,SOXX,NVDA,NVIDIA Corporation,7.6,17861352.0,,"stockanalysis.com (백업 소스, 운용사 EOD 데이터 재게시)",2026-07-13T05:55:37+00:00
2026-07-13,SOXX,NXPI,NXP Semiconductors N.V.,3.58,5867776.0,,"stockanalysis.com (백업 소스, 운용사 EOD 데이터 재게시)",2026-07-13T05:55:37+00:00
2026-07-13,SOXX,ON,ON Semiconductor Corporation,1.88,9140306.0,,"stockanalysis.com (백업 소스, 운용사 EOD 데이터 재게시)",2026-07-13T05:55:37+00:00
2026-07-13,SOXX,QCOM,QUALCOMM Incorporated,3.01,7511871.0,,"stockanalysis.com (백업 소스, 운용사 EOD 데이터 재게시)",2026-07-13T05:55:37+00:00
2026-07-13,SOXX,TER,"Teradyne, Inc.",2.78,3649016.0,,"stockanalysis.com (백업 소스, 운용사 EOD 데이터 재게시)",2026-07-13T05:55:37+00:00
2026-07-13,SOXX,TSM,Taiwan Semiconductor Manufacturing Company Limited,4.3,4684285.0,,"stockanalysis.com (백업 소스, 운용사 EOD 데이터 재게시)",2026-07-13T05:55:37+00:00
2026-07-13,SOXX,TXN,Texas Instruments Incorporated,4.0,6168660.0,,"stockanalysis.com (백업 소스, 운용사 EOD 데이터 재게시)",2026-07-13T05:55:37+00:00
2026-07-13,SOXX,UMC,United Microelectronics Corporation,1.02,19607282.0,,"stockanalysis.com (백업 소스, 운용사 EOD 데이터 재게시)",2026-07-13T05:55:37+00:00
2026-07-14,SMH,ADI,"Analog Devices, Inc.",4.23,7709527.0,,"stockanalysis.com (백업 소스, 운용사 EOD 데이터 재게시)",2026-07-14T05:18:02+00:00
2026-07-14,SMH,ALAB,"Astera Labs, Inc.",1.19,2019050.0,,"stockanalysis.com (백업 소스, 운용사 EOD 데이터 재게시)",2026-07-14T05:18:02+00:00
2026-07-14,SMH,AMAT,"Applied Materials, Inc.",5.33,6077118.0,,"stockanalysis.com (백업 소스, 운용사 EOD 데이터 재게시)",2026-07-14T05:18:02+00:00
2026-07-14,SMH,AMD,"Advanced Micro Devices, Inc.",5.58,7418187.0,,"stockanalysis.com (백업 소스, 운용사 EOD 데이터 재게시)",2026-07-14T05:18:02+00:00
2026-07-14,SMH,ARM,Arm Holdings plc,1.15,2516244.0,,"stockanalysis.com (백업 소스, 운용사 EOD 데이터 재게시)",2026-07-14T05:18:02+00:00
2026-07-14,SMH,ASML,ASML Holding N.V.,4.99,1939606.0,,"stockanalysis.com (백업 소스, 운용사 EOD 데이터 재게시)",2026-07-14T05:18:02+00:00
2026-07-14,SMH,AVGO,Broadcom Inc.,5.61,10700777.0,,"stockanalysis.com (백업 소스, 운용사 EOD 데이터 재게시)",2026-07-14T05:18:02+00:00
2026-07-14,SMH,CDNS,"Cadence Design Systems, Inc.",2.38,4386021.0,,"stockanalysis.com (백업 소스, 운용사 EOD 데이터 재게시)",2026-07-14T05:18:02+00:00
2026-07-14,SMH,INTC,Intel Corporation,4.88,27912003.0,,"stockanalysis.com (백업 소스, 운용사 EOD 데이터 재게시)",2026-07-14T05:18:02+00:00
2026-07-14,SMH,KLAC,KLA Corporation,4.73,13802186.0,,"stockanalysis.com (백업 소스, 운용사 EOD 데이터 재게시)",2026-07-14T05:18:02+00:00
2026-07-14,SMH,LRCX,Lam Research Corporation,4.68,9159847.0,,"stockanalysis.com (백업 소스, 운용사 EOD 데이터 재게시)",2026-07-14T05:18:02+00:00
2026-07-14,SMH,MCHP,Microchip Technology Incorporated,0.93,7538747.0,,"stockanalysis.com (백업 소스, 운용사 EOD 데이터 재게시)",2026-07-14T05:18:02+00:00
2026-07-14,SMH,MPWR,"Monolithic Power Systems, Inc.",1.26,675162.0,,"stockanalysis.com (백업 소스, 운용사 EOD 데이터 재게시)",2026-07-14T05:18:02+00:00
2026-07-14,SMH,MRVL,"Marvell Technology, Inc.",4.27,11985054.0,,"stockanalysis.com (백업 소스, 운용사 EOD 데이터 재게시)",2026-07-14T05:18:02+00:00
2026-07-14,SMH,MU,"Micron Technology, Inc.",5.34,3762838.0,,"stockanalysis.com (백업 소스, 운용사 EOD 데이터 재게시)",2026-07-14T05:18:02+00:00
2026-07-14,SMH,NVDA,NVIDIA Corporation,19.01,67132346.0,,"stockanalysis.com (백업 소스, 운용사 EOD 데이터 재게시)",2026-07-14T05:18:02+00:00
2026-07-14,SMH,NXPI,NXP Semiconductors N.V.,1.24,3122625.0,,"stockanalysis.com (백업 소스, 운용사 EOD 데이터 재게시)",2026-07-14T05:18:02+00:00
2026-07-14,SMH,ON,ON Semiconductor Corporation,0.62,4682555.0,,"stockanalysis.com (백업 소스, 운용사 EOD 데이터 재게시)",2026-07-14T05:18:02+00:00
2026-07-14,SMH,QCOM,QUALCOMM Incorporated,3.97,15483836.0,,"stockanalysis.com (백업 소스, 운용사 EOD 데이터 재게시)",2026-07-14T05:18:02+00:00
2026-07-14,SMH,SNPS,"Synopsys, Inc.",1.95,3075477.0,,"stockanalysis.com (백업 소스, 운용사 EOD 데이터 재게시)",2026-07-14T05:18:02+00:00
2026-07-14,SMH,STM,STMicroelectronics N.V.,1.28,12881054.0,,"stockanalysis.com (백업 소스, 운용사 EOD 데이터 재게시)",2026-07-14T05:18:02+00:00
2026-07-14,SMH,SWKS,"Skyworks Solutions, Inc.",0.16,1797082.0,,"stockanalysis.com (백업 소스, 운용사 EOD 데이터 재게시)",2026-07-14T05:18:02+00:00
2026-07-14,SMH,TER,"Teradyne, Inc.",1.27,2366409.0,,"stockanalysis.com (백업 소스, 운용사 EOD 데이터 재게시)",2026-07-14T05:18:02+00:00
2026-07-14,SMH,TSM,Taiwan Semiconductor Manufacturing Company Limited,9.4,14889948.0,,"stockanalysis.com (백업 소스, 운용사 EOD 데이터 재게시)",2026-07-14T05:18:02+00:00
2026-07-14,SMH,TXN,Texas Instruments Incorporated,4.56,10710296.0,,"stockanalysis.com (백업 소스, 운용사 EOD 데이터 재게시)",2026-07-14T05:18:02+00:00
2026-07-14,SOXQ,ADI,"Analog Devices, Inc.",3.8,248305.0,,"stockanalysis.com (백업 소스, 운용사 EOD 데이터 재게시)",2026-07-14T05:18:02+00:00
2026-07-14,SOXQ,ALAB,"Astera Labs, Inc.",2.72,167472.0,,"stockanalysis.com (백업 소스, 운용사 EOD 데이터 재게시)",2026-07-14T05:18:02+00:00
2026-07-14,SOXQ,AMAT,"Applied Materials, Inc.",5.23,228329.0,,"stockanalysis.com (백업 소스, 운용사 EOD 데이터 재게시)",2026-07-14T05:18:02+00:00
2026-07-14,SOXQ,AMD,"Advanced Micro Devices, Inc.",4.23,199109.0,,"stockanalysis.com (백업 소스, 운용사 EOD 데이터 재게시)",2026-07-14T05:18:02+00:00
2026-07-14,SOXQ,ARM,Arm Holdings plc,1.76,138087.0,,"stockanalysis.com (백업 소스, 운용사 EOD 데이터 재게시)",2026-07-14T05:18:02+00:00
2026-07-14,SOXQ,ASML,ASML Holding N.V.,4.47,63710.0,,"stockanalysis.com (백업 소스, 운용사 EOD 데이터 재게시)",2026-07-14T05:18:02+00:00
2026-07-14,SOXQ,AVGO,Broadcom Inc.,8.97,575026.0,,"stockanalysis.com (백업 소스, 운용사 EOD 데이터 재게시)",2026-07-14T05:18:02+00:00
2026-07-14,SOXQ,COHR,Coherent Corp.,2.43,191146.0,,"stockanalysis.com (백업 소스, 운용사 EOD 데이터 재게시)",2026-07-14T05:18:02+00:00
2026-07-14,SOXQ,CRDO,Credo Technology Group Holding Ltd,1.86,180216.0,,"stockanalysis.com (백업 소스, 운용사 EOD 데이터 재게시)",2026-07-14T05:18:02+00:00
2026-07-14,SOXQ,GFS,GLOBALFOUNDRIES Inc.,1.45,536485.0,,"stockanalysis.com (백업 소스, 운용사 EOD 데이터 재게시)",2026-07-14T05:18:02+00:00
2026-07-14,SOXQ,INTC,Intel Corporation,3.92,896070.0,,"stockanalysis.com (백업 소스, 운용사 EOD 데이터 재게시)",2026-07-14T05:18:02+00:00
2026-07-14,SOXQ,KLAC,KLA Corporation,4.77,534740.0,,"stockanalysis.com (백업 소스, 운용사 EOD 데이터 재게시)",2026-07-14T05:18:02+00:00
2026-07-14,SOXQ,LRCX,Lam Research Corporation,4.43,322969.0,,"stockanalysis.com (백업 소스, 운용사 EOD 데이터 재게시)",2026-07-14T05:18:02+00:00
2026-07-14,SOXQ,MCHP,Microchip Technology Incorporated,1.82,529644.0,,"stockanalysis.com (백업 소스, 운용사 EOD 데이터 재게시)",2026-07-14T05:18:02+00:00
2026-07-14,SOXQ,MPWR,"Monolithic Power Systems, Inc.",2.56,48004.0,,"stockanalysis.com (백업 소스, 운용사 EOD 데이터 재게시)",2026-07-14T05:18:02+00:00
2026-07-14,SOXQ,MRVL,"Marvell Technology, Inc.",4.74,501270.0,,"stockanalysis.com (백업 소스, 운용사 EOD 데이터 재게시)",2026-07-14T05:18:02+00:00
2026-07-14,SOXQ,MTSI,"MACOM Technology Solutions Holdings, Inc.",0.92,74548.0,,"stockanalysis.com (백업 소스, 운용사 EOD 데이터 재게시)",2026-07-14T05:18:02+00:00
2026-07-14,SOXQ,MU,"Micron Technology, Inc.",8.16,211659.0,,"stockanalysis.com (백업 소스, 운용사 EOD 데이터 재게시)",2026-07-14T05:18:02+00:00
2026-07-14,SOXQ,NVDA,NVIDIA Corporation,11.51,1460097.0,,"stockanalysis.com (백업 소스, 운용사 EOD 데이터 재게시)",2026-07-14T05:18:02+00:00
2026-07-14,SOXQ,NXPI,NXP Semiconductors N.V.,2.79,246676.0,,"stockanalysis.com (백업 소스, 운용사 EOD 데이터 재게시)",2026-07-14T05:18:02+00:00
2026-07-14,SOXQ,ON,ON Semiconductor Corporation,1.46,382906.0,,"stockanalysis.com (백업 소스, 운용사 EOD 데이터 재게시)",2026-07-14T05:18:02+00:00
2026-07-14,SOXQ,QCOM,QUALCOMM Incorporated,3.04,409370.0,,"stockanalysis.com (백업 소스, 운용사 EOD 데이터 재게시)",2026-07-14T05:18:02+00:00
2026-07-14,SOXQ,TER,"Teradyne, Inc.",2.16,152956.0,,"stockanalysis.com (백업 소스, 운용사 EOD 데이터 재게시)",2026-07-14T05:18:02+00:00
2026-07-14,SOXQ,TSM,Taiwan Semiconductor Manufacturing Company Limited,4.17,245574.0,,"stockanalysis.com (백업 소스, 운용사 EOD 데이터 재게시)",2026-07-14T05:18:02+00:00
2026-07-14,SOXQ,TXN,Texas Instruments Incorporated,4.03,336171.0,,"stockanalysis.com (백업 소스, 운용사 EOD 데이터 재게시)",2026-07-14T05:18:02+00:00
2026-07-14,SOXX,ADI,"Analog Devices, Inc.",3.77,4556398.0,,"stockanalysis.com (백업 소스, 운용사 EOD 데이터 재게시)",2026-07-14T05:18:02+00:00
2026-07-14,SOXX,ALAB,"Astera Labs, Inc.",2.88,3283153.0,,"stockanalysis.com (백업 소스, 운용사 EOD 데이터 재게시)",2026-07-14T05:18:02+00:00
2026-07-14,SOXX,AMAT,"Applied Materials, Inc.",5.18,4189768.0,,"stockanalysis.com (백업 소스, 운용사 EOD 데이터 재게시)",2026-07-14T05:18:02+00:00
2026-07-14,SOXX,AMD,"Advanced Micro Devices, Inc.",8.39,7307222.0,,"stockanalysis.com (백업 소스, 운용사 EOD 데이터 재게시)",2026-07-14T05:18:02+00:00
2026-07-14,SOXX,ASML,ASML Holding N.V.,2.3,607687.0,,"stockanalysis.com (백업 소스, 운용사 EOD 데이터 재게시)",2026-07-14T05:18:02+00:00
2026-07-14,SOXX,ASX,"ASE Technology Holding Co., Ltd.",1.28,14143084.0,,"stockanalysis.com (백업 소스, 운용사 EOD 데이터 재게시)",2026-07-14T05:18:02+00:00
2026-07-14,SOXX,AVGO,Broadcom Inc.,7.11,8441104.0,,"stockanalysis.com (백업 소스, 운용사 EOD 데이터 재게시)",2026-07-14T05:18:02+00:00
2026-07-14,SOXX,CRDO,Credo Technology Group Holding Ltd,2.16,3880605.0,,"stockanalysis.com (백업 소스, 운용사 EOD 데이터 재게시)",2026-07-14T05:18:02+00:00
2026-07-14,SOXX,ENTG,"Entegris, Inc.",1.09,3556180.0,,"stockanalysis.com (백업 소스, 운용사 EOD 데이터 재게시)",2026-07-14T05:18:02+00:00
2026-07-14,SOXX,INTC,Intel Corporation,5.62,23787443.0,,"stockanalysis.com (백업 소스, 운용사 EOD 데이터 재게시)",2026-07-14T05:18:02+00:00
2026-07-14,SOXX,KLAC,KLA Corporation,4.73,9812167.0,,"stockanalysis.com (백업 소스, 운용사 EOD 데이터 재게시)",2026-07-14T05:18:02+00:00
2026-07-14,SOXX,LRCX,Lam Research Corporation,4.39,5926297.0,,"stockanalysis.com (백업 소스, 운용사 EOD 데이터 재게시)",2026-07-14T05:18:02+00:00
2026-07-14,SOXX,MCHP,Microchip Technology Incorporated,2.31,12468787.0,,"stockanalysis.com (백업 소스, 운용사 EOD 데이터 재게시)",2026-07-14T05:18:02+00:00
2026-07-14,SOXX,MPWR,"Monolithic Power Systems, Inc.",3.21,1111499.0,,"stockanalysis.com (백업 소스, 운용사 EOD 데이터 재게시)",2026-07-14T05:18:02+00:00
2026-07-14,SOXX,MRVL,"Marvell Technology, Inc.",4.7,9198314.0,,"stockanalysis.com (백업 소스, 운용사 EOD 데이터 재게시)",2026-07-14T05:18:02+00:00
2026-07-14,SOXX,MTSI,"MACOM Technology Solutions Holdings, Inc.",1.08,1618934.0,,"stockanalysis.com (백업 소스, 운용사 EOD 데이터 재게시)",2026-07-14T05:18:02+00:00
2026-07-14,SOXX,MU,"Micron Technology, Inc.",8.09,3883864.0,,"stockanalysis.com (백업 소스, 운용사 EOD 데이터 재게시)",2026-07-14T05:18:02+00:00
2026-07-14,SOXX,NVDA,NVIDIA Corporation,7.6,17861352.0,,"stockanalysis.com (백업 소스, 운용사 EOD 데이터 재게시)",2026-07-14T05:18:02+00:00
2026-07-14,SOXX,NXPI,NXP Semiconductors N.V.,3.58,5867776.0,,"stockanalysis.com (백업 소스, 운용사 EOD 데이터 재게시)",2026-07-14T05:18:02+00:00
2026-07-14,SOXX,ON,ON Semiconductor Corporation,1.88,9140306.0,,"stockanalysis.com (백업 소스, 운용사 EOD 데이터 재게시)",2026-07-14T05:18:02+00:00
2026-07-14,SOXX,QCOM,QUALCOMM Incorporated,3.01,7511871.0,,"stockanalysis.com (백업 소스, 운용사 EOD 데이터 재게시)",2026-07-14T05:18:02+00:00
2026-07-14,SOXX,TER,"Teradyne, Inc.",2.78,3649016.0,,"stockanalysis.com (백업 소스, 운용사 EOD 데이터 재게시)",2026-07-14T05:18:02+00:00
2026-07-14,SOXX,TSM,Taiwan Semiconductor Manufacturing Company Limited,4.3,4684285.0,,"stockanalysis.com (백업 소스, 운용사 EOD 데이터 재게시)",2026-07-14T05:18:02+00:00
2026-07-14,SOXX,TXN,Texas Instruments Incorporated,4.0,6168660.0,,"stockanalysis.com (백업 소스, 운용사 EOD 데이터 재게시)",2026-07-14T05:18:02+00:00
2026-07-14,SOXX,UMC,United Microelectronics Corporation,1.02,19607282.0,,"stockanalysis.com (백업 소스, 운용사 EOD 데이터 재게시)",2026-07-14T05:18:02+00:00
2026-07-15,SMH,ADI,"Analog Devices, Inc.",4.28,7957659.0,,"stockanalysis.com (백업 소스, 운용사 EOD 데이터 재게시)",2026-07-15T05:18:53+00:00
2026-07-15,SMH,ALAB,"Astera Labs, Inc.",1.17,2084043.0,,"stockanalysis.com (백업 소스, 운용사 EOD 데이터 재게시)",2026-07-15T05:18:53+00:00
2026-07-15,SMH,AMAT,"Applied Materials, Inc.",5.15,6287058.0,,"stockanalysis.com (백업 소스, 운용사 EOD 데이터 재게시)",2026-07-15T05:18:53+00:00
2026-07-15,SMH,AMD,"Advanced Micro Devices, Inc.",5.82,7674458.0,,"stockanalysis.com (백업 소스, 운용사 EOD 데이터 재게시)",2026-07-15T05:18:53+00:00
2026-07-15,SMH,ARM,Arm Holdings plc,1.14,2597232.0,,"stockanalysis.com (백업 소스, 운용사 EOD 데이터 재게시)",2026-07-15T05:18:53+00:00
2026-07-15,SMH,ASML,ASML Holding N.V.,4.89,2002047.0,,"stockanalysis.com (백업 소스, 운용사 EOD 데이터 재게시)",2026-07-15T05:18:53+00:00
2026-07-15,SMH,AVGO,Broadcom Inc.,6.0,11033880.0,,"stockanalysis.com (백업 소스, 운용사 EOD 데이터 재게시)",2026-07-15T05:18:53+00:00
2026-07-15,SMH,CDNS,"Cadence Design Systems, Inc.",2.36,4527186.0,,"stockanalysis.com (백업 소스, 운용사 EOD 데이터 재게시)",2026-07-15T05:18:53+00:00
2026-07-15,SMH,INTC,Intel Corporation,4.36,29189878.0,,"stockanalysis.com (백업 소스, 운용사 EOD 데이터 재게시)",2026-07-15T05:18:53+00:00
2026-07-15,SMH,KLAC,KLA Corporation,4.6,14628472.0,,"stockanalysis.com (백업 소스, 운용사 EOD 데이터 재게시)",2026-07-15T05:18:53+00:00
2026-07-15,SMH,LRCX,Lam Research Corporation,4.62,9708259.0,,"stockanalysis.com (백업 소스, 운용사 EOD 데이터 재게시)",2026-07-15T05:18:53+00:00
2026-07-15,SMH,MCHP,Microchip Technology Incorporated,0.94,7799124.0,,"stockanalysis.com (백업 소스, 운용사 EOD 데이터 재게시)",2026-07-15T05:18:53+00:00
2026-07-15,SMH,MPWR,"Monolithic Power Systems, Inc.",1.28,696892.0,,"stockanalysis.com (백업 소스, 운용사 EOD 데이터 재게시)",2026-07-15T05:18:53+00:00
2026-07-15,SMH,MRVL,"Marvell Technology, Inc.",3.96,12370778.0,,"stockanalysis.com (백업 소스, 운용사 EOD 데이터 재게시)",2026-07-15T05:18:53+00:00
2026-07-15,SMH,MU,"Micron Technology, Inc.",5.18,3892816.0,,"stockanalysis.com (백업 소스, 운용사 EOD 데이터 재게시)",2026-07-15T05:18:53+00:00
2026-07-15,SMH,NVDA,NVIDIA Corporation,19.86,69292978.0,,"stockanalysis.com (백업 소스, 운용사 EOD 데이터 재게시)",2026-07-15T05:18:53+00:00
2026-07-15,SMH,NXPI,NXP Semiconductors N.V.,1.28,3223120.0,,"stockanalysis.com (백업 소스, 운용사 EOD 데이터 재게시)",2026-07-15T05:18:53+00:00
2026-07-15,SMH,ON,ON Semiconductor Corporation,0.63,4844318.0,,"stockanalysis.com (백업 소스, 운용사 EOD 데이터 재게시)",2026-07-15T05:18:53+00:00
2026-07-15,SMH,QCOM,QUALCOMM Incorporated,4.12,16018675.0,,"stockanalysis.com (백업 소스, 운용사 EOD 데이터 재게시)",2026-07-15T05:18:53+00:00
2026-07-15,SMH,SNPS,"Synopsys, Inc.",1.93,3181706.0,,"stockanalysis.com (백업 소스, 운용사 EOD 데이터 재게시)",2026-07-15T05:18:53+00:00
2026-07-15,SMH,STM,STMicroelectronics N.V.,1.29,13295661.0,,"stockanalysis.com (백업 소스, 운용사 EOD 데이터 재게시)",2026-07-15T05:18:53+00:00
2026-07-15,SMH,SWKS,"Skyworks Solutions, Inc.",0.15,1859166.0,,"stockanalysis.com (백업 소스, 운용사 EOD 데이터 재게시)",2026-07-15T05:18:53+00:00
2026-07-15,SMH,TER,"Teradyne, Inc.",1.19,2442562.0,,"stockanalysis.com (백업 소스, 운용사 EOD 데이터 재게시)",2026-07-15T05:18:53+00:00
2026-07-15,SMH,TSM,Taiwan Semiconductor Manufacturing Company Limited,9.08,15404259.0,,"stockanalysis.com (백업 소스, 운용사 EOD 데이터 재게시)",2026-07-15T05:18:53+00:00
2026-07-15,SMH,TXN,Texas Instruments Incorporated,4.69,11080217.0,,"stockanalysis.com (백업 소스, 운용사 EOD 데이터 재게시)",2026-07-15T05:18:53+00:00
2026-07-15,SOXQ,ADI,"Analog Devices, Inc.",3.8,248305.0,,"stockanalysis.com (백업 소스, 운용사 EOD 데이터 재게시)",2026-07-15T05:18:53+00:00
2026-07-15,SOXQ,ALAB,"Astera Labs, Inc.",2.72,167472.0,,"stockanalysis.com (백업 소스, 운용사 EOD 데이터 재게시)",2026-07-15T05:18:53+00:00
2026-07-15,SOXQ,AMAT,"Applied Materials, Inc.",5.23,228329.0,,"stockanalysis.com (백업 소스, 운용사 EOD 데이터 재게시)",2026-07-15T05:18:53+00:00
2026-07-15,SOXQ,AMD,"Advanced Micro Devices, Inc.",4.23,199109.0,,"stockanalysis.com (백업 소스, 운용사 EOD 데이터 재게시)",2026-07-15T05:18:53+00:00
2026-07-15,SOXQ,ARM,Arm Holdings plc,1.76,138087.0,,"stockanalysis.com (백업 소스, 운용사 EOD 데이터 재게시)",2026-07-15T05:18:53+00:00
2026-07-15,SOXQ,ASML,ASML Holding N.V.,4.47,63710.0,,"stockanalysis.com (백업 소스, 운용사 EOD 데이터 재게시)",2026-07-15T05:18:53+00:00
2026-07-15,SOXQ,AVGO,Broadcom Inc.,8.97,575026.0,,"stockanalysis.com (백업 소스, 운용사 EOD 데이터 재게시)",2026-07-15T05:18:53+00:00
2026-07-15,SOXQ,COHR,Coherent Corp.,2.43,191146.0,,"stockanalysis.com (백업 소스, 운용사 EOD 데이터 재게시)",2026-07-15T05:18:53+00:00
2026-07-15,SOXQ,CRDO,Credo Technology Group Holding Ltd,1.86,180216.0,,"stockanalysis.com (백업 소스, 운용사 EOD 데이터 재게시)",2026-07-15T05:18:53+00:00
2026-07-15,SOXQ,GFS,GLOBALFOUNDRIES Inc.,1.45,536485.0,,"stockanalysis.com (백업 소스, 운용사 EOD 데이터 재게시)",2026-07-15T05:18:53+00:00
2026-07-15,SOXQ,INTC,Intel Corporation,3.92,896070.0,,"stockanalysis.com (백업 소스, 운용사 EOD 데이터 재게시)",2026-07-15T05:18:53+00:00
2026-07-15,SOXQ,KLAC,KLA Corporation,4.77,534740.0,,"stockanalysis.com (백업 소스, 운용사 EOD 데이터 재게시)",2026-07-15T05:18:53+00:00
2026-07-15,SOXQ,LRCX,Lam Research Corporation,4.43,322969.0,,"stockanalysis.com (백업 소스, 운용사 EOD 데이터 재게시)",2026-07-15T05:18:53+00:00
2026-07-15,SOXQ,MCHP,Microchip Technology Incorporated,1.82,529644.0,,"stockanalysis.com (백업 소스, 운용사 EOD 데이터 재게시)",2026-07-15T05:18:53+00:00
2026-07-15,SOXQ,MPWR,"Monolithic Power Systems, Inc.",2.56,48004.0,,"stockanalysis.com (백업 소스, 운용사 EOD 데이터 재게시)",2026-07-15T05:18:53+00:00
2026-07-15,SOXQ,MRVL,"Marvell Technology, Inc.",4.74,501270.0,,"stockanalysis.com (백업 소스, 운용사 EOD 데이터 재게시)",2026-07-15T05:18:53+00:00
2026-07-15,SOXQ,MTSI,"MACOM Technology Solutions Holdings, Inc.",0.92,74548.0,,"stockanalysis.com (백업 소스, 운용사 EOD 데이터 재게시)",2026-07-15T05:18:53+00:00
2026-07-15,SOXQ,MU,"Micron Technology, Inc.",8.16,211659.0,,"stockanalysis.com (백업 소스, 운용사 EOD 데이터 재게시)",2026-07-15T05:18:53+00:00
2026-07-15,SOXQ,NVDA,NVIDIA Corporation,11.51,1460097.0,,"stockanalysis.com (백업 소스, 운용사 EOD 데이터 재게시)",2026-07-15T05:18:53+00:00
2026-07-15,SOXQ,NXPI,NXP Semiconductors N.V.,2.79,246676.0,,"stockanalysis.com (백업 소스, 운용사 EOD 데이터 재게시)",2026-07-15T05:18:53+00:00
2026-07-15,SOXQ,ON,ON Semiconductor Corporation,1.46,382906.0,,"stockanalysis.com (백업 소스, 운용사 EOD 데이터 재게시)",2026-07-15T05:18:53+00:00
2026-07-15,SOXQ,QCOM,QUALCOMM Incorporated,3.04,409370.0,,"stockanalysis.com (백업 소스, 운용사 EOD 데이터 재게시)",2026-07-15T05:18:53+00:00
2026-07-15,SOXQ,TER,"Teradyne, Inc.",2.16,152956.0,,"stockanalysis.com (백업 소스, 운용사 EOD 데이터 재게시)",2026-07-15T05:18:53+00:00
2026-07-15,SOXQ,TSM,Taiwan Semiconductor Manufacturing Company Limited,4.17,245574.0,,"stockanalysis.com (백업 소스, 운용사 EOD 데이터 재게시)",2026-07-15T05:18:53+00:00
2026-07-15,SOXQ,TXN,Texas Instruments Incorporated,4.03,336171.0,,"stockanalysis.com (백업 소스, 운용사 EOD 데이터 재게시)",2026-07-15T05:18:53+00:00
2026-07-15,SOXX,ADI,"Analog Devices, Inc.",3.77,4556398.0,,"stockanalysis.com (백업 소스, 운용사 EOD 데이터 재게시)",2026-07-15T05:18:53+00:00
2026-07-15,SOXX,ALAB,"Astera Labs, Inc.",2.88,3283153.0,,"stockanalysis.com (백업 소스, 운용사 EOD 데이터 재게시)",2026-07-15T05:18:53+00:00
2026-07-15,SOXX,AMAT,"Applied Materials, Inc.",5.18,4189768.0,,"stockanalysis.com (백업 소스, 운용사 EOD 데이터 재게시)",2026-07-15T05:18:53+00:00
2026-07-15,SOXX,AMD,"Advanced Micro Devices, Inc.",8.39,7307222.0,,"stockanalysis.com (백업 소스, 운용사 EOD 데이터 재게시)",2026-07-15T05:18:53+00:00
2026-07-15,SOXX,ASML,ASML Holding N.V.,2.3,607687.0,,"stockanalysis.com (백업 소스, 운용사 EOD 데이터 재게시)",2026-07-15T05:18:53+00:00
2026-07-15,SOXX,ASX,"ASE Technology Holding Co., Ltd.",1.28,14143084.0,,"stockanalysis.com (백업 소스, 운용사 EOD 데이터 재게시)",2026-07-15T05:18:53+00:00
2026-07-15,SOXX,AVGO,Broadcom Inc.,7.11,8441104.0,,"stockanalysis.com (백업 소스, 운용사 EOD 데이터 재게시)",2026-07-15T05:18:53+00:00
2026-07-15,SOXX,CRDO,Credo Technology Group Holding Ltd,2.16,3880605.0,,"stockanalysis.com (백업 소스, 운용사 EOD 데이터 재게시)",2026-07-15T05:18:53+00:00
2026-07-15,SOXX,ENTG,"Entegris, Inc.",1.09,3556180.0,,"stockanalysis.com (백업 소스, 운용사 EOD 데이터 재게시)",2026-07-15T05:18:53+00:00
2026-07-15,SOXX,INTC,Intel Corporation,5.62,23787443.0,,"stockanalysis.com (백업 소스, 운용사 EOD 데이터 재게시)",2026-07-15T05:18:53+00:00
2026-07-15,SOXX,KLAC,KLA Corporation,4.73,9812167.0,,"stockanalysis.com (백업 소스, 운용사 EOD 데이터 재게시)",2026-07-15T05:18:53+00:00
2026-07-15,SOXX,LRCX,Lam Research Corporation,4.39,5926297.0,,"stockanalysis.com (백업 소스, 운용사 EOD 데이터 재게시)",2026-07-15T05:18:53+00:00
2026-07-15,SOXX,MCHP,Microchip Technology Incorporated,2.31,12468787.0,,"stockanalysis.com (백업 소스, 운용사 EOD 데이터 재게시)",2026-07-15T05:18:53+00:00
2026-07-15,SOXX,MPWR,"Monolithic Power Systems, Inc.",3.21,1111499.0,,"stockanalysis.com (백업 소스, 운용사 EOD 데이터 재게시)",2026-07-15T05:18:53+00:00
2026-07-15,SOXX,MRVL,"Marvell Technology, Inc.",4.7,9198314.0,,"stockanalysis.com (백업 소스, 운용사 EOD 데이터 재게시)",2026-07-15T05:18:53+00:00
2026-07-15,SOXX,MTSI,"MACOM Technology Solutions Holdings, Inc.",1.08,1618934.0,,"stockanalysis.com (백업 소스, 운용사 EOD 데이터 재게시)",2026-07-15T05:18:53+00:00
2026-07-15,SOXX,MU,"Micron Technology, Inc.",8.09,3883864.0,,"stockanalysis.com (백업 소스, 운용사 EOD 데이터 재게시)",2026-07-15T05:18:53+00:00
2026-07-15,SOXX,NVDA,NVIDIA Corporation,7.6,17861352.0,,"stockanalysis.com (백업 소스, 운용사 EOD 데이터 재게시)",2026-07-15T05:18:53+00:00
2026-07-15,SOXX,NXPI,NXP Semiconductors N.V.,3.58,5867776.0,,"stockanalysis.com (백업 소스, 운용사 EOD 데이터 재게시)",2026-07-15T05:18:53+00:00
2026-07-15,SOXX,ON,ON Semiconductor Corporation,1.88,9140306.0,,"stockanalysis.com (백업 소스, 운용사 EOD 데이터 재게시)",2026-07-15T05:18:53+00:00
2026-07-15,SOXX,QCOM,QUALCOMM Incorporated,3.01,7511871.0,,"stockanalysis.com (백업 소스, 운용사 EOD 데이터 재게시)",2026-07-15T05:18:53+00:00
2026-07-15,SOXX,TER,"Teradyne, Inc.",2.78,3649016.0,,"stockanalysis.com (백업 소스, 운용사 EOD 데이터 재게시)",2026-07-15T05:18:53+00:00
2026-07-15,SOXX,TSM,Taiwan Semiconductor Manufacturing Company Limited,4.3,4684285.0,,"stockanalysis.com (백업 소스, 운용사 EOD 데이터 재게시)",2026-07-15T05:18:53+00:00
2026-07-15,SOXX,TXN,Texas Instruments Incorporated,4.0,6168660.0,,"stockanalysis.com (백업 소스, 운용사 EOD 데이터 재게시)",2026-07-15T05:18:53+00:00
2026-07-15,SOXX,UMC,United Microelectronics Corporation,1.02,19607282.0,,"stockanalysis.com (백업 소스, 운용사 EOD 데이터 재게시)",2026-07-15T05:18:53+00:00
2026-07-16,SMH,ADI,"Analog Devices, Inc.",4.28,7957659.0,,"stockanalysis.com (백업 소스, 운용사 EOD 데이터 재게시)",2026-07-16T05:28:51+00:00
2026-07-16,SMH,ALAB,"Astera Labs, Inc.",1.17,2084043.0,,"stockanalysis.com (백업 소스, 운용사 EOD 데이터 재게시)",2026-07-16T05:28:51+00:00
2026-07-16,SMH,AMAT,"Applied Materials, Inc.",5.15,6287058.0,,"stockanalysis.com (백업 소스, 운용사 EOD 데이터 재게시)",2026-07-16T05:28:51+00:00
2026-07-16,SMH,AMD,"Advanced Micro Devices, Inc.",5.82,7674458.0,,"stockanalysis.com (백업 소스, 운용사 EOD 데이터 재게시)",2026-07-16T05:28:51+00:00
2026-07-16,SMH,ARM,Arm Holdings plc,1.14,2597232.0,,"stockanalysis.com (백업 소스, 운용사 EOD 데이터 재게시)",2026-07-16T05:28:51+00:00
2026-07-16,SMH,ASML,ASML Holding N.V.,4.89,2002047.0,,"stockanalysis.com (백업 소스, 운용사 EOD 데이터 재게시)",2026-07-16T05:28:51+00:00
2026-07-16,SMH,AVGO,Broadcom Inc.,6.0,11033880.0,,"stockanalysis.com (백업 소스, 운용사 EOD 데이터 재게시)",2026-07-16T05:28:51+00:00
2026-07-16,SMH,CDNS,"Cadence Design Systems, Inc.",2.36,4527186.0,,"stockanalysis.com (백업 소스, 운용사 EOD 데이터 재게시)",2026-07-16T05:28:51+00:00
2026-07-16,SMH,INTC,Intel Corporation,4.36,29189878.0,,"stockanalysis.com (백업 소스, 운용사 EOD 데이터 재게시)",2026-07-16T05:28:51+00:00
2026-07-16,SMH,KLAC,KLA Corporation,4.6,14628472.0,,"stockanalysis.com (백업 소스, 운용사 EOD 데이터 재게시)",2026-07-16T05:28:51+00:00
2026-07-16,SMH,LRCX,Lam Research Corporation,4.62,9708259.0,,"stockanalysis.com (백업 소스, 운용사 EOD 데이터 재게시)",2026-07-16T05:28:51+00:00
2026-07-16,SMH,MCHP,Microchip Technology Incorporated,0.94,7799124.0,,"stockanalysis.com (백업 소스, 운용사 EOD 데이터 재게시)",2026-07-16T05:28:51+00:00
2026-07-16,SMH,MPWR,"Monolithic Power Systems, Inc.",1.28,696892.0,,"stockanalysis.com (백업 소스, 운용사 EOD 데이터 재게시)",2026-07-16T05:28:51+00:00
2026-07-16,SMH,MRVL,"Marvell Technology, Inc.",3.96,12370778.0,,"stockanalysis.com (백업 소스, 운용사 EOD 데이터 재게시)",2026-07-16T05:28:51+00:00
2026-07-16,SMH,MU,"Micron Technology, Inc.",5.18,3892816.0,,"stockanalysis.com (백업 소스, 운용사 EOD 데이터 재게시)",2026-07-16T05:28:51+00:00
2026-07-16,SMH,NVDA,NVIDIA Corporation,19.86,69292978.0,,"stockanalysis.com (백업 소스, 운용사 EOD 데이터 재게시)",2026-07-16T05:28:51+00:00
2026-07-16,SMH,NXPI,NXP Semiconductors N.V.,1.28,3223120.0,,"stockanalysis.com (백업 소스, 운용사 EOD 데이터 재게시)",2026-07-16T05:28:51+00:00
2026-07-16,SMH,ON,ON Semiconductor Corporation,0.63,4844318.0,,"stockanalysis.com (백업 소스, 운용사 EOD 데이터 재게시)",2026-07-16T05:28:51+00:00
2026-07-16,SMH,QCOM,QUALCOMM Incorporated,4.12,16018675.0,,"stockanalysis.com (백업 소스, 운용사 EOD 데이터 재게시)",2026-07-16T05:28:51+00:00
2026-07-16,SMH,SNPS,"Synopsys, Inc.",1.93,3181706.0,,"stockanalysis.com (백업 소스, 운용사 EOD 데이터 재게시)",2026-07-16T05:28:51+00:00
2026-07-16,SMH,STM,STMicroelectronics N.V.,1.29,13295661.0,,"stockanalysis.com (백업 소스, 운용사 EOD 데이터 재게시)",2026-07-16T05:28:51+00:00
2026-07-16,SMH,SWKS,"Skyworks Solutions, Inc.",0.15,1859166.0,,"stockanalysis.com (백업 소스, 운용사 EOD 데이터 재게시)",2026-07-16T05:28:51+00:00
2026-07-16,SMH,TER,"Teradyne, Inc.",1.19,2442562.0,,"stockanalysis.com (백업 소스, 운용사 EOD 데이터 재게시)",2026-07-16T05:28:51+00:00
2026-07-16,SMH,TSM,Taiwan Semiconductor Manufacturing Company Limited,9.08,15404259.0,,"stockanalysis.com (백업 소스, 운용사 EOD 데이터 재게시)",2026-07-16T05:28:51+00:00
2026-07-16,SMH,TXN,Texas Instruments Incorporated,4.69,11080217.0,,"stockanalysis.com (백업 소스, 운용사 EOD 데이터 재게시)",2026-07-16T05:28:51+00:00
2026-07-16,SOXQ,ADI,"Analog Devices, Inc.",3.8,248305.0,,"stockanalysis.com (백업 소스, 운용사 EOD 데이터 재게시)",2026-07-16T05:28:51+00:00
2026-07-16,SOXQ,ALAB,"Astera Labs, Inc.",2.72,167472.0,,"stockanalysis.com (백업 소스, 운용사 EOD 데이터 재게시)",2026-07-16T05:28:51+00:00
2026-07-16,SOXQ,AMAT,"Applied Materials, Inc.",5.23,228329.0,,"stockanalysis.com (백업 소스, 운용사 EOD 데이터 재게시)",2026-07-16T05:28:51+00:00
2026-07-16,SOXQ,AMD,"Advanced Micro Devices, Inc.",4.23,199109.0,,"stockanalysis.com (백업 소스, 운용사 EOD 데이터 재게시)",2026-07-16T05:28:51+00:00
2026-07-16,SOXQ,ARM,Arm Holdings plc,1.76,138087.0,,"stockanalysis.com (백업 소스, 운용사 EOD 데이터 재게시)",2026-07-16T05:28:51+00:00
2026-07-16,SOXQ,ASML,ASML Holding N.V.,4.47,63710.0,,"stockanalysis.com (백업 소스, 운용사 EOD 데이터 재게시)",2026-07-16T05:28:51+00:00
2026-07-16,SOXQ,AVGO,Broadcom Inc.,8.97,575026.0,,"stockanalysis.com (백업 소스, 운용사 EOD 데이터 재게시)",2026-07-16T05:28:51+00:00
2026-07-16,SOXQ,COHR,Coherent Corp.,2.43,191146.0,,"stockanalysis.com (백업 소스, 운용사 EOD 데이터 재게시)",2026-07-16T05:28:51+00:00
2026-07-16,SOXQ,CRDO,Credo Technology Group Holding Ltd,1.86,180216.0,,"stockanalysis.com (백업 소스, 운용사 EOD 데이터 재게시)",2026-07-16T05:28:51+00:00
2026-07-16,SOXQ,GFS,GLOBALFOUNDRIES Inc.,1.45,536485.0,,"stockanalysis.com (백업 소스, 운용사 EOD 데이터 재게시)",2026-07-16T05:28:51+00:00
2026-07-16,SOXQ,INTC,Intel Corporation,3.92,896070.0,,"stockanalysis.com (백업 소스, 운용사 EOD 데이터 재게시)",2026-07-16T05:28:51+00:00
2026-07-16,SOXQ,KLAC,KLA Corporation,4.77,534740.0,,"stockanalysis.com (백업 소스, 운용사 EOD 데이터 재게시)",2026-07-16T05:28:51+00:00
2026-07-16,SOXQ,LRCX,Lam Research Corporation,4.43,322969.0,,"stockanalysis.com (백업 소스, 운용사 EOD 데이터 재게시)",2026-07-16T05:28:51+00:00
2026-07-16,SOXQ,MCHP,Microchip Technology Incorporated,1.82,529644.0,,"stockanalysis.com (백업 소스, 운용사 EOD 데이터 재게시)",2026-07-16T05:28:51+00:00
2026-07-16,SOXQ,MPWR,"Monolithic Power Systems, Inc.",2.56,48004.0,,"stockanalysis.com (백업 소스, 운용사 EOD 데이터 재게시)",2026-07-16T05:28:51+00:00
2026-07-16,SOXQ,MRVL,"Marvell Technology, Inc.",4.74,501270.0,,"stockanalysis.com (백업 소스, 운용사 EOD 데이터 재게시)",2026-07-16T05:28:51+00:00
2026-07-16,SOXQ,MTSI,"MACOM Technology Solutions Holdings, Inc.",0.92,74548.0,,"stockanalysis.com (백업 소스, 운용사 EOD 데이터 재게시)",2026-07-16T05:28:51+00:00
2026-07-16,SOXQ,MU,"Micron Technology, Inc.",8.16,211659.0,,"stockanalysis.com (백업 소스, 운용사 EOD 데이터 재게시)",2026-07-16T05:28:51+00:00
2026-07-16,SOXQ,NVDA,NVIDIA Corporation,11.51,1460097.0,,"stockanalysis.com (백업 소스, 운용사 EOD 데이터 재게시)",2026-07-16T05:28:51+00:00
2026-07-16,SOXQ,NXPI,NXP Semiconductors N.V.,2.79,246676.0,,"stockanalysis.com (백업 소스, 운용사 EOD 데이터 재게시)",2026-07-16T05:28:51+00:00
2026-07-16,SOXQ,ON,ON Semiconductor Corporation,1.46,382906.0,,"stockanalysis.com (백업 소스, 운용사 EOD 데이터 재게시)",2026-07-16T05:28:51+00:00
2026-07-16,SOXQ,QCOM,QUALCOMM Incorporated,3.04,409370.0,,"stockanalysis.com (백업 소스, 운용사 EOD 데이터 재게시)",2026-07-16T05:28:51+00:00
2026-07-16,SOXQ,TER,"Teradyne, Inc.",2.16,152956.0,,"stockanalysis.com (백업 소스, 운용사 EOD 데이터 재게시)",2026-07-16T05:28:51+00:00
2026-07-16,SOXQ,TSM,Taiwan Semiconductor Manufacturing Company Limited,4.17,245574.0,,"stockanalysis.com (백업 소스, 운용사 EOD 데이터 재게시)",2026-07-16T05:28:51+00:00
2026-07-16,SOXQ,TXN,Texas Instruments Incorporated,4.03,336171.0,,"stockanalysis.com (백업 소스, 운용사 EOD 데이터 재게시)",2026-07-16T05:28:51+00:00
2026-07-16,SOXX,ADI,"Analog Devices, Inc.",3.77,4556398.0,,"stockanalysis.com (백업 소스, 운용사 EOD 데이터 재게시)",2026-07-16T05:28:51+00:00
2026-07-16,SOXX,ALAB,"Astera Labs, Inc.",2.88,3283153.0,,"stockanalysis.com (백업 소스, 운용사 EOD 데이터 재게시)",2026-07-16T05:28:51+00:00
2026-07-16,SOXX,AMAT,"Applied Materials, Inc.",5.18,4189768.0,,"stockanalysis.com (백업 소스, 운용사 EOD 데이터 재게시)",2026-07-16T05:28:51+00:00
2026-07-16,SOXX,AMD,"Advanced Micro Devices, Inc.",8.39,7307222.0,,"stockanalysis.com (백업 소스, 운용사 EOD 데이터 재게시)",2026-07-16T05:28:51+00:00
2026-07-16,SOXX,ASML,ASML Holding N.V.,2.3,607687.0,,"stockanalysis.com (백업 소스, 운용사 EOD 데이터 재게시)",2026-07-16T05:28:51+00:00
2026-07-16,SOXX,ASX,"ASE Technology Holding Co., Ltd.",1.28,14143084.0,,"stockanalysis.com (백업 소스, 운용사 EOD 데이터 재게시)",2026-07-16T05:28:51+00:00
2026-07-16,SOXX,AVGO,Broadcom Inc.,7.11,8441104.0,,"stockanalysis.com (백업 소스, 운용사 EOD 데이터 재게시)",2026-07-16T05:28:51+00:00
2026-07-16,SOXX,CRDO,Credo Technology Group Holding Ltd,2.16,3880605.0,,"stockanalysis.com (백업 소스, 운용사 EOD 데이터 재게시)",2026-07-16T05:28:51+00:00
2026-07-16,SOXX,ENTG,"Entegris, Inc.",1.09,3556180.0,,"stockanalysis.com (백업 소스, 운용사 EOD 데이터 재게시)",2026-07-16T05:28:51+00:00
2026-07-16,SOXX,INTC,Intel Corporation,5.62,23787443.0,,"stockanalysis.com (백업 소스, 운용사 EOD 데이터 재게시)",2026-07-16T05:28:51+00:00
2026-07-16,SOXX,KLAC,KLA Corporation,4.73,9812167.0,,"stockanalysis.com (백업 소스, 운용사 EOD 데이터 재게시)",2026-07-16T05:28:51+00:00
2026-07-16,SOXX,LRCX,Lam Research Corporation,4.39,5926297.0,,"stockanalysis.com (백업 소스, 운용사 EOD 데이터 재게시)",2026-07-16T05:28:51+00:00
2026-07-16,SOXX,MCHP,Microchip Technology Incorporated,2.31,12468787.0,,"stockanalysis.com (백업 소스, 운용사 EOD 데이터 재게시)",2026-07-16T05:28:51+00:00
2026-07-16,SOXX,MPWR,"Monolithic Power Systems, Inc.",3.21,1111499.0,,"stockanalysis.com (백업 소스, 운용사 EOD 데이터 재게시)",2026-07-16T05:28:51+00:00
2026-07-16,SOXX,MRVL,"Marvell Technology, Inc.",4.7,9198314.0,,"stockanalysis.com (백업 소스, 운용사 EOD 데이터 재게시)",2026-07-16T05:28:51+00:00
2026-07-16,SOXX,MTSI,"MACOM Technology Solutions Holdings, Inc.",1.08,1618934.0,,"stockanalysis.com (백업 소스, 운용사 EOD 데이터 재게시)",2026-07-16T05:28:51+00:00
2026-07-16,SOXX,MU,"Micron Technology, Inc.",8.09,3883864.0,,"stockanalysis.com (백업 소스, 운용사 EOD 데이터 재게시)",2026-07-16T05:28:51+00:00
2026-07-16,SOXX,NVDA,NVIDIA Corporation,7.6,17861352.0,,"stockanalysis.com (백업 소스, 운용사 EOD 데이터 재게시)",2026-07-16T05:28:51+00:00
2026-07-16,SOXX,NXPI,NXP Semiconductors N.V.,3.58,5867776.0,,"stockanalysis.com (백업 소스, 운용사 EOD 데이터 재게시)",2026-07-16T05:28:51+00:00
2026-07-16,SOXX,ON,ON Semiconductor Corporation,1.88,9140306.0,,"stockanalysis.com (백업 소스, 운용사 EOD 데이터 재게시)",2026-07-16T05:28:51+00:00
2026-07-16,SOXX,QCOM,QUALCOMM Incorporated,3.01,7511871.0,,"stockanalysis.com (백업 소스, 운용사 EOD 데이터 재게시)",2026-07-16T05:28:51+00:00
2026-07-16,SOXX,TER,"Teradyne, Inc.",2.78,3649016.0,,"stockanalysis.com (백업 소스, 운용사 EOD 데이터 재게시)",2026-07-16T05:28:51+00:00
2026-07-16,SOXX,TSM,Taiwan Semiconductor Manufacturing Company Limited,4.3,4684285.0,,"stockanalysis.com (백업 소스, 운용사 EOD 데이터 재게시)",2026-07-16T05:28:51+00:00
2026-07-16,SOXX,TXN,Texas Instruments Incorporated,4.0,6168660.0,,"stockanalysis.com (백업 소스, 운용사 EOD 데이터 재게시)",2026-07-16T05:28:51+00:00
2026-07-16,SOXX,UMC,United Microelectronics Corporation,1.02,19607282.0,,"stockanalysis.com (백업 소스, 운용사 EOD 데이터 재게시)",2026-07-16T05:28:51+00:00
2026-07-17,SMH,ADI,"Analog Devices, Inc.",4.28,7957659.0,,"stockanalysis.com (백업 소스, 운용사 EOD 데이터 재게시)",2026-07-17T05:30:28+00:00
2026-07-17,SMH,ALAB,"Astera Labs, Inc.",1.17,2084043.0,,"stockanalysis.com (백업 소스, 운용사 EOD 데이터 재게시)",2026-07-17T05:30:28+00:00
2026-07-17,SMH,AMAT,"Applied Materials, Inc.",5.15,6287058.0,,"stockanalysis.com (백업 소스, 운용사 EOD 데이터 재게시)",2026-07-17T05:30:28+00:00
2026-07-17,SMH,AMD,"Advanced Micro Devices, Inc.",5.82,7674458.0,,"stockanalysis.com (백업 소스, 운용사 EOD 데이터 재게시)",2026-07-17T05:30:28+00:00
2026-07-17,SMH,ARM,Arm Holdings plc,1.14,2597232.0,,"stockanalysis.com (백업 소스, 운용사 EOD 데이터 재게시)",2026-07-17T05:30:28+00:00
2026-07-17,SMH,ASML,ASML Holding N.V.,4.89,2002047.0,,"stockanalysis.com (백업 소스, 운용사 EOD 데이터 재게시)",2026-07-17T05:30:28+00:00
2026-07-17,SMH,AVGO,Broadcom Inc.,6.0,11033880.0,,"stockanalysis.com (백업 소스, 운용사 EOD 데이터 재게시)",2026-07-17T05:30:28+00:00
2026-07-17,SMH,CDNS,"Cadence Design Systems, Inc.",2.36,4527186.0,,"stockanalysis.com (백업 소스, 운용사 EOD 데이터 재게시)",2026-07-17T05:30:28+00:00
2026-07-17,SMH,INTC,Intel Corporation,4.36,29189878.0,,"stockanalysis.com (백업 소스, 운용사 EOD 데이터 재게시)",2026-07-17T05:30:28+00:00
2026-07-17,SMH,KLAC,KLA Corporation,4.6,14628472.0,,"stockanalysis.com (백업 소스, 운용사 EOD 데이터 재게시)",2026-07-17T05:30:28+00:00
2026-07-17,SMH,LRCX,Lam Research Corporation,4.62,9708259.0,,"stockanalysis.com (백업 소스, 운용사 EOD 데이터 재게시)",2026-07-17T05:30:28+00:00
2026-07-17,SMH,MCHP,Microchip Technology Incorporated,0.94,7799124.0,,"stockanalysis.com (백업 소스, 운용사 EOD 데이터 재게시)",2026-07-17T05:30:28+00:00
2026-07-17,SMH,MPWR,"Monolithic Power Systems, Inc.",1.28,696892.0,,"stockanalysis.com (백업 소스, 운용사 EOD 데이터 재게시)",2026-07-17T05:30:28+00:00
2026-07-17,SMH,MRVL,"Marvell Technology, Inc.",3.96,12370778.0,,"stockanalysis.com (백업 소스, 운용사 EOD 데이터 재게시)",2026-07-17T05:30:28+00:00
2026-07-17,SMH,MU,"Micron Technology, Inc.",5.18,3892816.0,,"stockanalysis.com (백업 소스, 운용사 EOD 데이터 재게시)",2026-07-17T05:30:28+00:00
2026-07-17,SMH,NVDA,NVIDIA Corporation,19.86,69292978.0,,"stockanalysis.com (백업 소스, 운용사 EOD 데이터 재게시)",2026-07-17T05:30:28+00:00
2026-07-17,SMH,NXPI,NXP Semiconductors N.V.,1.28,3223120.0,,"stockanalysis.com (백업 소스, 운용사 EOD 데이터 재게시)",2026-07-17T05:30:28+00:00
2026-07-17,SMH,ON,ON Semiconductor Corporation,0.63,4844318.0,,"stockanalysis.com (백업 소스, 운용사 EOD 데이터 재게시)",2026-07-17T05:30:28+00:00
2026-07-17,SMH,QCOM,QUALCOMM Incorporated,4.12,16018675.0,,"stockanalysis.com (백업 소스, 운용사 EOD 데이터 재게시)",2026-07-17T05:30:28+00:00
2026-07-17,SMH,SNPS,"Synopsys, Inc.",1.93,3181706.0,,"stockanalysis.com (백업 소스, 운용사 EOD 데이터 재게시)",2026-07-17T05:30:28+00:00
2026-07-17,SMH,STM,STMicroelectronics N.V.,1.29,13295661.0,,"stockanalysis.com (백업 소스, 운용사 EOD 데이터 재게시)",2026-07-17T05:30:28+00:00
2026-07-17,SMH,SWKS,"Skyworks Solutions, Inc.",0.15,1859166.0,,"stockanalysis.com (백업 소스, 운용사 EOD 데이터 재게시)",2026-07-17T05:30:28+00:00
2026-07-17,SMH,TER,"Teradyne, Inc.",1.19,2442562.0,,"stockanalysis.com (백업 소스, 운용사 EOD 데이터 재게시)",2026-07-17T05:30:28+00:00
2026-07-17,SMH,TSM,Taiwan Semiconductor Manufacturing Company Limited,9.08,15404259.0,,"stockanalysis.com (백업 소스, 운용사 EOD 데이터 재게시)",2026-07-17T05:30:28+00:00
2026-07-17,SMH,TXN,Texas Instruments Incorporated,4.69,11080217.0,,"stockanalysis.com (백업 소스, 운용사 EOD 데이터 재게시)",2026-07-17T05:30:28+00:00
2026-07-17,SOXQ,ADI,"Analog Devices, Inc.",3.8,248305.0,,"stockanalysis.com (백업 소스, 운용사 EOD 데이터 재게시)",2026-07-17T05:30:28+00:00
2026-07-17,SOXQ,ALAB,"Astera Labs, Inc.",2.72,167472.0,,"stockanalysis.com (백업 소스, 운용사 EOD 데이터 재게시)",2026-07-17T05:30:28+00:00
2026-07-17,SOXQ,AMAT,"Applied Materials, Inc.",5.23,228329.0,,"stockanalysis.com (백업 소스, 운용사 EOD 데이터 재게시)",2026-07-17T05:30:28+00:00
2026-07-17,SOXQ,AMD,"Advanced Micro Devices, Inc.",4.23,199109.0,,"stockanalysis.com (백업 소스, 운용사 EOD 데이터 재게시)",2026-07-17T05:30:28+00:00
2026-07-17,SOXQ,ARM,Arm Holdings plc,1.76,138087.0,,"stockanalysis.com (백업 소스, 운용사 EOD 데이터 재게시)",2026-07-17T05:30:28+00:00
2026-07-17,SOXQ,ASML,ASML Holding N.V.,4.47,63710.0,,"stockanalysis.com (백업 소스, 운용사 EOD 데이터 재게시)",2026-07-17T05:30:28+00:00
2026-07-17,SOXQ,AVGO,Broadcom Inc.,8.97,575026.0,,"stockanalysis.com (백업 소스, 운용사 EOD 데이터 재게시)",2026-07-17T05:30:28+00:00
2026-07-17,SOXQ,COHR,Coherent Corp.,2.43,191146.0,,"stockanalysis.com (백업 소스, 운용사 EOD 데이터 재게시)",2026-07-17T05:30:28+00:00
2026-07-17,SOXQ,CRDO,Credo Technology Group Holding Ltd,1.86,180216.0,,"stockanalysis.com (백업 소스, 운용사 EOD 데이터 재게시)",2026-07-17T05:30:28+00:00
2026-07-17,SOXQ,GFS,GLOBALFOUNDRIES Inc.,1.45,536485.0,,"stockanalysis.com (백업 소스, 운용사 EOD 데이터 재게시)",2026-07-17T05:30:28+00:00
2026-07-17,SOXQ,INTC,Intel Corporation,3.92,896070.0,,"stockanalysis.com (백업 소스, 운용사 EOD 데이터 재게시)",2026-07-17T05:30:28+00:00
2026-07-17,SOXQ,KLAC,KLA Corporation,4.77,534740.0,,"stockanalysis.com (백업 소스, 운용사 EOD 데이터 재게시)",2026-07-17T05:30:28+00:00
2026-07-17,SOXQ,LRCX,Lam Research Corporation,4.43,322969.0,,"stockanalysis.com (백업 소스, 운용사 EOD 데이터 재게시)",2026-07-17T05:30:28+00:00
2026-07-17,SOXQ,MCHP,Microchip Technology Incorporated,1.82,529644.0,,"stockanalysis.com (백업 소스, 운용사 EOD 데이터 재게시)",2026-07-17T05:30:28+00:00
2026-07-17,SOXQ,MPWR,"Monolithic Power Systems, Inc.",2.56,48004.0,,"stockanalysis.com (백업 소스, 운용사 EOD 데이터 재게시)",2026-07-17T05:30:28+00:00
2026-07-17,SOXQ,MRVL,"Marvell Technology, Inc.",4.74,501270.0,,"stockanalysis.com (백업 소스, 운용사 EOD 데이터 재게시)",2026-07-17T05:30:28+00:00
2026-07-17,SOXQ,MTSI,"MACOM Technology Solutions Holdings, Inc.",0.92,74548.0,,"stockanalysis.com (백업 소스, 운용사 EOD 데이터 재게시)",2026-07-17T05:30:28+00:00
2026-07-17,SOXQ,MU,"Micron Technology, Inc.",8.16,211659.0,,"stockanalysis.com (백업 소스, 운용사 EOD 데이터 재게시)",2026-07-17T05:30:28+00:00
2026-07-17,SOXQ,NVDA,NVIDIA Corporation,11.51,1460097.0,,"stockanalysis.com (백업 소스, 운용사 EOD 데이터 재게시)",2026-07-17T05:30:28+00:00
2026-07-17,SOXQ,NXPI,NXP Semiconductors N.V.,2.79,246676.0,,"stockanalysis.com (백업 소스, 운용사 EOD 데이터 재게시)",2026-07-17T05:30:28+00:00
2026-07-17,SOXQ,ON,ON Semiconductor Corporation,1.46,382906.0,,"stockanalysis.com (백업 소스, 운용사 EOD 데이터 재게시)",2026-07-17T05:30:28+00:00
2026-07-17,SOXQ,QCOM,QUALCOMM Incorporated,3.04,409370.0,,"stockanalysis.com (백업 소스, 운용사 EOD 데이터 재게시)",2026-07-17T05:30:28+00:00
2026-07-17,SOXQ,TER,"Teradyne, Inc.",2.16,152956.0,,"stockanalysis.com (백업 소스, 운용사 EOD 데이터 재게시)",2026-07-17T05:30:28+00:00
2026-07-17,SOXQ,TSM,Taiwan Semiconductor Manufacturing Company Limited,4.17,245574.0,,"stockanalysis.com (백업 소스, 운용사 EOD 데이터 재게시)",2026-07-17T05:30:28+00:00
2026-07-17,SOXQ,TXN,Texas Instruments Incorporated,4.03,336171.0,,"stockanalysis.com (백업 소스, 운용사 EOD 데이터 재게시)",2026-07-17T05:30:28+00:00
2026-07-17,SOXX,ADI,"Analog Devices, Inc.",3.77,4556398.0,,"stockanalysis.com (백업 소스, 운용사 EOD 데이터 재게시)",2026-07-17T05:30:28+00:00
2026-07-17,SOXX,ALAB,"Astera Labs, Inc.",2.88,3283153.0,,"stockanalysis.com (백업 소스, 운용사 EOD 데이터 재게시)",2026-07-17T05:30:28+00:00
2026-07-17,SOXX,AMAT,"Applied Materials, Inc.",5.18,4189768.0,,"stockanalysis.com (백업 소스, 운용사 EOD 데이터 재게시)",2026-07-17T05:30:28+00:00
2026-07-17,SOXX,AMD,"Advanced Micro Devices, Inc.",8.39,7307222.0,,"stockanalysis.com (백업 소스, 운용사 EOD 데이터 재게시)",2026-07-17T05:30:28+00:00
2026-07-17,SOXX,ASML,ASML Holding N.V.,2.3,607687.0,,"stockanalysis.com (백업 소스, 운용사 EOD 데이터 재게시)",2026-07-17T05:30:28+00:00
2026-07-17,SOXX,ASX,"ASE Technology Holding Co., Ltd.",1.28,14143084.0,,"stockanalysis.com (백업 소스, 운용사 EOD 데이터 재게시)",2026-07-17T05:30:28+00:00
2026-07-17,SOXX,AVGO,Broadcom Inc.,7.11,8441104.0,,"stockanalysis.com (백업 소스, 운용사 EOD 데이터 재게시)",2026-07-17T05:30:28+00:00
2026-07-17,SOXX,CRDO,Credo Technology Group Holding Ltd,2.16,3880605.0,,"stockanalysis.com (백업 소스, 운용사 EOD 데이터 재게시)",2026-07-17T05:30:28+00:00
2026-07-17,SOXX,ENTG,"Entegris, Inc.",1.09,3556180.0,,"stockanalysis.com (백업 소스, 운용사 EOD 데이터 재게시)",2026-07-17T05:30:28+00:00
2026-07-17,SOXX,INTC,Intel Corporation,5.62,23787443.0,,"stockanalysis.com (백업 소스, 운용사 EOD 데이터 재게시)",2026-07-17T05:30:28+00:00
2026-07-17,SOXX,KLAC,KLA Corporation,4.73,9812167.0,,"stockanalysis.com (백업 소스, 운용사 EOD 데이터 재게시)",2026-07-17T05:30:28+00:00
2026-07-17,SOXX,LRCX,Lam Research Corporation,4.39,5926297.0,,"stockanalysis.com (백업 소스, 운용사 EOD 데이터 재게시)",2026-07-17T05:30:28+00:00
2026-07-17,SOXX,MCHP,Microchip Technology Incorporated,2.31,12468787.0,,"stockanalysis.com (백업 소스, 운용사 EOD 데이터 재게시)",2026-07-17T05:30:28+00:00
2026-07-17,SOXX,MPWR,"Monolithic Power Systems, Inc.",3.21,1111499.0,,"stockanalysis.com (백업 소스, 운용사 EOD 데이터 재게시)",2026-07-17T05:30:28+00:00
2026-07-17,SOXX,MRVL,"Marvell Technology, Inc.",4.7,9198314.0,,"stockanalysis.com (백업 소스, 운용사 EOD 데이터 재게시)",2026-07-17T05:30:28+00:00
2026-07-17,SOXX,MTSI,"MACOM Technology Solutions Holdings, Inc.",1.08,1618934.0,,"stockanalysis.com (백업 소스, 운용사 EOD 데이터 재게시)",2026-07-17T05:30:28+00:00
2026-07-17,SOXX,MU,"Micron Technology, Inc.",8.09,3883864.0,,"stockanalysis.com (백업 소스, 운용사 EOD 데이터 재게시)",2026-07-17T05:30:28+00:00
2026-07-17,SOXX,NVDA,NVIDIA Corporation,7.6,17861352.0,,"stockanalysis.com (백업 소스, 운용사 EOD 데이터 재게시)",2026-07-17T05:30:28+00:00
2026-07-17,SOXX,NXPI,NXP Semiconductors N.V.,3.58,5867776.0,,"stockanalysis.com (백업 소스, 운용사 EOD 데이터 재게시)",2026-07-17T05:30:28+00:00
2026-07-17,SOXX,ON,ON Semiconductor Corporation,1.88,9140306.0,,"stockanalysis.com (백업 소스, 운용사 EOD 데이터 재게시)",2026-07-17T05:30:28+00:00
2026-07-17,SOXX,QCOM,QUALCOMM Incorporated,3.01,7511871.0,,"stockanalysis.com (백업 소스, 운용사 EOD 데이터 재게시)",2026-07-17T05:30:28+00:00
2026-07-17,SOXX,TER,"Teradyne, Inc.",2.78,3649016.0,,"stockanalysis.com (백업 소스, 운용사 EOD 데이터 재게시)",2026-07-17T05:30:28+00:00
2026-07-17,SOXX,TSM,Taiwan Semiconductor Manufacturing Company Limited,4.3,4684285.0,,"stockanalysis.com (백업 소스, 운용사 EOD 데이터 재게시)",2026-07-17T05:30:28+00:00
2026-07-17,SOXX,TXN,Texas Instruments Incorporated,4.0,6168660.0,,"stockanalysis.com (백업 소스, 운용사 EOD 데이터 재게시)",2026-07-17T05:30:28+00:00
2026-07-17,SOXX,UMC,United Microelectronics Corporation,1.02,19607282.0,,"stockanalysis.com (백업 소스, 운용사 EOD 데이터 재게시)",2026-07-17T05:30:28+00:00
2026-07-18,SMH,ADI,"Analog Devices, Inc.",4.37,7924609.0,,"stockanalysis.com (백업 소스, 운용사 EOD 데이터 재게시)",2026-07-18T05:15:55+00:00
2026-07-18,SMH,ALAB,"Astera Labs, Inc.",1.03,2075393.0,,"stockanalysis.com (백업 소스, 운용사 EOD 데이터 재게시)",2026-07-18T05:15:55+00:00
2026-07-18,SMH,AMAT,"Applied Materials, Inc.",5.12,6260948.0,,"stockanalysis.com (백업 소스, 운용사 EOD 데이터 재게시)",2026-07-18T05:15:55+00:00
2026-07-18,SMH,AMD,"Advanced Micro Devices, Inc.",5.71,7642588.0,,"stockanalysis.com (백업 소스, 운용사 EOD 데이터 재게시)",2026-07-18T05:15:55+00:00
2026-07-18,SMH,ARM,Arm Holdings plc,1.01,2586442.0,,"stockanalysis.com (백업 소스, 운용사 EOD 데이터 재게시)",2026-07-18T05:15:55+00:00
2026-07-18,SMH,ASML,ASML Holding N.V.,5.11,1993737.0,,"stockanalysis.com (백업 소스, 운용사 EOD 데이터 재게시)",2026-07-18T05:15:55+00:00
2026-07-18,SMH,AVGO,Broadcom Inc.,6.12,10987910.0,,"stockanalysis.com (백업 소스, 운용사 EOD 데이터 재게시)",2026-07-18T05:15:55+00:00
2026-07-18,SMH,CDNS,"Cadence Design Systems, Inc.",2.36,4508386.0,,"stockanalysis.com (백업 소스, 운용사 EOD 데이터 재게시)",2026-07-18T05:15:55+00:00
2026-07-18,SMH,INTC,Intel Corporation,4.23,29068648.0,,"stockanalysis.com (백업 소스, 운용사 EOD 데이터 재게시)",2026-07-18T05:15:55+00:00
2026-07-18,SMH,KLAC,KLA Corporation,4.62,14567712.0,,"stockanalysis.com (백업 소스, 운용사 EOD 데이터 재게시)",2026-07-18T05:15:55+00:00
2026-07-18,SMH,LRCX,Lam Research Corporation,4.58,9667939.0,,"stockanalysis.com (백업 소스, 운용사 EOD 데이터 재게시)",2026-07-18T05:15:55+00:00
2026-07-18,SMH,MCHP,Microchip Technology Incorporated,0.95,7766734.0,,"stockanalysis.com (백업 소스, 운용사 EOD 데이터 재게시)",2026-07-18T05:15:55+00:00
2026-07-18,SMH,MPWR,"Monolithic Power Systems, Inc.",1.33,694002.0,,"stockanalysis.com (백업 소스, 운용사 EOD 데이터 재게시)",2026-07-18T05:15:55+00:00
2026-07-18,SMH,MRVL,"Marvell Technology, Inc.",3.59,12319408.0,,"stockanalysis.com (백업 소스, 운용사 EOD 데이터 재게시)",2026-07-18T05:15:55+00:00
2026-07-18,SMH,MU,"Micron Technology, Inc.",4.95,3876646.0,,"stockanalysis.com (백업 소스, 운용사 EOD 데이터 재게시)",2026-07-18T05:15:55+00:00
2026-07-18,SMH,NVDA,NVIDIA Corporation,20.7,69005218.0,,"stockanalysis.com (백업 소스, 운용사 EOD 데이터 재게시)",2026-07-18T05:15:55+00:00
2026-07-18,SMH,NXPI,NXP Semiconductors N.V.,1.26,3209730.0,,"stockanalysis.com (백업 소스, 운용사 EOD 데이터 재게시)",2026-07-18T05:15:55+00:00
2026-07-18,SMH,ON,ON Semiconductor Corporation,0.63,4824198.0,,"stockanalysis.com (백업 소스, 운용사 EOD 데이터 재게시)",2026-07-18T05:15:55+00:00
2026-07-18,SMH,QCOM,QUALCOMM Incorporated,4.01,15952155.0,,"stockanalysis.com (백업 소스, 운용사 EOD 데이터 재게시)",2026-07-18T05:15:55+00:00
2026-07-18,SMH,SNPS,"Synopsys, Inc.",1.9,3168496.0,,"stockanalysis.com (백업 소스, 운용사 EOD 데이터 재게시)",2026-07-18T05:15:55+00:00
2026-07-18,SMH,STM,STMicroelectronics N.V.,1.27,13240451.0,,"stockanalysis.com (백업 소스, 운용사 EOD 데이터 재게시)",2026-07-18T05:15:55+00:00
2026-07-18,SMH,SWKS,"Skyworks Solutions, Inc.",0.15,1851446.0,,"stockanalysis.com (백업 소스, 운용사 EOD 데이터 재게시)",2026-07-18T05:15:55+00:00
2026-07-18,SMH,TER,"Teradyne, Inc.",1.17,2432422.0,,"stockanalysis.com (백업 소스, 운용사 EOD 데이터 재게시)",2026-07-18T05:15:55+00:00
2026-07-18,SMH,TSM,Taiwan Semiconductor Manufacturing Company Limited,9.08,15340289.0,,"stockanalysis.com (백업 소스, 운용사 EOD 데이터 재게시)",2026-07-18T05:15:55+00:00
2026-07-18,SMH,TXN,Texas Instruments Incorporated,4.69,11034207.0,,"stockanalysis.com (백업 소스, 운용사 EOD 데이터 재게시)",2026-07-18T05:15:55+00:00
2026-07-18,SOXQ,ADI,"Analog Devices, Inc.",4.01,255397.0,,"stockanalysis.com (백업 소스, 운용사 EOD 데이터 재게시)",2026-07-18T05:15:55+00:00
2026-07-18,SOXQ,ALAB,"Astera Labs, Inc.",2.27,172260.0,,"stockanalysis.com (백업 소스, 운용사 EOD 데이터 재게시)",2026-07-18T05:15:55+00:00
2026-07-18,SOXQ,AMAT,"Applied Materials, Inc.",5.44,234845.0,,"stockanalysis.com (백업 소스, 운용사 EOD 데이터 재게시)",2026-07-18T05:15:55+00:00
2026-07-18,SOXQ,AMD,"Advanced Micro Devices, Inc.",4.23,204797.0,,"stockanalysis.com (백업 소스, 운용사 EOD 데이터 재게시)",2026-07-18T05:15:55+00:00
2026-07-18,SOXQ,ARM,Arm Holdings plc,1.54,142047.0,,"stockanalysis.com (백업 소스, 운용사 EOD 데이터 재게시)",2026-07-18T05:15:55+00:00
2026-07-18,SOXQ,ASML,ASML Holding N.V.,4.83,65546.0,,"stockanalysis.com (백업 소스, 운용사 EOD 데이터 재게시)",2026-07-18T05:15:55+00:00
2026-07-18,SOXQ,AVGO,Broadcom Inc.,9.14,591442.0,,"stockanalysis.com (백업 소스, 운용사 EOD 데이터 재게시)",2026-07-18T05:15:55+00:00
2026-07-18,SOXQ,COHR,Coherent Corp.,2.25,196618.0,,"stockanalysis.com (백업 소스, 운용사 EOD 데이터 재게시)",2026-07-18T05:15:55+00:00
2026-07-18,SOXQ,CRDO,Credo Technology Group Holding Ltd,1.59,185364.0,,"stockanalysis.com (백업 소스, 운용사 EOD 데이터 재게시)",2026-07-18T05:15:55+00:00
2026-07-18,SOXQ,GFS,GLOBALFOUNDRIES Inc.,1.33,551785.0,,"stockanalysis.com (백업 소스, 운용사 EOD 데이터 재게시)",2026-07-18T05:15:55+00:00
2026-07-18,SOXQ,INTC,Intel Corporation,3.69,921666.0,,"stockanalysis.com (백업 소스, 운용사 EOD 데이터 재게시)",2026-07-18T05:15:55+00:00
2026-07-18,SOXQ,KLAC,KLA Corporation,4.98,550004.0,,"stockanalysis.com (백업 소스, 운용사 EOD 데이터 재게시)",2026-07-18T05:15:55+00:00
2026-07-18,SOXQ,LRCX,Lam Research Corporation,4.4,332185.0,,"stockanalysis.com (백업 소스, 운용사 EOD 데이터 재게시)",2026-07-18T05:15:55+00:00
2026-07-18,SOXQ,MCHP,Microchip Technology Incorporated,1.84,544764.0,,"stockanalysis.com (백업 소스, 운용사 EOD 데이터 재게시)",2026-07-18T05:15:55+00:00
2026-07-18,SOXQ,MPWR,"Monolithic Power Systems, Inc.",2.66,49372.0,,"stockanalysis.com (백업 소스, 운용사 EOD 데이터 재게시)",2026-07-18T05:15:55+00:00
2026-07-18,SOXQ,MRVL,"Marvell Technology, Inc.",4.01,515598.0,,"stockanalysis.com (백업 소스, 운용사 EOD 데이터 재게시)",2026-07-18T05:15:55+00:00
2026-07-18,SOXQ,MTSI,"MACOM Technology Solutions Holdings, Inc.",0.87,76672.0,,"stockanalysis.com (백업 소스, 운용사 EOD 데이터 재게시)",2026-07-18T05:15:55+00:00
2026-07-18,SOXQ,MU,"Micron Technology, Inc.",7.67,217707.0,,"stockanalysis.com (백업 소스, 운용사 EOD 데이터 재게시)",2026-07-18T05:15:55+00:00
2026-07-18,SOXQ,NVDA,NVIDIA Corporation,12.86,1501785.0,,"stockanalysis.com (백업 소스, 운용사 EOD 데이터 재게시)",2026-07-18T05:15:55+00:00
2026-07-18,SOXQ,NXPI,NXP Semiconductors N.V.,2.83,253732.0,,"stockanalysis.com (백업 소스, 운용사 EOD 데이터 재게시)",2026-07-18T05:15:55+00:00
2026-07-18,SOXQ,ON,ON Semiconductor Corporation,1.43,393850.0,,"stockanalysis.com (백업 소스, 운용사 EOD 데이터 재게시)",2026-07-18T05:15:55+00:00
2026-07-18,SOXQ,QCOM,QUALCOMM Incorporated,2.97,421070.0,,"stockanalysis.com (백업 소스, 운용사 EOD 데이터 재게시)",2026-07-18T05:15:55+00:00
2026-07-18,SOXQ,TER,"Teradyne, Inc.",2.09,157312.0,,"stockanalysis.com (백업 소스, 운용사 EOD 데이터 재게시)",2026-07-18T05:15:55+00:00
2026-07-18,SOXQ,TSM,Taiwan Semiconductor Manufacturing Company Limited,4.27,252594.0,,"stockanalysis.com (백업 소스, 운용사 EOD 데이터 재게시)",2026-07-18T05:15:55+00:00
2026-07-18,SOXQ,TXN,Texas Instruments Incorporated,4.16,345783.0,,"stockanalysis.com (백업 소스, 운용사 EOD 데이터 재게시)",2026-07-18T05:15:55+00:00
2026-07-18,SOXX,ADI,"Analog Devices, Inc.",3.77,4556398.0,,"stockanalysis.com (백업 소스, 운용사 EOD 데이터 재게시)",2026-07-18T05:15:55+00:00
2026-07-18,SOXX,ALAB,"Astera Labs, Inc.",2.88,3283153.0,,"stockanalysis.com (백업 소스, 운용사 EOD 데이터 재게시)",2026-07-18T05:15:55+00:00
2026-07-18,SOXX,AMAT,"Applied Materials, Inc.",5.18,4189768.0,,"stockanalysis.com (백업 소스, 운용사 EOD 데이터 재게시)",2026-07-18T05:15:55+00:00
2026-07-18,SOXX,AMD,"Advanced Micro Devices, Inc.",8.39,7307222.0,,"stockanalysis.com (백업 소스, 운용사 EOD 데이터 재게시)",2026-07-18T05:15:55+00:00
2026-07-18,SOXX,ASML,ASML Holding N.V.,2.3,607687.0,,"stockanalysis.com (백업 소스, 운용사 EOD 데이터 재게시)",2026-07-18T05:15:55+00:00
2026-07-18,SOXX,ASX,"ASE Technology Holding Co., Ltd.",1.28,14143084.0,,"stockanalysis.com (백업 소스, 운용사 EOD 데이터 재게시)",2026-07-18T05:15:55+00:00
2026-07-18,SOXX,AVGO,Broadcom Inc.,7.11,8441104.0,,"stockanalysis.com (백업 소스, 운용사 EOD 데이터 재게시)",2026-07-18T05:15:55+00:00
2026-07-18,SOXX,CRDO,Credo Technology Group Holding Ltd,2.16,3880605.0,,"stockanalysis.com (백업 소스, 운용사 EOD 데이터 재게시)",2026-07-18T05:15:55+00:00
2026-07-18,SOXX,ENTG,"Entegris, Inc.",1.09,3556180.0,,"stockanalysis.com (백업 소스, 운용사 EOD 데이터 재게시)",2026-07-18T05:15:55+00:00
2026-07-18,SOXX,INTC,Intel Corporation,5.62,23787443.0,,"stockanalysis.com (백업 소스, 운용사 EOD 데이터 재게시)",2026-07-18T05:15:55+00:00
2026-07-18,SOXX,KLAC,KLA Corporation,4.73,9812167.0,,"stockanalysis.com (백업 소스, 운용사 EOD 데이터 재게시)",2026-07-18T05:15:55+00:00
2026-07-18,SOXX,LRCX,Lam Research Corporation,4.39,5926297.0,,"stockanalysis.com (백업 소스, 운용사 EOD 데이터 재게시)",2026-07-18T05:15:55+00:00
2026-07-18,SOXX,MCHP,Microchip Technology Incorporated,2.31,12468787.0,,"stockanalysis.com (백업 소스, 운용사 EOD 데이터 재게시)",2026-07-18T05:15:55+00:00
2026-07-18,SOXX,MPWR,"Monolithic Power Systems, Inc.",3.21,1111499.0,,"stockanalysis.com (백업 소스, 운용사 EOD 데이터 재게시)",2026-07-18T05:15:55+00:00
2026-07-18,SOXX,MRVL,"Marvell Technology, Inc.",4.7,9198314.0,,"stockanalysis.com (백업 소스, 운용사 EOD 데이터 재게시)",2026-07-18T05:15:55+00:00
2026-07-18,SOXX,MTSI,"MACOM Technology Solutions Holdings, Inc.",1.08,1618934.0,,"stockanalysis.com (백업 소스, 운용사 EOD 데이터 재게시)",2026-07-18T05:15:55+00:00
2026-07-18,SOXX,MU,"Micron Technology, Inc.",8.09,3883864.0,,"stockanalysis.com (백업 소스, 운용사 EOD 데이터 재게시)",2026-07-18T05:15:55+00:00
2026-07-18,SOXX,NVDA,NVIDIA Corporation,7.6,17861352.0,,"stockanalysis.com (백업 소스, 운용사 EOD 데이터 재게시)",2026-07-18T05:15:55+00:00
2026-07-18,SOXX,NXPI,NXP Semiconductors N.V.,3.58,5867776.0,,"stockanalysis.com (백업 소스, 운용사 EOD 데이터 재게시)",2026-07-18T05:15:55+00:00
2026-07-18,SOXX,ON,ON Semiconductor Corporation,1.88,9140306.0,,"stockanalysis.com (백업 소스, 운용사 EOD 데이터 재게시)",2026-07-18T05:15:55+00:00
2026-07-18,SOXX,QCOM,QUALCOMM Incorporated,3.01,7511871.0,,"stockanalysis.com (백업 소스, 운용사 EOD 데이터 재게시)",2026-07-18T05:15:55+00:00
2026-07-18,SOXX,TER,"Teradyne, Inc.",2.78,3649016.0,,"stockanalysis.com (백업 소스, 운용사 EOD 데이터 재게시)",2026-07-18T05:15:55+00:00
2026-07-18,SOXX,TSM,Taiwan Semiconductor Manufacturing Company Limited,4.3,4684285.0,,"stockanalysis.com (백업 소스, 운용사 EOD 데이터 재게시)",2026-07-18T05:15:55+00:00
2026-07-18,SOXX,TXN,Texas Instruments Incorporated,4.0,6168660.0,,"stockanalysis.com (백업 소스, 운용사 EOD 데이터 재게시)",2026-07-18T05:15:55+00:00
2026-07-18,SOXX,UMC,United Microelectronics Corporation,1.02,19607282.0,,"stockanalysis.com (백업 소스, 운용사 EOD 데이터 재게시)",2026-07-18T05:15:55+00:00
2026-07-19,SMH,ADI,"Analog Devices, Inc.",4.42,7954354.0,,"stockanalysis.com (백업 소스, 운용사 EOD 데이터 재게시)",2026-07-19T05:39:27+00:00
2026-07-19,SMH,ALAB,"Astera Labs, Inc.",0.97,2083178.0,,"stockanalysis.com (백업 소스, 운용사 EOD 데이터 재게시)",2026-07-19T05:39:27+00:00
2026-07-19,SMH,AMAT,"Applied Materials, Inc.",5.15,6284447.0,,"stockanalysis.com (백업 소스, 운용사 EOD 데이터 재게시)",2026-07-19T05:39:27+00:00
2026-07-19,SMH,AMD,"Advanced Micro Devices, Inc.",5.61,7671271.0,,"stockanalysis.com (백업 소스, 운용사 EOD 데이터 재게시)",2026-07-19T05:39:27+00:00
2026-07-19,SMH,ARM,Arm Holdings plc,0.99,2596153.0,,"stockanalysis.com (백업 소스, 운용사 EOD 데이터 재게시)",2026-07-19T05:39:27+00:00
2026-07-19,SMH,ASML,ASML Holding N.V.,5.22,2001216.0,,"stockanalysis.com (백업 소스, 운용사 EOD 데이터 재게시)",2026-07-19T05:39:27+00:00
2026-07-19,SMH,AVGO,Broadcom Inc.,6.03,11029283.0,,"stockanalysis.com (백업 소스, 운용사 EOD 데이터 재게시)",2026-07-19T05:39:27+00:00
2026-07-19,SMH,CDNS,"Cadence Design Systems, Inc.",2.41,4525306.0,,"stockanalysis.com (백업 소스, 운용사 EOD 데이터 재게시)",2026-07-19T05:39:27+00:00
2026-07-19,SMH,INTC,Intel Corporation,4.13,29177755.0,,"stockanalysis.com (백업 소스, 운용사 EOD 데이터 재게시)",2026-07-19T05:39:27+00:00
2026-07-19,SMH,KLAC,KLA Corporation,4.68,14622396.0,,"stockanalysis.com (백업 소스, 운용사 EOD 데이터 재게시)",2026-07-19T05:39:27+00:00
2026-07-19,SMH,LRCX,Lam Research Corporation,4.55,9704227.0,,"stockanalysis.com (백업 소스, 운용사 EOD 데이터 재게시)",2026-07-19T05:39:27+00:00
2026-07-19,SMH,MCHP,Microchip Technology Incorporated,0.93,7795885.0,,"stockanalysis.com (백업 소스, 운용사 EOD 데이터 재게시)",2026-07-19T05:39:27+00:00
2026-07-19,SMH,MPWR,"Monolithic Power Systems, Inc.",1.33,696603.0,,"stockanalysis.com (백업 소스, 운용사 EOD 데이터 재게시)",2026-07-19T05:39:27+00:00
2026-07-19,SMH,MRVL,"Marvell Technology, Inc.",3.4,12365641.0,,"stockanalysis.com (백업 소스, 운용사 EOD 데이터 재게시)",2026-07-19T05:39:27+00:00
2026-07-19,SMH,MU,"Micron Technology, Inc.",4.85,3891199.0,,"stockanalysis.com (백업 소스, 운용사 EOD 데이터 재게시)",2026-07-19T05:39:27+00:00
2026-07-19,SMH,NVDA,NVIDIA Corporation,20.98,69264202.0,,"stockanalysis.com (백업 소스, 운용사 EOD 데이터 재게시)",2026-07-19T05:39:27+00:00
2026-07-19,SMH,NXPI,NXP Semiconductors N.V.,1.27,3221772.0,,"stockanalysis.com (백업 소스, 운용사 EOD 데이터 재게시)",2026-07-19T05:39:27+00:00
2026-07-19,SMH,ON,ON Semiconductor Corporation,0.62,4842306.0,,"stockanalysis.com (백업 소스, 운용사 EOD 데이터 재게시)",2026-07-19T05:39:27+00:00
2026-07-19,SMH,QCOM,QUALCOMM Incorporated,3.99,16012023.0,,"stockanalysis.com (백업 소스, 운용사 EOD 데이터 재게시)",2026-07-19T05:39:27+00:00
2026-07-19,SMH,SNPS,"Synopsys, Inc.",1.94,3180385.0,,"stockanalysis.com (백업 소스, 운용사 EOD 데이터 재게시)",2026-07-19T05:39:27+00:00
2026-07-19,SMH,STM,STMicroelectronics N.V.,1.22,13290140.0,,"stockanalysis.com (백업 소스, 운용사 EOD 데이터 재게시)",2026-07-19T05:39:27+00:00
2026-07-19,SMH,SWKS,"Skyworks Solutions, Inc.",0.16,1858394.0,,"stockanalysis.com (백업 소스, 운용사 EOD 데이터 재게시)",2026-07-19T05:39:27+00:00
2026-07-19,SMH,TER,"Teradyne, Inc.",1.15,2441548.0,,"stockanalysis.com (백업 소스, 운용사 EOD 데이터 재게시)",2026-07-19T05:39:27+00:00
2026-07-19,SMH,TSM,Taiwan Semiconductor Manufacturing Company Limited,9.21,15397862.0,,"stockanalysis.com (백업 소스, 운용사 EOD 데이터 재게시)",2026-07-19T05:39:27+00:00
2026-07-19,SMH,TXN,Texas Instruments Incorporated,4.71,11075616.0,,"stockanalysis.com (백업 소스, 운용사 EOD 데이터 재게시)",2026-07-19T05:39:27+00:00
2026-07-19,SOXQ,ADI,"Analog Devices, Inc.",4.01,255397.0,,"stockanalysis.com (백업 소스, 운용사 EOD 데이터 재게시)",2026-07-19T05:39:27+00:00
2026-07-19,SOXQ,ALAB,"Astera Labs, Inc.",2.27,172260.0,,"stockanalysis.com (백업 소스, 운용사 EOD 데이터 재게시)",2026-07-19T05:39:27+00:00
2026-07-19,SOXQ,AMAT,"Applied Materials, Inc.",5.44,234845.0,,"stockanalysis.com (백업 소스, 운용사 EOD 데이터 재게시)",2026-07-19T05:39:27+00:00
2026-07-19,SOXQ,AMD,"Advanced Micro Devices, Inc.",4.23,204797.0,,"stockanalysis.com (백업 소스, 운용사 EOD 데이터 재게시)",2026-07-19T05:39:27+00:00
2026-07-19,SOXQ,ARM,Arm Holdings plc,1.54,142047.0,,"stockanalysis.com (백업 소스, 운용사 EOD 데이터 재게시)",2026-07-19T05:39:27+00:00
2026-07-19,SOXQ,ASML,ASML Holding N.V.,4.83,65546.0,,"stockanalysis.com (백업 소스, 운용사 EOD 데이터 재게시)",2026-07-19T05:39:27+00:00
2026-07-19,SOXQ,AVGO,Broadcom Inc.,9.14,591442.0,,"stockanalysis.com (백업 소스, 운용사 EOD 데이터 재게시)",2026-07-19T05:39:27+00:00
2026-07-19,SOXQ,COHR,Coherent Corp.,2.25,196618.0,,"stockanalysis.com (백업 소스, 운용사 EOD 데이터 재게시)",2026-07-19T05:39:27+00:00
2026-07-19,SOXQ,CRDO,Credo Technology Group Holding Ltd,1.59,185364.0,,"stockanalysis.com (백업 소스, 운용사 EOD 데이터 재게시)",2026-07-19T05:39:27+00:00
2026-07-19,SOXQ,GFS,GLOBALFOUNDRIES Inc.,1.33,551785.0,,"stockanalysis.com (백업 소스, 운용사 EOD 데이터 재게시)",2026-07-19T05:39:27+00:00
2026-07-19,SOXQ,INTC,Intel Corporation,3.69,921666.0,,"stockanalysis.com (백업 소스, 운용사 EOD 데이터 재게시)",2026-07-19T05:39:27+00:00
2026-07-19,SOXQ,KLAC,KLA Corporation,4.98,550004.0,,"stockanalysis.com (백업 소스, 운용사 EOD 데이터 재게시)",2026-07-19T05:39:27+00:00
2026-07-19,SOXQ,LRCX,Lam Research Corporation,4.4,332185.0,,"stockanalysis.com (백업 소스, 운용사 EOD 데이터 재게시)",2026-07-19T05:39:27+00:00
2026-07-19,SOXQ,MCHP,Microchip Technology Incorporated,1.84,544764.0,,"stockanalysis.com (백업 소스, 운용사 EOD 데이터 재게시)",2026-07-19T05:39:27+00:00
2026-07-19,SOXQ,MPWR,"Monolithic Power Systems, Inc.",2.66,49372.0,,"stockanalysis.com (백업 소스, 운용사 EOD 데이터 재게시)",2026-07-19T05:39:27+00:00
2026-07-19,SOXQ,MRVL,"Marvell Technology, Inc.",4.01,515598.0,,"stockanalysis.com (백업 소스, 운용사 EOD 데이터 재게시)",2026-07-19T05:39:27+00:00
2026-07-19,SOXQ,MTSI,"MACOM Technology Solutions Holdings, Inc.",0.87,76672.0,,"stockanalysis.com (백업 소스, 운용사 EOD 데이터 재게시)",2026-07-19T05:39:27+00:00
2026-07-19,SOXQ,MU,"Micron Technology, Inc.",7.67,217707.0,,"stockanalysis.com (백업 소스, 운용사 EOD 데이터 재게시)",2026-07-19T05:39:27+00:00
2026-07-19,SOXQ,NVDA,NVIDIA Corporation,12.86,1501785.0,,"stockanalysis.com (백업 소스, 운용사 EOD 데이터 재게시)",2026-07-19T05:39:27+00:00
2026-07-19,SOXQ,NXPI,NXP Semiconductors N.V.,2.83,253732.0,,"stockanalysis.com (백업 소스, 운용사 EOD 데이터 재게시)",2026-07-19T05:39:27+00:00
2026-07-19,SOXQ,ON,ON Semiconductor Corporation,1.43,393850.0,,"stockanalysis.com (백업 소스, 운용사 EOD 데이터 재게시)",2026-07-19T05:39:27+00:00
2026-07-19,SOXQ,QCOM,QUALCOMM Incorporated,2.97,421070.0,,"stockanalysis.com (백업 소스, 운용사 EOD 데이터 재게시)",2026-07-19T05:39:27+00:00
2026-07-19,SOXQ,TER,"Teradyne, Inc.",2.09,157312.0,,"stockanalysis.com (백업 소스, 운용사 EOD 데이터 재게시)",2026-07-19T05:39:27+00:00
2026-07-19,SOXQ,TSM,Taiwan Semiconductor Manufacturing Company Limited,4.27,252594.0,,"stockanalysis.com (백업 소스, 운용사 EOD 데이터 재게시)",2026-07-19T05:39:27+00:00
2026-07-19,SOXQ,TXN,Texas Instruments Incorporated,4.16,345783.0,,"stockanalysis.com (백업 소스, 운용사 EOD 데이터 재게시)",2026-07-19T05:39:27+00:00
2026-07-19,SOXX,ADI,"Analog Devices, Inc.",3.77,4556398.0,,"stockanalysis.com (백업 소스, 운용사 EOD 데이터 재게시)",2026-07-19T05:39:27+00:00
2026-07-19,SOXX,ALAB,"Astera Labs, Inc.",2.88,3283153.0,,"stockanalysis.com (백업 소스, 운용사 EOD 데이터 재게시)",2026-07-19T05:39:27+00:00
2026-07-19,SOXX,AMAT,"Applied Materials, Inc.",5.18,4189768.0,,"stockanalysis.com (백업 소스, 운용사 EOD 데이터 재게시)",2026-07-19T05:39:27+00:00
2026-07-19,SOXX,AMD,"Advanced Micro Devices, Inc.",8.39,7307222.0,,"stockanalysis.com (백업 소스, 운용사 EOD 데이터 재게시)",2026-07-19T05:39:27+00:00
2026-07-19,SOXX,ASML,ASML Holding N.V.,2.3,607687.0,,"stockanalysis.com (백업 소스, 운용사 EOD 데이터 재게시)",2026-07-19T05:39:27+00:00
2026-07-19,SOXX,ASX,"ASE Technology Holding Co., Ltd.",1.28,14143084.0,,"stockanalysis.com (백업 소스, 운용사 EOD 데이터 재게시)",2026-07-19T05:39:27+00:00
2026-07-19,SOXX,AVGO,Broadcom Inc.,7.11,8441104.0,,"stockanalysis.com (백업 소스, 운용사 EOD 데이터 재게시)",2026-07-19T05:39:27+00:00
2026-07-19,SOXX,CRDO,Credo Technology Group Holding Ltd,2.16,3880605.0,,"stockanalysis.com (백업 소스, 운용사 EOD 데이터 재게시)",2026-07-19T05:39:27+00:00
2026-07-19,SOXX,ENTG,"Entegris, Inc.",1.09,3556180.0,,"stockanalysis.com (백업 소스, 운용사 EOD 데이터 재게시)",2026-07-19T05:39:27+00:00
2026-07-19,SOXX,INTC,Intel Corporation,5.62,23787443.0,,"stockanalysis.com (백업 소스, 운용사 EOD 데이터 재게시)",2026-07-19T05:39:27+00:00
2026-07-19,SOXX,KLAC,KLA Corporation,4.73,9812167.0,,"stockanalysis.com (백업 소스, 운용사 EOD 데이터 재게시)",2026-07-19T05:39:27+00:00
2026-07-19,SOXX,LRCX,Lam Research Corporation,4.39,5926297.0,,"stockanalysis.com (백업 소스, 운용사 EOD 데이터 재게시)",2026-07-19T05:39:27+00:00
2026-07-19,SOXX,MCHP,Microchip Technology Incorporated,2.31,12468787.0,,"stockanalysis.com (백업 소스, 운용사 EOD 데이터 재게시)",2026-07-19T05:39:27+00:00
2026-07-19,SOXX,MPWR,"Monolithic Power Systems, Inc.",3.21,1111499.0,,"stockanalysis.com (백업 소스, 운용사 EOD 데이터 재게시)",2026-07-19T05:39:27+00:00
2026-07-19,SOXX,MRVL,"Marvell Technology, Inc.",4.7,9198314.0,,"stockanalysis.com (백업 소스, 운용사 EOD 데이터 재게시)",2026-07-19T05:39:27+00:00
2026-07-19,SOXX,MTSI,"MACOM Technology Solutions Holdings, Inc.",1.08,1618934.0,,"stockanalysis.com (백업 소스, 운용사 EOD 데이터 재게시)",2026-07-19T05:39:27+00:00
2026-07-19,SOXX,MU,"Micron Technology, Inc.",8.09,3883864.0,,"stockanalysis.com (백업 소스, 운용사 EOD 데이터 재게시)",2026-07-19T05:39:27+00:00
2026-07-19,SOXX,NVDA,NVIDIA Corporation,7.6,17861352.0,,"stockanalysis.com (백업 소스, 운용사 EOD 데이터 재게시)",2026-07-19T05:39:27+00:00
2026-07-19,SOXX,NXPI,NXP Semiconductors N.V.,3.58,5867776.0,,"stockanalysis.com (백업 소스, 운용사 EOD 데이터 재게시)",2026-07-19T05:39:27+00:00
2026-07-19,SOXX,ON,ON Semiconductor Corporation,1.88,9140306.0,,"stockanalysis.com (백업 소스, 운용사 EOD 데이터 재게시)",2026-07-19T05:39:27+00:00
2026-07-19,SOXX,QCOM,QUALCOMM Incorporated,3.01,7511871.0,,"stockanalysis.com (백업 소스, 운용사 EOD 데이터 재게시)",2026-07-19T05:39:27+00:00
2026-07-19,SOXX,TER,"Teradyne, Inc.",2.78,3649016.0,,"stockanalysis.com (백업 소스, 운용사 EOD 데이터 재게시)",2026-07-19T05:39:27+00:00
2026-07-19,SOXX,TSM,Taiwan Semiconductor Manufacturing Company Limited,4.3,4684285.0,,"stockanalysis.com (백업 소스, 운용사 EOD 데이터 재게시)",2026-07-19T05:39:27+00:00
2026-07-19,SOXX,TXN,Texas Instruments Incorporated,4.0,6168660.0,,"stockanalysis.com (백업 소스, 운용사 EOD 데이터 재게시)",2026-07-19T05:39:27+00:00
2026-07-19,SOXX,UMC,United Microelectronics Corporation,1.02,19607282.0,,"stockanalysis.com (백업 소스, 운용사 EOD 데이터 재게시)",2026-07-19T05:39:27+00:00
2026-07-20,SMH,ADI,"Analog Devices, Inc.",4.46,8007234.0,,"stockanalysis.com (백업 소스, 운용사 EOD 데이터 재게시)",2026-07-20T05:56:48+00:00
2026-07-20,SMH,ALAB,"Astera Labs, Inc.",0.94,2097018.0,,"stockanalysis.com (백업 소스, 운용사 EOD 데이터 재게시)",2026-07-20T05:56:48+00:00
2026-07-20,SMH,AMAT,"Applied Materials, Inc.",4.97,6326223.0,,"stockanalysis.com (백업 소스, 운용사 EOD 데이터 재게시)",2026-07-20T05:56:48+00:00
2026-07-20,SMH,AMD,"Advanced Micro Devices, Inc.",5.68,7722263.0,,"stockanalysis.com (백업 소스, 운용사 EOD 데이터 재게시)",2026-07-20T05:56:48+00:00
2026-07-20,SMH,ARM,Arm Holdings plc,1.04,2613417.0,,"stockanalysis.com (백업 소스, 운용사 EOD 데이터 재게시)",2026-07-20T05:56:48+00:00
2026-07-20,SMH,ASML,ASML Holding N.V.,5.22,2014512.0,,"stockanalysis.com (백업 소스, 운용사 EOD 데이터 재게시)",2026-07-20T05:56:48+00:00
2026-07-20,SMH,AVGO,Broadcom Inc.,6.11,11102835.0,,"stockanalysis.com (백업 소스, 운용사 EOD 데이터 재게시)",2026-07-20T05:56:48+00:00
2026-07-20,SMH,CDNS,"Cadence Design Systems, Inc.",2.23,4555386.0,,"stockanalysis.com (백업 소스, 운용사 EOD 데이터 재게시)",2026-07-20T05:56:48+00:00
2026-07-20,SMH,INTC,Intel Corporation,4.14,29371723.0,,"stockanalysis.com (백업 소스, 운용사 EOD 데이터 재게시)",2026-07-20T05:56:48+00:00
2026-07-20,SMH,KLAC,KLA Corporation,4.64,14719612.0,,"stockanalysis.com (백업 소스, 운용사 EOD 데이터 재게시)",2026-07-20T05:56:48+00:00
2026-07-20,SMH,LRCX,Lam Research Corporation,4.54,9768739.0,,"stockanalysis.com (백업 소스, 운용사 EOD 데이터 재게시)",2026-07-20T05:56:48+00:00
2026-07-20,SMH,MCHP,Microchip Technology Incorporated,0.94,7847709.0,,"stockanalysis.com (백업 소스, 운용사 EOD 데이터 재게시)",2026-07-20T05:56:48+00:00
2026-07-20,SMH,MPWR,"Monolithic Power Systems, Inc.",1.36,701227.0,,"stockanalysis.com (백업 소스, 운용사 EOD 데이터 재게시)",2026-07-20T05:56:48+00:00
2026-07-20,SMH,MRVL,"Marvell Technology, Inc.",3.48,12447833.0,,"stockanalysis.com (백업 소스, 운용사 EOD 데이터 재게시)",2026-07-20T05:56:48+00:00
2026-07-20,SMH,MU,"Micron Technology, Inc.",4.93,3917071.0,,"stockanalysis.com (백업 소스, 운용사 EOD 데이터 재게시)",2026-07-20T05:56:48+00:00
2026-07-20,SMH,NVDA,NVIDIA Corporation,20.97,69724602.0,,"stockanalysis.com (백업 소스, 운용사 EOD 데이터 재게시)",2026-07-20T05:56:48+00:00
2026-07-20,SMH,NXPI,NXP Semiconductors N.V.,1.28,3243180.0,,"stockanalysis.com (백업 소스, 운용사 EOD 데이터 재게시)",2026-07-20T05:56:48+00:00
2026-07-20,SMH,ON,ON Semiconductor Corporation,0.63,4874498.0,,"stockanalysis.com (백업 소스, 운용사 EOD 데이터 재게시)",2026-07-20T05:56:48+00:00
2026-07-20,SMH,QCOM,QUALCOMM Incorporated,4.11,16118455.0,,"stockanalysis.com (백업 소스, 운용사 EOD 데이터 재게시)",2026-07-20T05:56:48+00:00
2026-07-20,SMH,SNPS,"Synopsys, Inc.",1.82,3201521.0,,"stockanalysis.com (백업 소스, 운용사 EOD 데이터 재게시)",2026-07-20T05:56:48+00:00
2026-07-20,SMH,STM,STMicroelectronics N.V.,1.23,13378476.0,,"stockanalysis.com (백업 소스, 운용사 EOD 데이터 재게시)",2026-07-20T05:56:48+00:00
2026-07-20,SMH,SWKS,"Skyworks Solutions, Inc.",0.16,1870746.0,,"stockanalysis.com (백업 소스, 운용사 EOD 데이터 재게시)",2026-07-20T05:56:48+00:00
2026-07-20,SMH,TER,"Teradyne, Inc.",1.18,2457772.0,,"stockanalysis.com (백업 소스, 운용사 EOD 데이터 재게시)",2026-07-20T05:56:48+00:00
2026-07-20,SMH,TSM,Taiwan Semiconductor Manufacturing Company Limited,9.16,15500214.0,,"stockanalysis.com (백업 소스, 운용사 EOD 데이터 재게시)",2026-07-20T05:56:48+00:00
2026-07-20,SMH,TXN,Texas Instruments Incorporated,4.7,11149232.0,,"stockanalysis.com (백업 소스, 운용사 EOD 데이터 재게시)",2026-07-20T05:56:48+00:00
2026-07-20,SOXQ,ADI,"Analog Devices, Inc.",4.02,256382.0,,"stockanalysis.com (백업 소스, 운용사 EOD 데이터 재게시)",2026-07-20T05:56:48+00:00
2026-07-20,SOXQ,ALAB,"Astera Labs, Inc.",2.19,172925.0,,"stockanalysis.com (백업 소스, 운용사 EOD 데이터 재게시)",2026-07-20T05:56:48+00:00
2026-07-20,SOXQ,AMAT,"Applied Materials, Inc.",5.22,235750.0,,"stockanalysis.com (백업 소스, 운용사 EOD 데이터 재게시)",2026-07-20T05:56:48+00:00
2026-07-20,SOXQ,AMD,"Advanced Micro Devices, Inc.",4.26,205587.0,,"stockanalysis.com (백업 소스, 운용사 EOD 데이터 재게시)",2026-07-20T05:56:48+00:00
2026-07-20,SOXQ,ARM,Arm Holdings plc,1.59,142597.0,,"stockanalysis.com (백업 소스, 운용사 EOD 데이터 재게시)",2026-07-20T05:56:48+00:00
2026-07-20,SOXQ,ASML,ASML Holding N.V.,4.81,65801.0,,"stockanalysis.com (백업 소스, 운용사 EOD 데이터 재게시)",2026-07-20T05:56:48+00:00
2026-07-20,SOXQ,AVGO,Broadcom Inc.,9.2,593722.0,,"stockanalysis.com (백업 소스, 운용사 EOD 데이터 재게시)",2026-07-20T05:56:48+00:00
2026-07-20,SOXQ,COHR,Coherent Corp.,2.29,197378.0,,"stockanalysis.com (백업 소스, 운용사 EOD 데이터 재게시)",2026-07-20T05:56:48+00:00
2026-07-20,SOXQ,CRDO,Credo Technology Group Holding Ltd,1.58,186079.0,,"stockanalysis.com (백업 소스, 운용사 EOD 데이터 재게시)",2026-07-20T05:56:48+00:00
2026-07-20,SOXQ,ENTG,"Entegris, Inc.",0.89,153844.0,,"stockanalysis.com (백업 소스, 운용사 EOD 데이터 재게시)",2026-07-20T05:56:48+00:00
2026-07-20,SOXQ,GFS,GLOBALFOUNDRIES Inc.,1.33,553910.0,,"stockanalysis.com (백업 소스, 운용사 EOD 데이터 재게시)",2026-07-20T05:56:48+00:00
2026-07-20,SOXQ,INTC,Intel Corporation,3.68,925221.0,,"stockanalysis.com (백업 소스, 운용사 EOD 데이터 재게시)",2026-07-20T05:56:48+00:00
2026-07-20,SOXQ,KLAC,KLA Corporation,4.91,552124.0,,"stockanalysis.com (백업 소스, 운용사 EOD 데이터 재게시)",2026-07-20T05:56:48+00:00
2026-07-20,SOXQ,LRCX,Lam Research Corporation,4.37,333465.0,,"stockanalysis.com (백업 소스, 운용사 EOD 데이터 재게시)",2026-07-20T05:56:48+00:00
2026-07-20,SOXQ,MCHP,Microchip Technology Incorporated,1.85,546864.0,,"stockanalysis.com (백업 소스, 운용사 EOD 데이터 재게시)",2026-07-20T05:56:48+00:00
2026-07-20,SOXQ,MPWR,"Monolithic Power Systems, Inc.",2.72,49562.0,,"stockanalysis.com (백업 소스, 운용사 EOD 데이터 재게시)",2026-07-20T05:56:48+00:00
2026-07-20,SOXQ,MRVL,"Marvell Technology, Inc.",4.08,517588.0,,"stockanalysis.com (백업 소스, 운용사 EOD 데이터 재게시)",2026-07-20T05:56:48+00:00
2026-07-20,SOXQ,MU,"Micron Technology, Inc.",7.76,218547.0,,"stockanalysis.com (백업 소스, 운용사 EOD 데이터 재게시)",2026-07-20T05:56:48+00:00
2026-07-20,SOXQ,NVDA,NVIDIA Corporation,12.78,1507575.0,,"stockanalysis.com (백업 소스, 운용사 EOD 데이터 재게시)",2026-07-20T05:56:48+00:00
2026-07-20,SOXQ,NXPI,NXP Semiconductors N.V.,2.84,254712.0,,"stockanalysis.com (백업 소스, 운용사 EOD 데이터 재게시)",2026-07-20T05:56:48+00:00
2026-07-20,SOXQ,ON,ON Semiconductor Corporation,1.44,395370.0,,"stockanalysis.com (백업 소스, 운용사 EOD 데이터 재게시)",2026-07-20T05:56:48+00:00
2026-07-20,SOXQ,QCOM,QUALCOMM Incorporated,3.04,422695.0,,"stockanalysis.com (백업 소스, 운용사 EOD 데이터 재게시)",2026-07-20T05:56:48+00:00
2026-07-20,SOXQ,TER,"Teradyne, Inc.",2.13,157917.0,,"stockanalysis.com (백업 소스, 운용사 EOD 데이터 재게시)",2026-07-20T05:56:48+00:00
2026-07-20,SOXQ,TSM,Taiwan Semiconductor Manufacturing Company Limited,4.22,253569.0,,"stockanalysis.com (백업 소스, 운용사 EOD 데이터 재게시)",2026-07-20T05:56:48+00:00
2026-07-20,SOXQ,TXN,Texas Instruments Incorporated,4.12,347118.0,,"stockanalysis.com (백업 소스, 운용사 EOD 데이터 재게시)",2026-07-20T05:56:48+00:00
2026-07-20,SOXX,ADI,"Analog Devices, Inc.",4.01,4923622.0,,"stockanalysis.com (백업 소스, 운용사 EOD 데이터 재게시)",2026-07-20T05:56:48+00:00
2026-07-20,SOXX,ALAB,"Astera Labs, Inc.",2.33,3547681.0,,"stockanalysis.com (백업 소스, 운용사 EOD 데이터 재게시)",2026-07-20T05:56:48+00:00
2026-07-20,SOXX,AMAT,"Applied Materials, Inc.",5.2,4527424.0,,"stockanalysis.com (백업 소스, 운용사 EOD 데이터 재게시)",2026-07-20T05:56:48+00:00
2026-07-20,SOXX,AMD,"Advanced Micro Devices, Inc.",8.49,7896074.0,,"stockanalysis.com (백업 소스, 운용사 EOD 데이터 재게시)",2026-07-20T05:56:48+00:00
2026-07-20,SOXX,ASML,ASML Holding N.V.,2.49,656659.0,,"stockanalysis.com (백업 소스, 운용사 EOD 데이터 재게시)",2026-07-20T05:56:48+00:00
2026-07-20,SOXX,ASX,"ASE Technology Holding Co., Ltd.",1.27,15282772.0,,"stockanalysis.com (백업 소스, 운용사 EOD 데이터 재게시)",2026-07-20T05:56:48+00:00
2026-07-20,SOXX,AVGO,Broadcom Inc.,7.33,9121300.0,,"stockanalysis.com (백업 소스, 운용사 EOD 데이터 재게시)",2026-07-20T05:56:48+00:00
2026-07-20,SOXX,CRDO,Credo Technology Group Holding Ltd,1.84,4193313.0,,"stockanalysis.com (백업 소스, 운용사 EOD 데이터 재게시)",2026-07-20T05:56:48+00:00
2026-07-20,SOXX,ENTG,"Entegris, Inc.",1.16,3842752.0,,"stockanalysis.com (백업 소스, 운용사 EOD 데이터 재게시)",2026-07-20T05:56:48+00:00
2026-07-20,SOXX,INTC,Intel Corporation,5.3,25704347.0,,"stockanalysis.com (백업 소스, 운용사 EOD 데이터 재게시)",2026-07-20T05:56:48+00:00
2026-07-20,SOXX,KLAC,KLA Corporation,4.89,10602847.0,,"stockanalysis.com (백업 소스, 운용사 EOD 데이터 재게시)",2026-07-20T05:56:48+00:00
2026-07-20,SOXX,LRCX,Lam Research Corporation,4.35,6403873.0,,"stockanalysis.com (백업 소스, 운용사 EOD 데이터 재게시)",2026-07-20T05:56:48+00:00
2026-07-20,SOXX,MCHP,Microchip Technology Incorporated,2.36,13473571.0,,"stockanalysis.com (백업 소스, 운용사 EOD 데이터 재게시)",2026-07-20T05:56:48+00:00
2026-07-20,SOXX,MPWR,"Monolithic Power Systems, Inc.",3.42,1201127.0,,"stockanalysis.com (백업 소스, 운용사 EOD 데이터 재게시)",2026-07-20T05:56:48+00:00
2026-07-20,SOXX,MRVL,"Marvell Technology, Inc.",4.07,9939626.0,,"stockanalysis.com (백업 소스, 운용사 EOD 데이터 재게시)",2026-07-20T05:56:48+00:00
2026-07-20,SOXX,MTSI,"MACOM Technology Solutions Holdings, Inc.",1.01,1749350.0,,"stockanalysis.com (백업 소스, 운용사 EOD 데이터 재게시)",2026-07-20T05:56:48+00:00
2026-07-20,SOXX,MU,"Micron Technology, Inc.",7.72,4196836.0,,"stockanalysis.com (백업 소스, 운용사 EOD 데이터 재게시)",2026-07-20T05:56:48+00:00
2026-07-20,SOXX,NVDA,NVIDIA Corporation,8.49,19300680.0,,"stockanalysis.com (백업 소스, 운용사 EOD 데이터 재게시)",2026-07-20T05:56:48+00:00
2026-07-20,SOXX,NXPI,NXP Semiconductors N.V.,3.66,6340600.0,,"stockanalysis.com (백업 소스, 운용사 EOD 데이터 재게시)",2026-07-20T05:56:48+00:00
2026-07-20,SOXX,ON,ON Semiconductor Corporation,1.87,9876866.0,,"stockanalysis.com (백업 소스, 운용사 EOD 데이터 재게시)",2026-07-20T05:56:48+00:00
2026-07-20,SOXX,QCOM,QUALCOMM Incorporated,3.02,8117223.0,,"stockanalysis.com (백업 소스, 운용사 EOD 데이터 재게시)",2026-07-20T05:56:48+00:00
2026-07-20,SOXX,TER,"Teradyne, Inc.",2.76,3943112.0,,"stockanalysis.com (백업 소스, 운용사 EOD 데이터 재게시)",2026-07-20T05:56:48+00:00
2026-07-20,SOXX,TSM,Taiwan Semiconductor Manufacturing Company Limited,4.37,5061805.0,,"stockanalysis.com (백업 소스, 운용사 EOD 데이터 재게시)",2026-07-20T05:56:48+00:00
2026-07-20,SOXX,TXN,Texas Instruments Incorporated,4.1,6665772.0,,"stockanalysis.com (백업 소스, 운용사 EOD 데이터 재게시)",2026-07-20T05:56:48+00:00
2026-07-20,SOXX,UMC,United Microelectronics Corporation,0.98,21187322.0,,"stockanalysis.com (백업 소스, 운용사 EOD 데이터 재게시)",2026-07-20T05:56:48+00:00
2026-07-21,SMH,ADI,"Analog Devices, Inc.",4.46,8007234.0,,"stockanalysis.com (백업 소스, 운용사 EOD 데이터 재게시)",2026-07-21T05:38:23+00:00
2026-07-21,SMH,ALAB,"Astera Labs, Inc.",0.94,2097018.0,,"stockanalysis.com (백업 소스, 운용사 EOD 데이터 재게시)",2026-07-21T05:38:23+00:00
2026-07-21,SMH,AMAT,"Applied Materials, Inc.",4.97,6326223.0,,"stockanalysis.com (백업 소스, 운용사 EOD 데이터 재게시)",2026-07-21T05:38:23+00:00
2026-07-21,SMH,AMD,"Advanced Micro Devices, Inc.",5.68,7722263.0,,"stockanalysis.com (백업 소스, 운용사 EOD 데이터 재게시)",2026-07-21T05:38:23+00:00
2026-07-21,SMH,ARM,Arm Holdings plc,1.04,2613417.0,,"stockanalysis.com (백업 소스, 운용사 EOD 데이터 재게시)",2026-07-21T05:38:23+00:00
2026-07-21,SMH,ASML,ASML Holding N.V.,5.22,2014512.0,,"stockanalysis.com (백업 소스, 운용사 EOD 데이터 재게시)",2026-07-21T05:38:23+00:00
2026-07-21,SMH,AVGO,Broadcom Inc.,6.11,11102835.0,,"stockanalysis.com (백업 소스, 운용사 EOD 데이터 재게시)",2026-07-21T05:38:23+00:00
2026-07-21,SMH,CDNS,"Cadence Design Systems, Inc.",2.23,4555386.0,,"stockanalysis.com (백업 소스, 운용사 EOD 데이터 재게시)",2026-07-21T05:38:23+00:00
2026-07-21,SMH,INTC,Intel Corporation,4.14,29371723.0,,"stockanalysis.com (백업 소스, 운용사 EOD 데이터 재게시)",2026-07-21T05:38:23+00:00
2026-07-21,SMH,KLAC,KLA Corporation,4.64,14719612.0,,"stockanalysis.com (백업 소스, 운용사 EOD 데이터 재게시)",2026-07-21T05:38:23+00:00
2026-07-21,SMH,LRCX,Lam Research Corporation,4.54,9768739.0,,"stockanalysis.com (백업 소스, 운용사 EOD 데이터 재게시)",2026-07-21T05:38:23+00:00
2026-07-21,SMH,MCHP,Microchip Technology Incorporated,0.94,7847709.0,,"stockanalysis.com (백업 소스, 운용사 EOD 데이터 재게시)",2026-07-21T05:38:23+00:00
2026-07-21,SMH,MPWR,"Monolithic Power Systems, Inc.",1.36,701227.0,,"stockanalysis.com (백업 소스, 운용사 EOD 데이터 재게시)",2026-07-21T05:38:23+00:00
2026-07-21,SMH,MRVL,"Marvell Technology, Inc.",3.48,12447833.0,,"stockanalysis.com (백업 소스, 운용사 EOD 데이터 재게시)",2026-07-21T05:38:23+00:00
2026-07-21,SMH,MU,"Micron Technology, Inc.",4.93,3917071.0,,"stockanalysis.com (백업 소스, 운용사 EOD 데이터 재게시)",2026-07-21T05:38:23+00:00
2026-07-21,SMH,NVDA,NVIDIA Corporation,20.97,69724602.0,,"stockanalysis.com (백업 소스, 운용사 EOD 데이터 재게시)",2026-07-21T05:38:23+00:00
2026-07-21,SMH,NXPI,NXP Semiconductors N.V.,1.28,3243180.0,,"stockanalysis.com (백업 소스, 운용사 EOD 데이터 재게시)",2026-07-21T05:38:23+00:00
2026-07-21,SMH,ON,ON Semiconductor Corporation,0.63,4874498.0,,"stockanalysis.com (백업 소스, 운용사 EOD 데이터 재게시)",2026-07-21T05:38:23+00:00
2026-07-21,SMH,QCOM,QUALCOMM Incorporated,4.11,16118455.0,,"stockanalysis.com (백업 소스, 운용사 EOD 데이터 재게시)",2026-07-21T05:38:23+00:00
2026-07-21,SMH,SNPS,"Synopsys, Inc.",1.82,3201521.0,,"stockanalysis.com (백업 소스, 운용사 EOD 데이터 재게시)",2026-07-21T05:38:23+00:00
2026-07-21,SMH,STM,STMicroelectronics N.V.,1.23,13378476.0,,"stockanalysis.com (백업 소스, 운용사 EOD 데이터 재게시)",2026-07-21T05:38:23+00:00
2026-07-21,SMH,SWKS,"Skyworks Solutions, Inc.",0.16,1870746.0,,"stockanalysis.com (백업 소스, 운용사 EOD 데이터 재게시)",2026-07-21T05:38:23+00:00
2026-07-21,SMH,TER,"Teradyne, Inc.",1.18,2457772.0,,"stockanalysis.com (백업 소스, 운용사 EOD 데이터 재게시)",2026-07-21T05:38:23+00:00
2026-07-21,SMH,TSM,Taiwan Semiconductor Manufacturing Company Limited,9.16,15500214.0,,"stockanalysis.com (백업 소스, 운용사 EOD 데이터 재게시)",2026-07-21T05:38:23+00:00
2026-07-21,SMH,TXN,Texas Instruments Incorporated,4.7,11149232.0,,"stockanalysis.com (백업 소스, 운용사 EOD 데이터 재게시)",2026-07-21T05:38:23+00:00
2026-07-21,SOXQ,ADI,"Analog Devices, Inc.",4.02,256382.0,,"stockanalysis.com (백업 소스, 운용사 EOD 데이터 재게시)",2026-07-21T05:38:23+00:00
2026-07-21,SOXQ,ALAB,"Astera Labs, Inc.",2.19,172925.0,,"stockanalysis.com (백업 소스, 운용사 EOD 데이터 재게시)",2026-07-21T05:38:23+00:00
2026-07-21,SOXQ,AMAT,"Applied Materials, Inc.",5.22,235750.0,,"stockanalysis.com (백업 소스, 운용사 EOD 데이터 재게시)",2026-07-21T05:38:23+00:00
2026-07-21,SOXQ,AMD,"Advanced Micro Devices, Inc.",4.26,205587.0,,"stockanalysis.com (백업 소스, 운용사 EOD 데이터 재게시)",2026-07-21T05:38:23+00:00
2026-07-21,SOXQ,ARM,Arm Holdings plc,1.59,142597.0,,"stockanalysis.com (백업 소스, 운용사 EOD 데이터 재게시)",2026-07-21T05:38:23+00:00
2026-07-21,SOXQ,ASML,ASML Holding N.V.,4.81,65801.0,,"stockanalysis.com (백업 소스, 운용사 EOD 데이터 재게시)",2026-07-21T05:38:23+00:00
2026-07-21,SOXQ,AVGO,Broadcom Inc.,9.2,593722.0,,"stockanalysis.com (백업 소스, 운용사 EOD 데이터 재게시)",2026-07-21T05:38:23+00:00
2026-07-21,SOXQ,COHR,Coherent Corp.,2.29,197378.0,,"stockanalysis.com (백업 소스, 운용사 EOD 데이터 재게시)",2026-07-21T05:38:23+00:00
2026-07-21,SOXQ,CRDO,Credo Technology Group Holding Ltd,1.58,186079.0,,"stockanalysis.com (백업 소스, 운용사 EOD 데이터 재게시)",2026-07-21T05:38:23+00:00
2026-07-21,SOXQ,ENTG,"Entegris, Inc.",0.89,153844.0,,"stockanalysis.com (백업 소스, 운용사 EOD 데이터 재게시)",2026-07-21T05:38:23+00:00
2026-07-21,SOXQ,GFS,GLOBALFOUNDRIES Inc.,1.33,553910.0,,"stockanalysis.com (백업 소스, 운용사 EOD 데이터 재게시)",2026-07-21T05:38:23+00:00
2026-07-21,SOXQ,INTC,Intel Corporation,3.68,925221.0,,"stockanalysis.com (백업 소스, 운용사 EOD 데이터 재게시)",2026-07-21T05:38:23+00:00
2026-07-21,SOXQ,KLAC,KLA Corporation,4.91,552124.0,,"stockanalysis.com (백업 소스, 운용사 EOD 데이터 재게시)",2026-07-21T05:38:23+00:00
2026-07-21,SOXQ,LRCX,Lam Research Corporation,4.37,333465.0,,"stockanalysis.com (백업 소스, 운용사 EOD 데이터 재게시)",2026-07-21T05:38:23+00:00
2026-07-21,SOXQ,MCHP,Microchip Technology Incorporated,1.85,546864.0,,"stockanalysis.com (백업 소스, 운용사 EOD 데이터 재게시)",2026-07-21T05:38:23+00:00
2026-07-21,SOXQ,MPWR,"Monolithic Power Systems, Inc.",2.72,49562.0,,"stockanalysis.com (백업 소스, 운용사 EOD 데이터 재게시)",2026-07-21T05:38:23+00:00
2026-07-21,SOXQ,MRVL,"Marvell Technology, Inc.",4.08,517588.0,,"stockanalysis.com (백업 소스, 운용사 EOD 데이터 재게시)",2026-07-21T05:38:23+00:00
2026-07-21,SOXQ,MU,"Micron Technology, Inc.",7.76,218547.0,,"stockanalysis.com (백업 소스, 운용사 EOD 데이터 재게시)",2026-07-21T05:38:23+00:00
2026-07-21,SOXQ,NVDA,NVIDIA Corporation,12.78,1507575.0,,"stockanalysis.com (백업 소스, 운용사 EOD 데이터 재게시)",2026-07-21T05:38:23+00:00
2026-07-21,SOXQ,NXPI,NXP Semiconductors N.V.,2.84,254712.0,,"stockanalysis.com (백업 소스, 운용사 EOD 데이터 재게시)",2026-07-21T05:38:23+00:00
2026-07-21,SOXQ,ON,ON Semiconductor Corporation,1.44,395370.0,,"stockanalysis.com (백업 소스, 운용사 EOD 데이터 재게시)",2026-07-21T05:38:23+00:00
2026-07-21,SOXQ,QCOM,QUALCOMM Incorporated,3.04,422695.0,,"stockanalysis.com (백업 소스, 운용사 EOD 데이터 재게시)",2026-07-21T05:38:23+00:00
2026-07-21,SOXQ,TER,"Teradyne, Inc.",2.13,157917.0,,"stockanalysis.com (백업 소스, 운용사 EOD 데이터 재게시)",2026-07-21T05:38:23+00:00
2026-07-21,SOXQ,TSM,Taiwan Semiconductor Manufacturing Company Limited,4.22,253569.0,,"stockanalysis.com (백업 소스, 운용사 EOD 데이터 재게시)",2026-07-21T05:38:23+00:00
2026-07-21,SOXQ,TXN,Texas Instruments Incorporated,4.12,347118.0,,"stockanalysis.com (백업 소스, 운용사 EOD 데이터 재게시)",2026-07-21T05:38:23+00:00
2026-07-21,SOXX,ADI,"Analog Devices, Inc.",4.01,4923622.0,,"stockanalysis.com (백업 소스, 운용사 EOD 데이터 재게시)",2026-07-21T05:38:23+00:00
2026-07-21,SOXX,ALAB,"Astera Labs, Inc.",2.33,3547681.0,,"stockanalysis.com (백업 소스, 운용사 EOD 데이터 재게시)",2026-07-21T05:38:23+00:00
2026-07-21,SOXX,AMAT,"Applied Materials, Inc.",5.2,4527424.0,,"stockanalysis.com (백업 소스, 운용사 EOD 데이터 재게시)",2026-07-21T05:38:23+00:00
2026-07-21,SOXX,AMD,"Advanced Micro Devices, Inc.",8.49,7896074.0,,"stockanalysis.com (백업 소스, 운용사 EOD 데이터 재게시)",2026-07-21T05:38:23+00:00
2026-07-21,SOXX,ASML,ASML Holding N.V.,2.49,656659.0,,"stockanalysis.com (백업 소스, 운용사 EOD 데이터 재게시)",2026-07-21T05:38:23+00:00
2026-07-21,SOXX,ASX,"ASE Technology Holding Co., Ltd.",1.27,15282772.0,,"stockanalysis.com (백업 소스, 운용사 EOD 데이터 재게시)",2026-07-21T05:38:23+00:00
2026-07-21,SOXX,AVGO,Broadcom Inc.,7.33,9121300.0,,"stockanalysis.com (백업 소스, 운용사 EOD 데이터 재게시)",2026-07-21T05:38:23+00:00
2026-07-21,SOXX,CRDO,Credo Technology Group Holding Ltd,1.84,4193313.0,,"stockanalysis.com (백업 소스, 운용사 EOD 데이터 재게시)",2026-07-21T05:38:23+00:00
2026-07-21,SOXX,ENTG,"Entegris, Inc.",1.16,3842752.0,,"stockanalysis.com (백업 소스, 운용사 EOD 데이터 재게시)",2026-07-21T05:38:23+00:00
2026-07-21,SOXX,INTC,Intel Corporation,5.3,25704347.0,,"stockanalysis.com (백업 소스, 운용사 EOD 데이터 재게시)",2026-07-21T05:38:23+00:00
2026-07-21,SOXX,KLAC,KLA Corporation,4.89,10602847.0,,"stockanalysis.com (백업 소스, 운용사 EOD 데이터 재게시)",2026-07-21T05:38:23+00:00
2026-07-21,SOXX,LRCX,Lam Research Corporation,4.35,6403873.0,,"stockanalysis.com (백업 소스, 운용사 EOD 데이터 재게시)",2026-07-21T05:38:23+00:00
2026-07-21,SOXX,MCHP,Microchip Technology Incorporated,2.36,13473571.0,,"stockanalysis.com (백업 소스, 운용사 EOD 데이터 재게시)",2026-07-21T05:38:23+00:00
2026-07-21,SOXX,MPWR,"Monolithic Power Systems, Inc.",3.42,1201127.0,,"stockanalysis.com (백업 소스, 운용사 EOD 데이터 재게시)",2026-07-21T05:38:23+00:00
2026-07-21,SOXX,MRVL,"Marvell Technology, Inc.",4.07,9939626.0,,"stockanalysis.com (백업 소스, 운용사 EOD 데이터 재게시)",2026-07-21T05:38:23+00:00
2026-07-21,SOXX,MTSI,"MACOM Technology Solutions Holdings, Inc.",1.01,1749350.0,,"stockanalysis.com (백업 소스, 운용사 EOD 데이터 재게시)",2026-07-21T05:38:23+00:00
2026-07-21,SOXX,MU,"Micron Technology, Inc.",7.72,4196836.0,,"stockanalysis.com (백업 소스, 운용사 EOD 데이터 재게시)",2026-07-21T05:38:23+00:00
2026-07-21,SOXX,NVDA,NVIDIA Corporation,8.49,19300680.0,,"stockanalysis.com (백업 소스, 운용사 EOD 데이터 재게시)",2026-07-21T05:38:23+00:00
2026-07-21,SOXX,NXPI,NXP Semiconductors N.V.,3.66,6340600.0,,"stockanalysis.com (백업 소스, 운용사 EOD 데이터 재게시)",2026-07-21T05:38:23+00:00
2026-07-21,SOXX,ON,ON Semiconductor Corporation,1.87,9876866.0,,"stockanalysis.com (백업 소스, 운용사 EOD 데이터 재게시)",2026-07-21T05:38:23+00:00
2026-07-21,SOXX,QCOM,QUALCOMM Incorporated,3.02,8117223.0,,"stockanalysis.com (백업 소스, 운용사 EOD 데이터 재게시)",2026-07-21T05:38:23+00:00
2026-07-21,SOXX,TER,"Teradyne, Inc.",2.76,3943112.0,,"stockanalysis.com (백업 소스, 운용사 EOD 데이터 재게시)",2026-07-21T05:38:23+00:00
2026-07-21,SOXX,TSM,Taiwan Semiconductor Manufacturing Company Limited,4.37,5061805.0,,"stockanalysis.com (백업 소스, 운용사 EOD 데이터 재게시)",2026-07-21T05:38:23+00:00
2026-07-21,SOXX,TXN,Texas Instruments Incorporated,4.1,6665772.0,,"stockanalysis.com (백업 소스, 운용사 EOD 데이터 재게시)",2026-07-21T05:38:23+00:00
2026-07-21,SOXX,UMC,United Microelectronics Corporation,0.98,21187322.0,,"stockanalysis.com (백업 소스, 운용사 EOD 데이터 재게시)",2026-07-21T05:38:23+00:00
2026-07-22,SMH,ADI,"Analog Devices, Inc.",4.46,8007234.0,,"stockanalysis.com (백업 소스, 운용사 EOD 데이터 재게시)",2026-07-22T05:37:21+00:00
2026-07-22,SMH,ALAB,"Astera Labs, Inc.",0.94,2097018.0,,"stockanalysis.com (백업 소스, 운용사 EOD 데이터 재게시)",2026-07-22T05:37:21+00:00
2026-07-22,SMH,AMAT,"Applied Materials, Inc.",4.97,6326223.0,,"stockanalysis.com (백업 소스, 운용사 EOD 데이터 재게시)",2026-07-22T05:37:21+00:00
2026-07-22,SMH,AMD,"Advanced Micro Devices, Inc.",5.68,7722263.0,,"stockanalysis.com (백업 소스, 운용사 EOD 데이터 재게시)",2026-07-22T05:37:21+00:00
2026-07-22,SMH,ARM,Arm Holdings plc,1.04,2613417.0,,"stockanalysis.com (백업 소스, 운용사 EOD 데이터 재게시)",2026-07-22T05:37:21+00:00
2026-07-22,SMH,ASML,ASML Holding N.V.,5.22,2014512.0,,"stockanalysis.com (백업 소스, 운용사 EOD 데이터 재게시)",2026-07-22T05:37:21+00:00
2026-07-22,SMH,AVGO,Broadcom Inc.,6.11,11102835.0,,"stockanalysis.com (백업 소스, 운용사 EOD 데이터 재게시)",2026-07-22T05:37:21+00:00
2026-07-22,SMH,CDNS,"Cadence Design Systems, Inc.",2.23,4555386.0,,"stockanalysis.com (백업 소스, 운용사 EOD 데이터 재게시)",2026-07-22T05:37:21+00:00
2026-07-22,SMH,INTC,Intel Corporation,4.14,29371723.0,,"stockanalysis.com (백업 소스, 운용사 EOD 데이터 재게시)",2026-07-22T05:37:21+00:00
2026-07-22,SMH,KLAC,KLA Corporation,4.64,14719612.0,,"stockanalysis.com (백업 소스, 운용사 EOD 데이터 재게시)",2026-07-22T05:37:21+00:00
2026-07-22,SMH,LRCX,Lam Research Corporation,4.54,9768739.0,,"stockanalysis.com (백업 소스, 운용사 EOD 데이터 재게시)",2026-07-22T05:37:21+00:00
2026-07-22,SMH,MCHP,Microchip Technology Incorporated,0.94,7847709.0,,"stockanalysis.com (백업 소스, 운용사 EOD 데이터 재게시)",2026-07-22T05:37:21+00:00
2026-07-22,SMH,MPWR,"Monolithic Power Systems, Inc.",1.36,701227.0,,"stockanalysis.com (백업 소스, 운용사 EOD 데이터 재게시)",2026-07-22T05:37:21+00:00
2026-07-22,SMH,MRVL,"Marvell Technology, Inc.",3.48,12447833.0,,"stockanalysis.com (백업 소스, 운용사 EOD 데이터 재게시)",2026-07-22T05:37:21+00:00
2026-07-22,SMH,MU,"Micron Technology, Inc.",4.93,3917071.0,,"stockanalysis.com (백업 소스, 운용사 EOD 데이터 재게시)",2026-07-22T05:37:21+00:00
2026-07-22,SMH,NVDA,NVIDIA Corporation,20.97,69724602.0,,"stockanalysis.com (백업 소스, 운용사 EOD 데이터 재게시)",2026-07-22T05:37:21+00:00
2026-07-22,SMH,NXPI,NXP Semiconductors N.V.,1.28,3243180.0,,"stockanalysis.com (백업 소스, 운용사 EOD 데이터 재게시)",2026-07-22T05:37:21+00:00
2026-07-22,SMH,ON,ON Semiconductor Corporation,0.63,4874498.0,,"stockanalysis.com (백업 소스, 운용사 EOD 데이터 재게시)",2026-07-22T05:37:21+00:00
2026-07-22,SMH,QCOM,QUALCOMM Incorporated,4.11,16118455.0,,"stockanalysis.com (백업 소스, 운용사 EOD 데이터 재게시)",2026-07-22T05:37:21+00:00
2026-07-22,SMH,SNPS,"Synopsys, Inc.",1.82,3201521.0,,"stockanalysis.com (백업 소스, 운용사 EOD 데이터 재게시)",2026-07-22T05:37:21+00:00
2026-07-22,SMH,STM,STMicroelectronics N.V.,1.23,13378476.0,,"stockanalysis.com (백업 소스, 운용사 EOD 데이터 재게시)",2026-07-22T05:37:21+00:00
2026-07-22,SMH,SWKS,"Skyworks Solutions, Inc.",0.16,1870746.0,,"stockanalysis.com (백업 소스, 운용사 EOD 데이터 재게시)",2026-07-22T05:37:21+00:00
2026-07-22,SMH,TER,"Teradyne, Inc.",1.18,2457772.0,,"stockanalysis.com (백업 소스, 운용사 EOD 데이터 재게시)",2026-07-22T05:37:21+00:00
2026-07-22,SMH,TSM,Taiwan Semiconductor Manufacturing Company Limited,9.16,15500214.0,,"stockanalysis.com (백업 소스, 운용사 EOD 데이터 재게시)",2026-07-22T05:37:21+00:00
2026-07-22,SMH,TXN,Texas Instruments Incorporated,4.7,11149232.0,,"stockanalysis.com (백업 소스, 운용사 EOD 데이터 재게시)",2026-07-22T05:37:21+00:00
2026-07-22,SOXQ,ADI,"Analog Devices, Inc.",4.02,256382.0,,"stockanalysis.com (백업 소스, 운용사 EOD 데이터 재게시)",2026-07-22T05:37:21+00:00
2026-07-22,SOXQ,ALAB,"Astera Labs, Inc.",2.19,172925.0,,"stockanalysis.com (백업 소스, 운용사 EOD 데이터 재게시)",2026-07-22T05:37:21+00:00
2026-07-22,SOXQ,AMAT,"Applied Materials, Inc.",5.22,235750.0,,"stockanalysis.com (백업 소스, 운용사 EOD 데이터 재게시)",2026-07-22T05:37:21+00:00
2026-07-22,SOXQ,AMD,"Advanced Micro Devices, Inc.",4.26,205587.0,,"stockanalysis.com (백업 소스, 운용사 EOD 데이터 재게시)",2026-07-22T05:37:21+00:00
2026-07-22,SOXQ,ARM,Arm Holdings plc,1.59,142597.0,,"stockanalysis.com (백업 소스, 운용사 EOD 데이터 재게시)",2026-07-22T05:37:21+00:00
2026-07-22,SOXQ,ASML,ASML Holding N.V.,4.81,65801.0,,"stockanalysis.com (백업 소스, 운용사 EOD 데이터 재게시)",2026-07-22T05:37:21+00:00
2026-07-22,SOXQ,AVGO,Broadcom Inc.,9.2,593722.0,,"stockanalysis.com (백업 소스, 운용사 EOD 데이터 재게시)",2026-07-22T05:37:21+00:00
2026-07-22,SOXQ,COHR,Coherent Corp.,2.29,197378.0,,"stockanalysis.com (백업 소스, 운용사 EOD 데이터 재게시)",2026-07-22T05:37:21+00:00
2026-07-22,SOXQ,CRDO,Credo Technology Group Holding Ltd,1.58,186079.0,,"stockanalysis.com (백업 소스, 운용사 EOD 데이터 재게시)",2026-07-22T05:37:21+00:00
2026-07-22,SOXQ,ENTG,"Entegris, Inc.",0.89,153844.0,,"stockanalysis.com (백업 소스, 운용사 EOD 데이터 재게시)",2026-07-22T05:37:21+00:00
2026-07-22,SOXQ,GFS,GLOBALFOUNDRIES Inc.,1.33,553910.0,,"stockanalysis.com (백업 소스, 운용사 EOD 데이터 재게시)",2026-07-22T05:37:21+00:00
2026-07-22,SOXQ,INTC,Intel Corporation,3.68,925221.0,,"stockanalysis.com (백업 소스, 운용사 EOD 데이터 재게시)",2026-07-22T05:37:21+00:00
2026-07-22,SOXQ,KLAC,KLA Corporation,4.91,552124.0,,"stockanalysis.com (백업 소스, 운용사 EOD 데이터 재게시)",2026-07-22T05:37:21+00:00
2026-07-22,SOXQ,LRCX,Lam Research Corporation,4.37,333465.0,,"stockanalysis.com (백업 소스, 운용사 EOD 데이터 재게시)",2026-07-22T05:37:21+00:00
2026-07-22,SOXQ,MCHP,Microchip Technology Incorporated,1.85,546864.0,,"stockanalysis.com (백업 소스, 운용사 EOD 데이터 재게시)",2026-07-22T05:37:21+00:00
2026-07-22,SOXQ,MPWR,"Monolithic Power Systems, Inc.",2.72,49562.0,,"stockanalysis.com (백업 소스, 운용사 EOD 데이터 재게시)",2026-07-22T05:37:21+00:00
2026-07-22,SOXQ,MRVL,"Marvell Technology, Inc.",4.08,517588.0,,"stockanalysis.com (백업 소스, 운용사 EOD 데이터 재게시)",2026-07-22T05:37:21+00:00
2026-07-22,SOXQ,MU,"Micron Technology, Inc.",7.76,218547.0,,"stockanalysis.com (백업 소스, 운용사 EOD 데이터 재게시)",2026-07-22T05:37:21+00:00
2026-07-22,SOXQ,NVDA,NVIDIA Corporation,12.78,1507575.0,,"stockanalysis.com (백업 소스, 운용사 EOD 데이터 재게시)",2026-07-22T05:37:21+00:00
2026-07-22,SOXQ,NXPI,NXP Semiconductors N.V.,2.84,254712.0,,"stockanalysis.com (백업 소스, 운용사 EOD 데이터 재게시)",2026-07-22T05:37:21+00:00
2026-07-22,SOXQ,ON,ON Semiconductor Corporation,1.44,395370.0,,"stockanalysis.com (백업 소스, 운용사 EOD 데이터 재게시)",2026-07-22T05:37:21+00:00
2026-07-22,SOXQ,QCOM,QUALCOMM Incorporated,3.04,422695.0,,"stockanalysis.com (백업 소스, 운용사 EOD 데이터 재게시)",2026-07-22T05:37:21+00:00
2026-07-22,SOXQ,TER,"Teradyne, Inc.",2.13,157917.0,,"stockanalysis.com (백업 소스, 운용사 EOD 데이터 재게시)",2026-07-22T05:37:21+00:00
2026-07-22,SOXQ,TSM,Taiwan Semiconductor Manufacturing Company Limited,4.22,253569.0,,"stockanalysis.com (백업 소스, 운용사 EOD 데이터 재게시)",2026-07-22T05:37:21+00:00
2026-07-22,SOXQ,TXN,Texas Instruments Incorporated,4.12,347118.0,,"stockanalysis.com (백업 소스, 운용사 EOD 데이터 재게시)",2026-07-22T05:37:21+00:00
2026-07-22,SOXX,ADI,"Analog Devices, Inc.",4.01,4923622.0,,"stockanalysis.com (백업 소스, 운용사 EOD 데이터 재게시)",2026-07-22T05:37:21+00:00
2026-07-22,SOXX,ALAB,"Astera Labs, Inc.",2.33,3547681.0,,"stockanalysis.com (백업 소스, 운용사 EOD 데이터 재게시)",2026-07-22T05:37:21+00:00
2026-07-22,SOXX,AMAT,"Applied Materials, Inc.",5.2,4527424.0,,"stockanalysis.com (백업 소스, 운용사 EOD 데이터 재게시)",2026-07-22T05:37:21+00:00
2026-07-22,SOXX,AMD,"Advanced Micro Devices, Inc.",8.49,7896074.0,,"stockanalysis.com (백업 소스, 운용사 EOD 데이터 재게시)",2026-07-22T05:37:21+00:00
2026-07-22,SOXX,ASML,ASML Holding N.V.,2.49,656659.0,,"stockanalysis.com (백업 소스, 운용사 EOD 데이터 재게시)",2026-07-22T05:37:21+00:00
2026-07-22,SOXX,ASX,"ASE Technology Holding Co., Ltd.",1.27,15282772.0,,"stockanalysis.com (백업 소스, 운용사 EOD 데이터 재게시)",2026-07-22T05:37:21+00:00
2026-07-22,SOXX,AVGO,Broadcom Inc.,7.33,9121300.0,,"stockanalysis.com (백업 소스, 운용사 EOD 데이터 재게시)",2026-07-22T05:37:21+00:00
2026-07-22,SOXX,CRDO,Credo Technology Group Holding Ltd,1.84,4193313.0,,"stockanalysis.com (백업 소스, 운용사 EOD 데이터 재게시)",2026-07-22T05:37:21+00:00
2026-07-22,SOXX,ENTG,"Entegris, Inc.",1.16,3842752.0,,"stockanalysis.com (백업 소스, 운용사 EOD 데이터 재게시)",2026-07-22T05:37:21+00:00
2026-07-22,SOXX,INTC,Intel Corporation,5.3,25704347.0,,"stockanalysis.com (백업 소스, 운용사 EOD 데이터 재게시)",2026-07-22T05:37:21+00:00
2026-07-22,SOXX,KLAC,KLA Corporation,4.89,10602847.0,,"stockanalysis.com (백업 소스, 운용사 EOD 데이터 재게시)",2026-07-22T05:37:21+00:00
2026-07-22,SOXX,LRCX,Lam Research Corporation,4.35,6403873.0,,"stockanalysis.com (백업 소스, 운용사 EOD 데이터 재게시)",2026-07-22T05:37:21+00:00
2026-07-22,SOXX,MCHP,Microchip Technology Incorporated,2.36,13473571.0,,"stockanalysis.com (백업 소스, 운용사 EOD 데이터 재게시)",2026-07-22T05:37:21+00:00
2026-07-22,SOXX,MPWR,"Monolithic Power Systems, Inc.",3.42,1201127.0,,"stockanalysis.com (백업 소스, 운용사 EOD 데이터 재게시)",2026-07-22T05:37:21+00:00
2026-07-22,SOXX,MRVL,"Marvell Technology, Inc.",4.07,9939626.0,,"stockanalysis.com (백업 소스, 운용사 EOD 데이터 재게시)",2026-07-22T05:37:21+00:00
2026-07-22,SOXX,MTSI,"MACOM Technology Solutions Holdings, Inc.",1.01,1749350.0,,"stockanalysis.com (백업 소스, 운용사 EOD 데이터 재게시)",2026-07-22T05:37:21+00:00
2026-07-22,SOXX,MU,"Micron Technology, Inc.",7.72,4196836.0,,"stockanalysis.com (백업 소스, 운용사 EOD 데이터 재게시)",2026-07-22T05:37:21+00:00
2026-07-22,SOXX,NVDA,NVIDIA Corporation,8.49,19300680.0,,"stockanalysis.com (백업 소스, 운용사 EOD 데이터 재게시)",2026-07-22T05:37:21+00:00
2026-07-22,SOXX,NXPI,NXP Semiconductors N.V.,3.66,6340600.0,,"stockanalysis.com (백업 소스, 운용사 EOD 데이터 재게시)",2026-07-22T05:37:21+00:00
2026-07-22,SOXX,ON,ON Semiconductor Corporation,1.87,9876866.0,,"stockanalysis.com (백업 소스, 운용사 EOD 데이터 재게시)",2026-07-22T05:37:21+00:00
2026-07-22,SOXX,QCOM,QUALCOMM Incorporated,3.02,8117223.0,,"stockanalysis.com (백업 소스, 운용사 EOD 데이터 재게시)",2026-07-22T05:37:21+00:00
2026-07-22,SOXX,TER,"Teradyne, Inc.",2.76,3943112.0,,"stockanalysis.com (백업 소스, 운용사 EOD 데이터 재게시)",2026-07-22T05:37:21+00:00
2026-07-22,SOXX,TSM,Taiwan Semiconductor Manufacturing Company Limited,4.37,5061805.0,,"stockanalysis.com (백업 소스, 운용사 EOD 데이터 재게시)",2026-07-22T05:37:21+00:00
2026-07-22,SOXX,TXN,Texas Instruments Incorporated,4.1,6665772.0,,"stockanalysis.com (백업 소스, 운용사 EOD 데이터 재게시)",2026-07-22T05:37:21+00:00
2026-07-22,SOXX,UMC,United Microelectronics Corporation,0.98,21187322.0,,"stockanalysis.com (백업 소스, 운용사 EOD 데이터 재게시)",2026-07-22T05:37:21+00:00
2026-07-23,SMH,ADI,"Analog Devices, Inc.",4.46,8007234.0,,"stockanalysis.com (백업 소스, 운용사 EOD 데이터 재게시)",2026-07-23T05:41:58+00:00
2026-07-23,SMH,ALAB,"Astera Labs, Inc.",0.94,2097018.0,,"stockanalysis.com (백업 소스, 운용사 EOD 데이터 재게시)",2026-07-23T05:41:58+00:00
2026-07-23,SMH,AMAT,"Applied Materials, Inc.",4.97,6326223.0,,"stockanalysis.com (백업 소스, 운용사 EOD 데이터 재게시)",2026-07-23T05:41:58+00:00
2026-07-23,SMH,AMD,"Advanced Micro Devices, Inc.",5.68,7722263.0,,"stockanalysis.com (백업 소스, 운용사 EOD 데이터 재게시)",2026-07-23T05:41:58+00:00
2026-07-23,SMH,ARM,Arm Holdings plc,1.04,2613417.0,,"stockanalysis.com (백업 소스, 운용사 EOD 데이터 재게시)",2026-07-23T05:41:58+00:00
2026-07-23,SMH,ASML,ASML Holding N.V.,5.22,2014512.0,,"stockanalysis.com (백업 소스, 운용사 EOD 데이터 재게시)",2026-07-23T05:41:58+00:00
2026-07-23,SMH,AVGO,Broadcom Inc.,6.11,11102835.0,,"stockanalysis.com (백업 소스, 운용사 EOD 데이터 재게시)",2026-07-23T05:41:58+00:00
2026-07-23,SMH,CDNS,"Cadence Design Systems, Inc.",2.23,4555386.0,,"stockanalysis.com (백업 소스, 운용사 EOD 데이터 재게시)",2026-07-23T05:41:58+00:00
2026-07-23,SMH,INTC,Intel Corporation,4.14,29371723.0,,"stockanalysis.com (백업 소스, 운용사 EOD 데이터 재게시)",2026-07-23T05:41:58+00:00
2026-07-23,SMH,KLAC,KLA Corporation,4.64,14719612.0,,"stockanalysis.com (백업 소스, 운용사 EOD 데이터 재게시)",2026-07-23T05:41:58+00:00
2026-07-23,SMH,LRCX,Lam Research Corporation,4.54,9768739.0,,"stockanalysis.com (백업 소스, 운용사 EOD 데이터 재게시)",2026-07-23T05:41:58+00:00
2026-07-23,SMH,MCHP,Microchip Technology Incorporated,0.94,7847709.0,,"stockanalysis.com (백업 소스, 운용사 EOD 데이터 재게시)",2026-07-23T05:41:58+00:00
2026-07-23,SMH,MPWR,"Monolithic Power Systems, Inc.",1.36,701227.0,,"stockanalysis.com (백업 소스, 운용사 EOD 데이터 재게시)",2026-07-23T05:41:58+00:00
2026-07-23,SMH,MRVL,"Marvell Technology, Inc.",3.48,12447833.0,,"stockanalysis.com (백업 소스, 운용사 EOD 데이터 재게시)",2026-07-23T05:41:58+00:00
2026-07-23,SMH,MU,"Micron Technology, Inc.",4.93,3917071.0,,"stockanalysis.com (백업 소스, 운용사 EOD 데이터 재게시)",2026-07-23T05:41:58+00:00
2026-07-23,SMH,NVDA,NVIDIA Corporation,20.97,69724602.0,,"stockanalysis.com (백업 소스, 운용사 EOD 데이터 재게시)",2026-07-23T05:41:58+00:00
2026-07-23,SMH,NXPI,NXP Semiconductors N.V.,1.28,3243180.0,,"stockanalysis.com (백업 소스, 운용사 EOD 데이터 재게시)",2026-07-23T05:41:58+00:00
2026-07-23,SMH,ON,ON Semiconductor Corporation,0.63,4874498.0,,"stockanalysis.com (백업 소스, 운용사 EOD 데이터 재게시)",2026-07-23T05:41:58+00:00
2026-07-23,SMH,QCOM,QUALCOMM Incorporated,4.11,16118455.0,,"stockanalysis.com (백업 소스, 운용사 EOD 데이터 재게시)",2026-07-23T05:41:58+00:00
2026-07-23,SMH,SNPS,"Synopsys, Inc.",1.82,3201521.0,,"stockanalysis.com (백업 소스, 운용사 EOD 데이터 재게시)",2026-07-23T05:41:58+00:00
2026-07-23,SMH,STM,STMicroelectronics N.V.,1.23,13378476.0,,"stockanalysis.com (백업 소스, 운용사 EOD 데이터 재게시)",2026-07-23T05:41:58+00:00
2026-07-23,SMH,SWKS,"Skyworks Solutions, Inc.",0.16,1870746.0,,"stockanalysis.com (백업 소스, 운용사 EOD 데이터 재게시)",2026-07-23T05:41:58+00:00
2026-07-23,SMH,TER,"Teradyne, Inc.",1.18,2457772.0,,"stockanalysis.com (백업 소스, 운용사 EOD 데이터 재게시)",2026-07-23T05:41:58+00:00
2026-07-23,SMH,TSM,Taiwan Semiconductor Manufacturing Company Limited,9.16,15500214.0,,"stockanalysis.com (백업 소스, 운용사 EOD 데이터 재게시)",2026-07-23T05:41:58+00:00
2026-07-23,SMH,TXN,Texas Instruments Incorporated,4.7,11149232.0,,"stockanalysis.com (백업 소스, 운용사 EOD 데이터 재게시)",2026-07-23T05:41:58+00:00
2026-07-23,SOXQ,ADI,"Analog Devices, Inc.",4.02,256382.0,,"stockanalysis.com (백업 소스, 운용사 EOD 데이터 재게시)",2026-07-23T05:41:58+00:00
2026-07-23,SOXQ,ALAB,"Astera Labs, Inc.",2.19,172925.0,,"stockanalysis.com (백업 소스, 운용사 EOD 데이터 재게시)",2026-07-23T05:41:58+00:00
2026-07-23,SOXQ,AMAT,"Applied Materials, Inc.",5.22,235750.0,,"stockanalysis.com (백업 소스, 운용사 EOD 데이터 재게시)",2026-07-23T05:41:58+00:00
2026-07-23,SOXQ,AMD,"Advanced Micro Devices, Inc.",4.26,205587.0,,"stockanalysis.com (백업 소스, 운용사 EOD 데이터 재게시)",2026-07-23T05:41:58+00:00
2026-07-23,SOXQ,ARM,Arm Holdings plc,1.59,142597.0,,"stockanalysis.com (백업 소스, 운용사 EOD 데이터 재게시)",2026-07-23T05:41:58+00:00
2026-07-23,SOXQ,ASML,ASML Holding N.V.,4.81,65801.0,,"stockanalysis.com (백업 소스, 운용사 EOD 데이터 재게시)",2026-07-23T05:41:58+00:00
2026-07-23,SOXQ,AVGO,Broadcom Inc.,9.2,593722.0,,"stockanalysis.com (백업 소스, 운용사 EOD 데이터 재게시)",2026-07-23T05:41:58+00:00
2026-07-23,SOXQ,COHR,Coherent Corp.,2.29,197378.0,,"stockanalysis.com (백업 소스, 운용사 EOD 데이터 재게시)",2026-07-23T05:41:58+00:00
2026-07-23,SOXQ,CRDO,Credo Technology Group Holding Ltd,1.58,186079.0,,"stockanalysis.com (백업 소스, 운용사 EOD 데이터 재게시)",2026-07-23T05:41:58+00:00
2026-07-23,SOXQ,ENTG,"Entegris, Inc.",0.89,153844.0,,"stockanalysis.com (백업 소스, 운용사 EOD 데이터 재게시)",2026-07-23T05:41:58+00:00
2026-07-23,SOXQ,GFS,GLOBALFOUNDRIES Inc.,1.33,553910.0,,"stockanalysis.com (백업 소스, 운용사 EOD 데이터 재게시)",2026-07-23T05:41:58+00:00
2026-07-23,SOXQ,INTC,Intel Corporation,3.68,925221.0,,"stockanalysis.com (백업 소스, 운용사 EOD 데이터 재게시)",2026-07-23T05:41:58+00:00
2026-07-23,SOXQ,KLAC,KLA Corporation,4.91,552124.0,,"stockanalysis.com (백업 소스, 운용사 EOD 데이터 재게시)",2026-07-23T05:41:58+00:00
2026-07-23,SOXQ,LRCX,Lam Research Corporation,4.37,333465.0,,"stockanalysis.com (백업 소스, 운용사 EOD 데이터 재게시)",2026-07-23T05:41:58+00:00
2026-07-23,SOXQ,MCHP,Microchip Technology Incorporated,1.85,546864.0,,"stockanalysis.com (백업 소스, 운용사 EOD 데이터 재게시)",2026-07-23T05:41:58+00:00
2026-07-23,SOXQ,MPWR,"Monolithic Power Systems, Inc.",2.72,49562.0,,"stockanalysis.com (백업 소스, 운용사 EOD 데이터 재게시)",2026-07-23T05:41:58+00:00
2026-07-23,SOXQ,MRVL,"Marvell Technology, Inc.",4.08,517588.0,,"stockanalysis.com (백업 소스, 운용사 EOD 데이터 재게시)",2026-07-23T05:41:58+00:00
2026-07-23,SOXQ,MU,"Micron Technology, Inc.",7.76,218547.0,,"stockanalysis.com (백업 소스, 운용사 EOD 데이터 재게시)",2026-07-23T05:41:58+00:00
2026-07-23,SOXQ,NVDA,NVIDIA Corporation,12.78,1507575.0,,"stockanalysis.com (백업 소스, 운용사 EOD 데이터 재게시)",2026-07-23T05:41:58+00:00
2026-07-23,SOXQ,NXPI,NXP Semiconductors N.V.,2.84,254712.0,,"stockanalysis.com (백업 소스, 운용사 EOD 데이터 재게시)",2026-07-23T05:41:58+00:00
2026-07-23,SOXQ,ON,ON Semiconductor Corporation,1.44,395370.0,,"stockanalysis.com (백업 소스, 운용사 EOD 데이터 재게시)",2026-07-23T05:41:58+00:00
2026-07-23,SOXQ,QCOM,QUALCOMM Incorporated,3.04,422695.0,,"stockanalysis.com (백업 소스, 운용사 EOD 데이터 재게시)",2026-07-23T05:41:58+00:00
2026-07-23,SOXQ,TER,"Teradyne, Inc.",2.13,157917.0,,"stockanalysis.com (백업 소스, 운용사 EOD 데이터 재게시)",2026-07-23T05:41:58+00:00
2026-07-23,SOXQ,TSM,Taiwan Semiconductor Manufacturing Company Limited,4.22,253569.0,,"stockanalysis.com (백업 소스, 운용사 EOD 데이터 재게시)",2026-07-23T05:41:58+00:00
2026-07-23,SOXQ,TXN,Texas Instruments Incorporated,4.12,347118.0,,"stockanalysis.com (백업 소스, 운용사 EOD 데이터 재게시)",2026-07-23T05:41:58+00:00
2026-07-23,SOXX,ADI,"Analog Devices, Inc.",4.01,4923622.0,,"stockanalysis.com (백업 소스, 운용사 EOD 데이터 재게시)",2026-07-23T05:41:58+00:00
2026-07-23,SOXX,ALAB,"Astera Labs, Inc.",2.33,3547681.0,,"stockanalysis.com (백업 소스, 운용사 EOD 데이터 재게시)",2026-07-23T05:41:58+00:00
2026-07-23,SOXX,AMAT,"Applied Materials, Inc.",5.2,4527424.0,,"stockanalysis.com (백업 소스, 운용사 EOD 데이터 재게시)",2026-07-23T05:41:58+00:00
2026-07-23,SOXX,AMD,"Advanced Micro Devices, Inc.",8.49,7896074.0,,"stockanalysis.com (백업 소스, 운용사 EOD 데이터 재게시)",2026-07-23T05:41:58+00:00
2026-07-23,SOXX,ASML,ASML Holding N.V.,2.49,656659.0,,"stockanalysis.com (백업 소스, 운용사 EOD 데이터 재게시)",2026-07-23T05:41:58+00:00
2026-07-23,SOXX,ASX,"ASE Technology Holding Co., Ltd.",1.27,15282772.0,,"stockanalysis.com (백업 소스, 운용사 EOD 데이터 재게시)",2026-07-23T05:41:58+00:00
2026-07-23,SOXX,AVGO,Broadcom Inc.,7.33,9121300.0,,"stockanalysis.com (백업 소스, 운용사 EOD 데이터 재게시)",2026-07-23T05:41:58+00:00
2026-07-23,SOXX,CRDO,Credo Technology Group Holding Ltd,1.84,4193313.0,,"stockanalysis.com (백업 소스, 운용사 EOD 데이터 재게시)",2026-07-23T05:41:58+00:00
2026-07-23,SOXX,ENTG,"Entegris, Inc.",1.16,3842752.0,,"stockanalysis.com (백업 소스, 운용사 EOD 데이터 재게시)",2026-07-23T05:41:58+00:00
2026-07-23,SOXX,INTC,Intel Corporation,5.3,25704347.0,,"stockanalysis.com (백업 소스, 운용사 EOD 데이터 재게시)",2026-07-23T05:41:58+00:00
2026-07-23,SOXX,KLAC,KLA Corporation,4.89,10602847.0,,"stockanalysis.com (백업 소스, 운용사 EOD 데이터 재게시)",2026-07-23T05:41:58+00:00
2026-07-23,SOXX,LRCX,Lam Research Corporation,4.35,6403873.0,,"stockanalysis.com (백업 소스, 운용사 EOD 데이터 재게시)",2026-07-23T05:41:58+00:00
2026-07-23,SOXX,MCHP,Microchip Technology Incorporated,2.36,13473571.0,,"stockanalysis.com (백업 소스, 운용사 EOD 데이터 재게시)",2026-07-23T05:41:58+00:00
2026-07-23,SOXX,MPWR,"Monolithic Power Systems, Inc.",3.42,1201127.0,,"stockanalysis.com (백업 소스, 운용사 EOD 데이터 재게시)",2026-07-23T05:41:58+00:00
2026-07-23,SOXX,MRVL,"Marvell Technology, Inc.",4.07,9939626.0,,"stockanalysis.com (백업 소스, 운용사 EOD 데이터 재게시)",2026-07-23T05:41:58+00:00
2026-07-23,SOXX,MTSI,"MACOM Technology Solutions Holdings, Inc.",1.01,1749350.0,,"stockanalysis.com (백업 소스, 운용사 EOD 데이터 재게시)",2026-07-23T05:41:58+00:00
2026-07-23,SOXX,MU,"Micron Technology, Inc.",7.72,4196836.0,,"stockanalysis.com (백업 소스, 운용사 EOD 데이터 재게시)",2026-07-23T05:41:58+00:00
2026-07-23,SOXX,NVDA,NVIDIA Corporation,8.49,19300680.0,,"stockanalysis.com (백업 소스, 운용사 EOD 데이터 재게시)",2026-07-23T05:41:58+00:00
2026-07-23,SOXX,NXPI,NXP Semiconductors N.V.,3.66,6340600.0,,"stockanalysis.com (백업 소스, 운용사 EOD 데이터 재게시)",2026-07-23T05:41:58+00:00
2026-07-23,SOXX,ON,ON Semiconductor Corporation,1.87,9876866.0,,"stockanalysis.com (백업 소스, 운용사 EOD 데이터 재게시)",2026-07-23T05:41:58+00:00
2026-07-23,SOXX,QCOM,QUALCOMM Incorporated,3.02,8117223.0,,"stockanalysis.com (백업 소스, 운용사 EOD 데이터 재게시)",2026-07-23T05:41:58+00:00
2026-07-23,SOXX,TER,"Teradyne, Inc.",2.76,3943112.0,,"stockanalysis.com (백업 소스, 운용사 EOD 데이터 재게시)",2026-07-23T05:41:58+00:00
2026-07-23,SOXX,TSM,Taiwan Semiconductor Manufacturing Company Limited,4.37,5061805.0,,"stockanalysis.com (백업 소스, 운용사 EOD 데이터 재게시)",2026-07-23T05:41:58+00:00
2026-07-23,SOXX,TXN,Texas Instruments Incorporated,4.1,6665772.0,,"stockanalysis.com (백업 소스, 운용사 EOD 데이터 재게시)",2026-07-23T05:41:58+00:00
2026-07-23,SOXX,UMC,United Microelectronics Corporation,0.98,21187322.0,,"stockanalysis.com (백업 소스, 운용사 EOD 데이터 재게시)",2026-07-23T05:41:58+00:00
2026-07-24,SMH,ADI,"Analog Devices, Inc.",4.46,8007234.0,,"stockanalysis.com (백업 소스, 운용사 EOD 데이터 재게시)",2026-07-24T05:38:09+00:00
2026-07-24,SMH,ALAB,"Astera Labs, Inc.",0.94,2097018.0,,"stockanalysis.com (백업 소스, 운용사 EOD 데이터 재게시)",2026-07-24T05:38:09+00:00
2026-07-24,SMH,AMAT,"Applied Materials, Inc.",4.97,6326223.0,,"stockanalysis.com (백업 소스, 운용사 EOD 데이터 재게시)",2026-07-24T05:38:09+00:00
2026-07-24,SMH,AMD,"Advanced Micro Devices, Inc.",5.68,7722263.0,,"stockanalysis.com (백업 소스, 운용사 EOD 데이터 재게시)",2026-07-24T05:38:09+00:00
2026-07-24,SMH,ARM,Arm Holdings plc,1.04,2613417.0,,"stockanalysis.com (백업 소스, 운용사 EOD 데이터 재게시)",2026-07-24T05:38:09+00:00
2026-07-24,SMH,ASML,ASML Holding N.V.,5.22,2014512.0,,"stockanalysis.com (백업 소스, 운용사 EOD 데이터 재게시)",2026-07-24T05:38:09+00:00
2026-07-24,SMH,AVGO,Broadcom Inc.,6.11,11102835.0,,"stockanalysis.com (백업 소스, 운용사 EOD 데이터 재게시)",2026-07-24T05:38:09+00:00
2026-07-24,SMH,CDNS,"Cadence Design Systems, Inc.",2.23,4555386.0,,"stockanalysis.com (백업 소스, 운용사 EOD 데이터 재게시)",2026-07-24T05:38:09+00:00
2026-07-24,SMH,INTC,Intel Corporation,4.14,29371723.0,,"stockanalysis.com (백업 소스, 운용사 EOD 데이터 재게시)",2026-07-24T05:38:09+00:00
2026-07-24,SMH,KLAC,KLA Corporation,4.64,14719612.0,,"stockanalysis.com (백업 소스, 운용사 EOD 데이터 재게시)",2026-07-24T05:38:09+00:00
2026-07-24,SMH,LRCX,Lam Research Corporation,4.54,9768739.0,,"stockanalysis.com (백업 소스, 운용사 EOD 데이터 재게시)",2026-07-24T05:38:09+00:00
2026-07-24,SMH,MCHP,Microchip Technology Incorporated,0.94,7847709.0,,"stockanalysis.com (백업 소스, 운용사 EOD 데이터 재게시)",2026-07-24T05:38:09+00:00
2026-07-24,SMH,MPWR,"Monolithic Power Systems, Inc.",1.36,701227.0,,"stockanalysis.com (백업 소스, 운용사 EOD 데이터 재게시)",2026-07-24T05:38:09+00:00
2026-07-24,SMH,MRVL,"Marvell Technology, Inc.",3.48,12447833.0,,"stockanalysis.com (백업 소스, 운용사 EOD 데이터 재게시)",2026-07-24T05:38:09+00:00
2026-07-24,SMH,MU,"Micron Technology, Inc.",4.93,3917071.0,,"stockanalysis.com (백업 소스, 운용사 EOD 데이터 재게시)",2026-07-24T05:38:09+00:00
2026-07-24,SMH,NVDA,NVIDIA Corporation,20.97,69724602.0,,"stockanalysis.com (백업 소스, 운용사 EOD 데이터 재게시)",2026-07-24T05:38:09+00:00
2026-07-24,SMH,NXPI,NXP Semiconductors N.V.,1.28,3243180.0,,"stockanalysis.com (백업 소스, 운용사 EOD 데이터 재게시)",2026-07-24T05:38:09+00:00
2026-07-24,SMH,ON,ON Semiconductor Corporation,0.63,4874498.0,,"stockanalysis.com (백업 소스, 운용사 EOD 데이터 재게시)",2026-07-24T05:38:09+00:00
2026-07-24,SMH,QCOM,QUALCOMM Incorporated,4.11,16118455.0,,"stockanalysis.com (백업 소스, 운용사 EOD 데이터 재게시)",2026-07-24T05:38:09+00:00
2026-07-24,SMH,SNPS,"Synopsys, Inc.",1.82,3201521.0,,"stockanalysis.com (백업 소스, 운용사 EOD 데이터 재게시)",2026-07-24T05:38:09+00:00
2026-07-24,SMH,STM,STMicroelectronics N.V.,1.23,13378476.0,,"stockanalysis.com (백업 소스, 운용사 EOD 데이터 재게시)",2026-07-24T05:38:09+00:00
2026-07-24,SMH,SWKS,"Skyworks Solutions, Inc.",0.16,1870746.0,,"stockanalysis.com (백업 소스, 운용사 EOD 데이터 재게시)",2026-07-24T05:38:09+00:00
2026-07-24,SMH,TER,"Teradyne, Inc.",1.18,2457772.0,,"stockanalysis.com (백업 소스, 운용사 EOD 데이터 재게시)",2026-07-24T05:38:09+00:00
2026-07-24,SMH,TSM,Taiwan Semiconductor Manufacturing Company Limited,9.16,15500214.0,,"stockanalysis.com (백업 소스, 운용사 EOD 데이터 재게시)",2026-07-24T05:38:09+00:00
2026-07-24,SMH,TXN,Texas Instruments Incorporated,4.7,11149232.0,,"stockanalysis.com (백업 소스, 운용사 EOD 데이터 재게시)",2026-07-24T05:38:09+00:00
2026-07-24,SOXQ,ADI,"Analog Devices, Inc.",4.02,256382.0,,"stockanalysis.com (백업 소스, 운용사 EOD 데이터 재게시)",2026-07-24T05:38:09+00:00
2026-07-24,SOXQ,ALAB,"Astera Labs, Inc.",2.19,172925.0,,"stockanalysis.com (백업 소스, 운용사 EOD 데이터 재게시)",2026-07-24T05:38:09+00:00
2026-07-24,SOXQ,AMAT,"Applied Materials, Inc.",5.22,235750.0,,"stockanalysis.com (백업 소스, 운용사 EOD 데이터 재게시)",2026-07-24T05:38:09+00:00
2026-07-24,SOXQ,AMD,"Advanced Micro Devices, Inc.",4.26,205587.0,,"stockanalysis.com (백업 소스, 운용사 EOD 데이터 재게시)",2026-07-24T05:38:09+00:00
2026-07-24,SOXQ,ARM,Arm Holdings plc,1.59,142597.0,,"stockanalysis.com (백업 소스, 운용사 EOD 데이터 재게시)",2026-07-24T05:38:09+00:00
2026-07-24,SOXQ,ASML,ASML Holding N.V.,4.81,65801.0,,"stockanalysis.com (백업 소스, 운용사 EOD 데이터 재게시)",2026-07-24T05:38:09+00:00
2026-07-24,SOXQ,AVGO,Broadcom Inc.,9.2,593722.0,,"stockanalysis.com (백업 소스, 운용사 EOD 데이터 재게시)",2026-07-24T05:38:09+00:00
2026-07-24,SOXQ,COHR,Coherent Corp.,2.29,197378.0,,"stockanalysis.com (백업 소스, 운용사 EOD 데이터 재게시)",2026-07-24T05:38:09+00:00
2026-07-24,SOXQ,CRDO,Credo Technology Group Holding Ltd,1.58,186079.0,,"stockanalysis.com (백업 소스, 운용사 EOD 데이터 재게시)",2026-07-24T05:38:09+00:00
2026-07-24,SOXQ,ENTG,"Entegris, Inc.",0.89,153844.0,,"stockanalysis.com (백업 소스, 운용사 EOD 데이터 재게시)",2026-07-24T05:38:09+00:00
2026-07-24,SOXQ,GFS,GLOBALFOUNDRIES Inc.,1.33,553910.0,,"stockanalysis.com (백업 소스, 운용사 EOD 데이터 재게시)",2026-07-24T05:38:09+00:00
2026-07-24,SOXQ,INTC,Intel Corporation,3.68,925221.0,,"stockanalysis.com (백업 소스, 운용사 EOD 데이터 재게시)",2026-07-24T05:38:09+00:00
2026-07-24,SOXQ,KLAC,KLA Corporation,4.91,552124.0,,"stockanalysis.com (백업 소스, 운용사 EOD 데이터 재게시)",2026-07-24T05:38:09+00:00
2026-07-24,SOXQ,LRCX,Lam Research Corporation,4.37,333465.0,,"stockanalysis.com (백업 소스, 운용사 EOD 데이터 재게시)",2026-07-24T05:38:09+00:00
2026-07-24,SOXQ,MCHP,Microchip Technology Incorporated,1.85,546864.0,,"stockanalysis.com (백업 소스, 운용사 EOD 데이터 재게시)",2026-07-24T05:38:09+00:00
2026-07-24,SOXQ,MPWR,"Monolithic Power Systems, Inc.",2.72,49562.0,,"stockanalysis.com (백업 소스, 운용사 EOD 데이터 재게시)",2026-07-24T05:38:09+00:00
2026-07-24,SOXQ,MRVL,"Marvell Technology, Inc.",4.08,517588.0,,"stockanalysis.com (백업 소스, 운용사 EOD 데이터 재게시)",2026-07-24T05:38:09+00:00
2026-07-24,SOXQ,MU,"Micron Technology, Inc.",7.76,218547.0,,"stockanalysis.com (백업 소스, 운용사 EOD 데이터 재게시)",2026-07-24T05:38:09+00:00
2026-07-24,SOXQ,NVDA,NVIDIA Corporation,12.78,1507575.0,,"stockanalysis.com (백업 소스, 운용사 EOD 데이터 재게시)",2026-07-24T05:38:09+00:00
2026-07-24,SOXQ,NXPI,NXP Semiconductors N.V.,2.84,254712.0,,"stockanalysis.com (백업 소스, 운용사 EOD 데이터 재게시)",2026-07-24T05:38:09+00:00
2026-07-24,SOXQ,ON,ON Semiconductor Corporation,1.44,395370.0,,"stockanalysis.com (백업 소스, 운용사 EOD 데이터 재게시)",2026-07-24T05:38:09+00:00
2026-07-24,SOXQ,QCOM,QUALCOMM Incorporated,3.04,422695.0,,"stockanalysis.com (백업 소스, 운용사 EOD 데이터 재게시)",2026-07-24T05:38:09+00:00
2026-07-24,SOXQ,TER,"Teradyne, Inc.",2.13,157917.0,,"stockanalysis.com (백업 소스, 운용사 EOD 데이터 재게시)",2026-07-24T05:38:09+00:00
2026-07-24,SOXQ,TSM,Taiwan Semiconductor Manufacturing Company Limited,4.22,253569.0,,"stockanalysis.com (백업 소스, 운용사 EOD 데이터 재게시)",2026-07-24T05:38:09+00:00
2026-07-24,SOXQ,TXN,Texas Instruments Incorporated,4.12,347118.0,,"stockanalysis.com (백업 소스, 운용사 EOD 데이터 재게시)",2026-07-24T05:38:09+00:00
2026-07-24,SOXX,ADI,"Analog Devices, Inc.",4.01,4923622.0,,"stockanalysis.com (백업 소스, 운용사 EOD 데이터 재게시)",2026-07-24T05:38:09+00:00
2026-07-24,SOXX,ALAB,"Astera Labs, Inc.",2.33,3547681.0,,"stockanalysis.com (백업 소스, 운용사 EOD 데이터 재게시)",2026-07-24T05:38:09+00:00
2026-07-24,SOXX,AMAT,"Applied Materials, Inc.",5.2,4527424.0,,"stockanalysis.com (백업 소스, 운용사 EOD 데이터 재게시)",2026-07-24T05:38:09+00:00
2026-07-24,SOXX,AMD,"Advanced Micro Devices, Inc.",8.49,7896074.0,,"stockanalysis.com (백업 소스, 운용사 EOD 데이터 재게시)",2026-07-24T05:38:09+00:00
2026-07-24,SOXX,ASML,ASML Holding N.V.,2.49,656659.0,,"stockanalysis.com (백업 소스, 운용사 EOD 데이터 재게시)",2026-07-24T05:38:09+00:00
2026-07-24,SOXX,ASX,"ASE Technology Holding Co., Ltd.",1.27,15282772.0,,"stockanalysis.com (백업 소스, 운용사 EOD 데이터 재게시)",2026-07-24T05:38:09+00:00
2026-07-24,SOXX,AVGO,Broadcom Inc.,7.33,9121300.0,,"stockanalysis.com (백업 소스, 운용사 EOD 데이터 재게시)",2026-07-24T05:38:09+00:00
2026-07-24,SOXX,CRDO,Credo Technology Group Holding Ltd,1.84,4193313.0,,"stockanalysis.com (백업 소스, 운용사 EOD 데이터 재게시)",2026-07-24T05:38:09+00:00
2026-07-24,SOXX,ENTG,"Entegris, Inc.",1.16,3842752.0,,"stockanalysis.com (백업 소스, 운용사 EOD 데이터 재게시)",2026-07-24T05:38:09+00:00
2026-07-24,SOXX,INTC,Intel Corporation,5.3,25704347.0,,"stockanalysis.com (백업 소스, 운용사 EOD 데이터 재게시)",2026-07-24T05:38:09+00:00
2026-07-24,SOXX,KLAC,KLA Corporation,4.89,10602847.0,,"stockanalysis.com (백업 소스, 운용사 EOD 데이터 재게시)",2026-07-24T05:38:09+00:00
2026-07-24,SOXX,LRCX,Lam Research Corporation,4.35,6403873.0,,"stockanalysis.com (백업 소스, 운용사 EOD 데이터 재게시)",2026-07-24T05:38:09+00:00
2026-07-24,SOXX,MCHP,Microchip Technology Incorporated,2.36,13473571.0,,"stockanalysis.com (백업 소스, 운용사 EOD 데이터 재게시)",2026-07-24T05:38:09+00:00
2026-07-24,SOXX,MPWR,"Monolithic Power Systems, Inc.",3.42,1201127.0,,"stockanalysis.com (백업 소스, 운용사 EOD 데이터 재게시)",2026-07-24T05:38:09+00:00
2026-07-24,SOXX,MRVL,"Marvell Technology, Inc.",4.07,9939626.0,,"stockanalysis.com (백업 소스, 운용사 EOD 데이터 재게시)",2026-07-24T05:38:09+00:00
2026-07-24,SOXX,MTSI,"MACOM Technology Solutions Holdings, Inc.",1.01,1749350.0,,"stockanalysis.com (백업 소스, 운용사 EOD 데이터 재게시)",2026-07-24T05:38:09+00:00
2026-07-24,SOXX,MU,"Micron Technology, Inc.",7.72,4196836.0,,"stockanalysis.com (백업 소스, 운용사 EOD 데이터 재게시)",2026-07-24T05:38:09+00:00
2026-07-24,SOXX,NVDA,NVIDIA Corporation,8.49,19300680.0,,"stockanalysis.com (백업 소스, 운용사 EOD 데이터 재게시)",2026-07-24T05:38:09+00:00
2026-07-24,SOXX,NXPI,NXP Semiconductors N.V.,3.66,6340600.0,,"stockanalysis.com (백업 소스, 운용사 EOD 데이터 재게시)",2026-07-24T05:38:09+00:00
2026-07-24,SOXX,ON,ON Semiconductor Corporation,1.87,9876866.0,,"stockanalysis.com (백업 소스, 운용사 EOD 데이터 재게시)",2026-07-24T05:38:09+00:00
2026-07-24,SOXX,QCOM,QUALCOMM Incorporated,3.02,8117223.0,,"stockanalysis.com (백업 소스, 운용사 EOD 데이터 재게시)",2026-07-24T05:38:09+00:00
2026-07-24,SOXX,TER,"Teradyne, Inc.",2.76,3943112.0,,"stockanalysis.com (백업 소스, 운용사 EOD 데이터 재게시)",2026-07-24T05:38:09+00:00
2026-07-24,SOXX,TSM,Taiwan Semiconductor Manufacturing Company Limited,4.37,5061805.0,,"stockanalysis.com (백업 소스, 운용사 EOD 데이터 재게시)",2026-07-24T05:38:09+00:00
2026-07-24,SOXX,TXN,Texas Instruments Incorporated,4.1,6665772.0,,"stockanalysis.com (백업 소스, 운용사 EOD 데이터 재게시)",2026-07-24T05:38:09+00:00
2026-07-24,SOXX,UMC,United Microelectronics Corporation,0.98,21187322.0,,"stockanalysis.com (백업 소스, 운용사 EOD 데이터 재게시)",2026-07-24T05:38:09+00:00
2026-07-25,SMH,ADI,"Analog Devices, Inc.",4.35,7964269.0,,"stockanalysis.com (백업 소스, 운용사 EOD 데이터 재게시)",2026-07-25T05:32:10+00:00
2026-07-25,SMH,ALAB,"Astera Labs, Inc.",0.98,2085773.0,,"stockanalysis.com (백업 소스, 운용사 EOD 데이터 재게시)",2026-07-25T05:32:10+00:00
2026-07-25,SMH,AMAT,"Applied Materials, Inc.",4.93,6292280.0,,"stockanalysis.com (백업 소스, 운용사 EOD 데이터 재게시)",2026-07-25T05:32:10+00:00
2026-07-25,SMH,AMD,"Advanced Micro Devices, Inc.",6.0,7680832.0,,"stockanalysis.com (백업 소스, 운용사 EOD 데이터 재게시)",2026-07-25T05:32:10+00:00
2026-07-25,SMH,ARM,Arm Holdings plc,1.04,2599390.0,,"stockanalysis.com (백업 소스, 운용사 EOD 데이터 재게시)",2026-07-25T05:32:10+00:00
2026-07-25,SMH,ASML,ASML Holding N.V.,5.1,2003709.0,,"stockanalysis.com (백업 소스, 운용사 EOD 데이터 재게시)",2026-07-25T05:32:10+00:00
2026-07-25,SMH,AVGO,Broadcom Inc.,6.19,11043074.0,,"stockanalysis.com (백업 소스, 운용사 EOD 데이터 재게시)",2026-07-25T05:32:10+00:00
2026-07-25,SMH,CDNS,"Cadence Design Systems, Inc.",2.16,4530946.0,,"stockanalysis.com (백업 소스, 운용사 EOD 데이터 재게시)",2026-07-25T05:32:10+00:00
2026-07-25,SMH,INTC,Intel Corporation,4.24,29214158.0,,"stockanalysis.com (백업 소스, 운용사 EOD 데이터 재게시)",2026-07-25T05:32:10+00:00
2026-07-25,SMH,KLAC,KLA Corporation,4.44,14640624.0,,"stockanalysis.com (백업 소스, 운용사 EOD 데이터 재게시)",2026-07-25T05:32:10+00:00
2026-07-25,SMH,LRCX,Lam Research Corporation,4.38,9716323.0,,"stockanalysis.com (백업 소스, 운용사 EOD 데이터 재게시)",2026-07-25T05:32:10+00:00
2026-07-25,SMH,MCHP,Microchip Technology Incorporated,0.94,7805602.0,,"stockanalysis.com (백업 소스, 운용사 EOD 데이터 재게시)",2026-07-25T05:32:10+00:00
2026-07-25,SMH,MPWR,"Monolithic Power Systems, Inc.",1.38,697470.0,,"stockanalysis.com (백업 소스, 운용사 EOD 데이터 재게시)",2026-07-25T05:32:10+00:00
2026-07-25,SMH,MRVL,"Marvell Technology, Inc.",3.69,12381052.0,,"stockanalysis.com (백업 소스, 운용사 EOD 데이터 재게시)",2026-07-25T05:32:10+00:00
2026-07-25,SMH,MU,"Micron Technology, Inc.",5.28,3896050.0,,"stockanalysis.com (백업 소스, 운용사 EOD 데이터 재게시)",2026-07-25T05:32:10+00:00
2026-07-25,SMH,NVDA,NVIDIA Corporation,20.78,69350548.0,,"stockanalysis.com (백업 소스, 운용사 EOD 데이터 재게시)",2026-07-25T05:32:10+00:00
2026-07-25,SMH,NXPI,NXP Semiconductors N.V.,1.27,3225786.0,,"stockanalysis.com (백업 소스, 운용사 EOD 데이터 재게시)",2026-07-25T05:32:10+00:00
2026-07-25,SMH,ON,ON Semiconductor Corporation,0.63,4848342.0,,"stockanalysis.com (백업 소스, 운용사 EOD 데이터 재게시)",2026-07-25T05:32:10+00:00
2026-07-25,SMH,QCOM,QUALCOMM Incorporated,3.98,16031979.0,,"stockanalysis.com (백업 소스, 운용사 EOD 데이터 재게시)",2026-07-25T05:32:10+00:00
2026-07-25,SMH,SNPS,"Synopsys, Inc.",1.7,3184348.0,,"stockanalysis.com (백업 소스, 운용사 EOD 데이터 재게시)",2026-07-25T05:32:10+00:00
2026-07-25,SMH,STM,STMicroelectronics N.V.,1.24,13306703.0,,"stockanalysis.com (백업 소스, 운용사 EOD 데이터 재게시)",2026-07-25T05:32:10+00:00
2026-07-25,SMH,SWKS,"Skyworks Solutions, Inc.",0.17,1860710.0,,"stockanalysis.com (백업 소스, 운용사 EOD 데이터 재게시)",2026-07-25T05:32:10+00:00
2026-07-25,SMH,TER,"Teradyne, Inc.",1.28,2444590.0,,"stockanalysis.com (백업 소스, 운용사 EOD 데이터 재게시)",2026-07-25T05:32:10+00:00
2026-07-25,SMH,TSM,Taiwan Semiconductor Manufacturing Company Limited,9.18,15417053.0,,"stockanalysis.com (백업 소스, 운용사 EOD 데이터 재게시)",2026-07-25T05:32:10+00:00
2026-07-25,SMH,TXN,Texas Instruments Incorporated,4.61,11089419.0,,"stockanalysis.com (백업 소스, 운용사 EOD 데이터 재게시)",2026-07-25T05:32:10+00:00
2026-07-25,SOXQ,ADI,"Analog Devices, Inc.",3.9,252048.0,,"stockanalysis.com (백업 소스, 운용사 EOD 데이터 재게시)",2026-07-25T05:32:10+00:00
2026-07-25,SOXQ,ALAB,"Astera Labs, Inc.",2.25,169999.0,,"stockanalysis.com (백업 소스, 운용사 EOD 데이터 재게시)",2026-07-25T05:32:10+00:00
2026-07-25,SOXQ,AMAT,"Applied Materials, Inc.",5.13,231768.0,,"stockanalysis.com (백업 소스, 운용사 EOD 데이터 재게시)",2026-07-25T05:32:10+00:00
2026-07-25,SOXQ,AMD,"Advanced Micro Devices, Inc.",4.46,202111.0,,"stockanalysis.com (백업 소스, 운용사 EOD 데이터 재게시)",2026-07-25T05:32:10+00:00
2026-07-25,SOXQ,ARM,Arm Holdings plc,1.59,140177.0,,"stockanalysis.com (백업 소스, 운용사 EOD 데이터 재게시)",2026-07-25T05:32:10+00:00
2026-07-25,SOXQ,ASML,ASML Holding N.V.,4.66,64679.0,,"stockanalysis.com (백업 소스, 운용사 EOD 데이터 재게시)",2026-07-25T05:32:10+00:00
2026-07-25,SOXQ,AVGO,Broadcom Inc.,9.26,583690.0,,"stockanalysis.com (백업 소스, 운용사 EOD 데이터 재게시)",2026-07-25T05:32:10+00:00
2026-07-25,SOXQ,COHR,Coherent Corp.,2.42,194034.0,,"stockanalysis.com (백업 소스, 운용사 EOD 데이터 재게시)",2026-07-25T05:32:10+00:00
2026-07-25,SOXQ,CRDO,Credo Technology Group Holding Ltd,1.67,182933.0,,"stockanalysis.com (백업 소스, 운용사 EOD 데이터 재게시)",2026-07-25T05:32:10+00:00
2026-07-25,SOXQ,GFS,GLOBALFOUNDRIES Inc.,1.27,544560.0,,"stockanalysis.com (백업 소스, 운용사 EOD 데이터 재게시)",2026-07-25T05:32:10+00:00
2026-07-25,SOXQ,INTC,Intel Corporation,3.73,909579.0,,"stockanalysis.com (백업 소스, 운용사 EOD 데이터 재게시)",2026-07-25T05:32:10+00:00
2026-07-25,SOXQ,KLAC,KLA Corporation,4.66,542796.0,,"stockanalysis.com (백업 소스, 운용사 EOD 데이터 재게시)",2026-07-25T05:32:10+00:00
2026-07-25,SOXQ,LRCX,Lam Research Corporation,4.19,327833.0,,"stockanalysis.com (백업 소스, 운용사 EOD 데이터 재게시)",2026-07-25T05:32:10+00:00
2026-07-25,SOXQ,MCHP,Microchip Technology Incorporated,1.83,537624.0,,"stockanalysis.com (백업 소스, 운용사 EOD 데이터 재게시)",2026-07-25T05:32:10+00:00
2026-07-25,SOXQ,MPWR,"Monolithic Power Systems, Inc.",2.73,48726.0,,"stockanalysis.com (백업 소스, 운용사 EOD 데이터 재게시)",2026-07-25T05:32:10+00:00
2026-07-25,SOXQ,MRVL,"Marvell Technology, Inc.",4.29,508832.0,,"stockanalysis.com (백업 소스, 운용사 EOD 데이터 재게시)",2026-07-25T05:32:10+00:00
2026-07-25,SOXQ,MTSI,"MACOM Technology Solutions Holdings, Inc.",0.86,75669.0,,"stockanalysis.com (백업 소스, 운용사 EOD 데이터 재게시)",2026-07-25T05:32:10+00:00
2026-07-25,SOXQ,MU,"Micron Technology, Inc.",8.24,214851.0,,"stockanalysis.com (백업 소스, 운용사 EOD 데이터 재게시)",2026-07-25T05:32:10+00:00
2026-07-25,SOXQ,NVDA,NVIDIA Corporation,12.57,1482099.0,,"stockanalysis.com (백업 소스, 운용사 EOD 데이터 재게시)",2026-07-25T05:32:10+00:00
2026-07-25,SOXQ,NXPI,NXP Semiconductors N.V.,2.79,250400.0,,"stockanalysis.com (백업 소스, 운용사 EOD 데이터 재게시)",2026-07-25T05:32:10+00:00
2026-07-25,SOXQ,ON,ON Semiconductor Corporation,1.44,388682.0,,"stockanalysis.com (백업 소스, 운용사 EOD 데이터 재게시)",2026-07-25T05:32:10+00:00
2026-07-25,SOXQ,QCOM,QUALCOMM Incorporated,2.92,415545.0,,"stockanalysis.com (백업 소스, 운용사 EOD 데이터 재게시)",2026-07-25T05:32:10+00:00
2026-07-25,SOXQ,TER,"Teradyne, Inc.",2.29,155255.0,,"stockanalysis.com (백업 소스, 운용사 EOD 데이터 재게시)",2026-07-25T05:32:10+00:00
2026-07-25,SOXQ,TSM,Taiwan Semiconductor Manufacturing Company Limited,4.2,249279.0,,"stockanalysis.com (백업 소스, 운용사 EOD 데이터 재게시)",2026-07-25T05:32:10+00:00
2026-07-25,SOXQ,TXN,Texas Instruments Incorporated,4.02,341244.0,,"stockanalysis.com (백업 소스, 운용사 EOD 데이터 재게시)",2026-07-25T05:32:10+00:00
2026-07-25,SOXX,ADI,"Analog Devices, Inc.",4.01,4923622.0,,"stockanalysis.com (백업 소스, 운용사 EOD 데이터 재게시)",2026-07-25T05:32:10+00:00
2026-07-25,SOXX,ALAB,"Astera Labs, Inc.",2.33,3547681.0,,"stockanalysis.com (백업 소스, 운용사 EOD 데이터 재게시)",2026-07-25T05:32:10+00:00
2026-07-25,SOXX,AMAT,"Applied Materials, Inc.",5.2,4527424.0,,"stockanalysis.com (백업 소스, 운용사 EOD 데이터 재게시)",2026-07-25T05:32:10+00:00
2026-07-25,SOXX,AMD,"Advanced Micro Devices, Inc.",8.49,7896074.0,,"stockanalysis.com (백업 소스, 운용사 EOD 데이터 재게시)",2026-07-25T05:32:10+00:00
2026-07-25,SOXX,ASML,ASML Holding N.V.,2.49,656659.0,,"stockanalysis.com (백업 소스, 운용사 EOD 데이터 재게시)",2026-07-25T05:32:10+00:00
2026-07-25,SOXX,ASX,"ASE Technology Holding Co., Ltd.",1.27,15282772.0,,"stockanalysis.com (백업 소스, 운용사 EOD 데이터 재게시)",2026-07-25T05:32:10+00:00
2026-07-25,SOXX,AVGO,Broadcom Inc.,7.33,9121300.0,,"stockanalysis.com (백업 소스, 운용사 EOD 데이터 재게시)",2026-07-25T05:32:10+00:00
2026-07-25,SOXX,CRDO,Credo Technology Group Holding Ltd,1.84,4193313.0,,"stockanalysis.com (백업 소스, 운용사 EOD 데이터 재게시)",2026-07-25T05:32:10+00:00
2026-07-25,SOXX,ENTG,"Entegris, Inc.",1.16,3842752.0,,"stockanalysis.com (백업 소스, 운용사 EOD 데이터 재게시)",2026-07-25T05:32:10+00:00
2026-07-25,SOXX,INTC,Intel Corporation,5.3,25704347.0,,"stockanalysis.com (백업 소스, 운용사 EOD 데이터 재게시)",2026-07-25T05:32:10+00:00
2026-07-25,SOXX,KLAC,KLA Corporation,4.89,10602847.0,,"stockanalysis.com (백업 소스, 운용사 EOD 데이터 재게시)",2026-07-25T05:32:10+00:00
2026-07-25,SOXX,LRCX,Lam Research Corporation,4.35,6403873.0,,"stockanalysis.com (백업 소스, 운용사 EOD 데이터 재게시)",2026-07-25T05:32:10+00:00
2026-07-25,SOXX,MCHP,Microchip Technology Incorporated,2.36,13473571.0,,"stockanalysis.com (백업 소스, 운용사 EOD 데이터 재게시)",2026-07-25T05:32:10+00:00
2026-07-25,SOXX,MPWR,"Monolithic Power Systems, Inc.",3.42,1201127.0,,"stockanalysis.com (백업 소스, 운용사 EOD 데이터 재게시)",2026-07-25T05:32:10+00:00
2026-07-25,SOXX,MRVL,"Marvell Technology, Inc.",4.07,9939626.0,,"stockanalysis.com (백업 소스, 운용사 EOD 데이터 재게시)",2026-07-25T05:32:10+00:00
2026-07-25,SOXX,MTSI,"MACOM Technology Solutions Holdings, Inc.",1.01,1749350.0,,"stockanalysis.com (백업 소스, 운용사 EOD 데이터 재게시)",2026-07-25T05:32:10+00:00
2026-07-25,SOXX,MU,"Micron Technology, Inc.",7.72,4196836.0,,"stockanalysis.com (백업 소스, 운용사 EOD 데이터 재게시)",2026-07-25T05:32:10+00:00
2026-07-25,SOXX,NVDA,NVIDIA Corporation,8.49,19300680.0,,"stockanalysis.com (백업 소스, 운용사 EOD 데이터 재게시)",2026-07-25T05:32:10+00:00
2026-07-25,SOXX,NXPI,NXP Semiconductors N.V.,3.66,6340600.0,,"stockanalysis.com (백업 소스, 운용사 EOD 데이터 재게시)",2026-07-25T05:32:10+00:00
2026-07-25,SOXX,ON,ON Semiconductor Corporation,1.87,9876866.0,,"stockanalysis.com (백업 소스, 운용사 EOD 데이터 재게시)",2026-07-25T05:32:10+00:00
2026-07-25,SOXX,QCOM,QUALCOMM Incorporated,3.02,8117223.0,,"stockanalysis.com (백업 소스, 운용사 EOD 데이터 재게시)",2026-07-25T05:32:10+00:00
2026-07-25,SOXX,TER,"Teradyne, Inc.",2.76,3943112.0,,"stockanalysis.com (백업 소스, 운용사 EOD 데이터 재게시)",2026-07-25T05:32:10+00:00
2026-07-25,SOXX,TSM,Taiwan Semiconductor Manufacturing Company Limited,4.37,5061805.0,,"stockanalysis.com (백업 소스, 운용사 EOD 데이터 재게시)",2026-07-25T05:32:10+00:00
2026-07-25,SOXX,TXN,Texas Instruments Incorporated,4.1,6665772.0,,"stockanalysis.com (백업 소스, 운용사 EOD 데이터 재게시)",2026-07-25T05:32:10+00:00
2026-07-25,SOXX,UMC,United Microelectronics Corporation,0.98,21187322.0,,"stockanalysis.com (백업 소스, 운용사 EOD 데이터 재게시)",2026-07-25T05:32:10+00:00
2026-07-26,SMH,ADI,"Analog Devices, Inc.",4.35,7964269.0,,"stockanalysis.com (백업 소스, 운용사 EOD 데이터 재게시)",2026-07-26T05:48:33+00:00
2026-07-26,SMH,ALAB,"Astera Labs, Inc.",0.98,2085773.0,,"stockanalysis.com (백업 소스, 운용사 EOD 데이터 재게시)",2026-07-26T05:48:33+00:00
2026-07-26,SMH,AMAT,"Applied Materials, Inc.",4.93,6292280.0,,"stockanalysis.com (백업 소스, 운용사 EOD 데이터 재게시)",2026-07-26T05:48:33+00:00
2026-07-26,SMH,AMD,"Advanced Micro Devices, Inc.",6.0,7680832.0,,"stockanalysis.com (백업 소스, 운용사 EOD 데이터 재게시)",2026-07-26T05:48:33+00:00
2026-07-26,SMH,ARM,Arm Holdings plc,1.04,2599390.0,,"stockanalysis.com (백업 소스, 운용사 EOD 데이터 재게시)",2026-07-26T05:48:33+00:00
2026-07-26,SMH,ASML,ASML Holding N.V.,5.1,2003709.0,,"stockanalysis.com (백업 소스, 운용사 EOD 데이터 재게시)",2026-07-26T05:48:33+00:00
2026-07-26,SMH,AVGO,Broadcom Inc.,6.19,11043074.0,,"stockanalysis.com (백업 소스, 운용사 EOD 데이터 재게시)",2026-07-26T05:48:33+00:00
2026-07-26,SMH,CDNS,"Cadence Design Systems, Inc.",2.16,4530946.0,,"stockanalysis.com (백업 소스, 운용사 EOD 데이터 재게시)",2026-07-26T05:48:33+00:00
2026-07-26,SMH,INTC,Intel Corporation,4.24,29214158.0,,"stockanalysis.com (백업 소스, 운용사 EOD 데이터 재게시)",2026-07-26T05:48:33+00:00
2026-07-26,SMH,KLAC,KLA Corporation,4.44,14640624.0,,"stockanalysis.com (백업 소스, 운용사 EOD 데이터 재게시)",2026-07-26T05:48:33+00:00
2026-07-26,SMH,LRCX,Lam Research Corporation,4.38,9716323.0,,"stockanalysis.com (백업 소스, 운용사 EOD 데이터 재게시)",2026-07-26T05:48:33+00:00
2026-07-26,SMH,MCHP,Microchip Technology Incorporated,0.94,7805602.0,,"stockanalysis.com (백업 소스, 운용사 EOD 데이터 재게시)",2026-07-26T05:48:33+00:00
2026-07-26,SMH,MPWR,"Monolithic Power Systems, Inc.",1.38,697470.0,,"stockanalysis.com (백업 소스, 운용사 EOD 데이터 재게시)",2026-07-26T05:48:33+00:00
2026-07-26,SMH,MRVL,"Marvell Technology, Inc.",3.69,12381052.0,,"stockanalysis.com (백업 소스, 운용사 EOD 데이터 재게시)",2026-07-26T05:48:33+00:00
2026-07-26,SMH,MU,"Micron Technology, Inc.",5.28,3896050.0,,"stockanalysis.com (백업 소스, 운용사 EOD 데이터 재게시)",2026-07-26T05:48:33+00:00
2026-07-26,SMH,NVDA,NVIDIA Corporation,20.78,69350548.0,,"stockanalysis.com (백업 소스, 운용사 EOD 데이터 재게시)",2026-07-26T05:48:33+00:00
2026-07-26,SMH,NXPI,NXP Semiconductors N.V.,1.27,3225786.0,,"stockanalysis.com (백업 소스, 운용사 EOD 데이터 재게시)",2026-07-26T05:48:33+00:00
2026-07-26,SMH,ON,ON Semiconductor Corporation,0.63,4848342.0,,"stockanalysis.com (백업 소스, 운용사 EOD 데이터 재게시)",2026-07-26T05:48:33+00:00
2026-07-26,SMH,QCOM,QUALCOMM Incorporated,3.98,16031979.0,,"stockanalysis.com (백업 소스, 운용사 EOD 데이터 재게시)",2026-07-26T05:48:33+00:00
2026-07-26,SMH,SNPS,"Synopsys, Inc.",1.7,3184348.0,,"stockanalysis.com (백업 소스, 운용사 EOD 데이터 재게시)",2026-07-26T05:48:33+00:00
2026-07-26,SMH,STM,STMicroelectronics N.V.,1.24,13306703.0,,"stockanalysis.com (백업 소스, 운용사 EOD 데이터 재게시)",2026-07-26T05:48:33+00:00
2026-07-26,SMH,SWKS,"Skyworks Solutions, Inc.",0.17,1860710.0,,"stockanalysis.com (백업 소스, 운용사 EOD 데이터 재게시)",2026-07-26T05:48:33+00:00
2026-07-26,SMH,TER,"Teradyne, Inc.",1.28,2444590.0,,"stockanalysis.com (백업 소스, 운용사 EOD 데이터 재게시)",2026-07-26T05:48:33+00:00
2026-07-26,SMH,TSM,Taiwan Semiconductor Manufacturing Company Limited,9.18,15417053.0,,"stockanalysis.com (백업 소스, 운용사 EOD 데이터 재게시)",2026-07-26T05:48:33+00:00
2026-07-26,SMH,TXN,Texas Instruments Incorporated,4.61,11089419.0,,"stockanalysis.com (백업 소스, 운용사 EOD 데이터 재게시)",2026-07-26T05:48:33+00:00
2026-07-26,SOXQ,ADI,"Analog Devices, Inc.",3.94,265247.0,,"stockanalysis.com (백업 소스, 운용사 EOD 데이터 재게시)",2026-07-26T05:48:33+00:00
2026-07-26,SOXQ,ALAB,"Astera Labs, Inc.",2.08,178910.0,,"stockanalysis.com (백업 소스, 운용사 EOD 데이터 재게시)",2026-07-26T05:48:33+00:00
2026-07-26,SOXQ,AMAT,"Applied Materials, Inc.",5.22,243895.0,,"stockanalysis.com (백업 소스, 운용사 EOD 데이터 재게시)",2026-07-26T05:48:33+00:00
2026-07-26,SOXQ,AMD,"Advanced Micro Devices, Inc.",4.43,212697.0,,"stockanalysis.com (백업 소스, 운용사 EOD 데이터 재게시)",2026-07-26T05:48:33+00:00
2026-07-26,SOXQ,ARM,Arm Holdings plc,1.53,147547.0,,"stockanalysis.com (백업 소스, 운용사 EOD 데이터 재게시)",2026-07-26T05:48:33+00:00
2026-07-26,SOXQ,ASML,ASML Holding N.V.,4.77,68096.0,,"stockanalysis.com (백업 소스, 운용사 EOD 데이터 재게시)",2026-07-26T05:48:33+00:00
2026-07-26,SOXQ,AVGO,Broadcom Inc.,9.36,614242.0,,"stockanalysis.com (백업 소스, 운용사 EOD 데이터 재게시)",2026-07-26T05:48:33+00:00
2026-07-26,SOXQ,COHR,Coherent Corp.,2.3,204218.0,,"stockanalysis.com (백업 소스, 운용사 EOD 데이터 재게시)",2026-07-26T05:48:33+00:00
2026-07-26,SOXQ,CRDO,Credo Technology Group Holding Ltd,1.64,192514.0,,"stockanalysis.com (백업 소스, 운용사 EOD 데이터 재게시)",2026-07-26T05:48:33+00:00
2026-07-26,SOXQ,GFS,GLOBALFOUNDRIES Inc.,1.22,573035.0,,"stockanalysis.com (백업 소스, 운용사 EOD 데이터 재게시)",2026-07-26T05:48:33+00:00
2026-07-26,SOXQ,INTC,Intel Corporation,3.53,957216.0,,"stockanalysis.com (백업 소스, 운용사 EOD 데이터 재게시)",2026-07-26T05:48:33+00:00
2026-07-26,SOXQ,KLAC,KLA Corporation,4.8,571204.0,,"stockanalysis.com (백업 소스, 운용사 EOD 데이터 재게시)",2026-07-26T05:48:33+00:00
2026-07-26,SOXQ,LRCX,Lam Research Corporation,4.2,344985.0,,"stockanalysis.com (백업 소스, 운용사 EOD 데이터 재게시)",2026-07-26T05:48:33+00:00
2026-07-26,SOXQ,MCHP,Microchip Technology Incorporated,1.78,565764.0,,"stockanalysis.com (백업 소스, 운용사 EOD 데이터 재게시)",2026-07-26T05:48:33+00:00
2026-07-26,SOXQ,MPWR,"Monolithic Power Systems, Inc.",2.73,51272.0,,"stockanalysis.com (백업 소스, 운용사 EOD 데이터 재게시)",2026-07-26T05:48:33+00:00
2026-07-26,SOXQ,MRVL,"Marvell Technology, Inc.",4.15,535498.0,,"stockanalysis.com (백업 소스, 운용사 EOD 데이터 재게시)",2026-07-26T05:48:33+00:00
2026-07-26,SOXQ,MTSI,"MACOM Technology Solutions Holdings, Inc.",0.85,79622.0,,"stockanalysis.com (백업 소스, 운용사 EOD 데이터 재게시)",2026-07-26T05:48:33+00:00
2026-07-26,SOXQ,MU,"Micron Technology, Inc.",8.31,226107.0,,"stockanalysis.com (백업 소스, 운용사 EOD 데이터 재게시)",2026-07-26T05:48:33+00:00
2026-07-26,SOXQ,NVDA,NVIDIA Corporation,12.87,1559685.0,,"stockanalysis.com (백업 소스, 운용사 EOD 데이터 재게시)",2026-07-26T05:48:33+00:00
2026-07-26,SOXQ,NXPI,NXP Semiconductors N.V.,2.83,263532.0,,"stockanalysis.com (백업 소스, 운용사 EOD 데이터 재게시)",2026-07-26T05:48:33+00:00
2026-07-26,SOXQ,ON,ON Semiconductor Corporation,1.42,409050.0,,"stockanalysis.com (백업 소스, 운용사 EOD 데이터 재게시)",2026-07-26T05:48:33+00:00
2026-07-26,SOXQ,QCOM,QUALCOMM Incorporated,2.91,437320.0,,"stockanalysis.com (백업 소스, 운용사 EOD 데이터 재게시)",2026-07-26T05:48:33+00:00
2026-07-26,SOXQ,TER,"Teradyne, Inc.",2.28,163362.0,,"stockanalysis.com (백업 소스, 운용사 EOD 데이터 재게시)",2026-07-26T05:48:33+00:00
2026-07-26,SOXQ,TSM,Taiwan Semiconductor Manufacturing Company Limited,4.22,262344.0,,"stockanalysis.com (백업 소스, 운용사 EOD 데이터 재게시)",2026-07-26T05:48:33+00:00
2026-07-26,SOXQ,TXN,Texas Instruments Incorporated,4.01,359133.0,,"stockanalysis.com (백업 소스, 운용사 EOD 데이터 재게시)",2026-07-26T05:48:33+00:00
2026-07-26,SOXX,ADI,"Analog Devices, Inc.",4.01,4923622.0,,"stockanalysis.com (백업 소스, 운용사 EOD 데이터 재게시)",2026-07-26T05:48:33+00:00
2026-07-26,SOXX,ALAB,"Astera Labs, Inc.",2.33,3547681.0,,"stockanalysis.com (백업 소스, 운용사 EOD 데이터 재게시)",2026-07-26T05:48:33+00:00
2026-07-26,SOXX,AMAT,"Applied Materials, Inc.",5.2,4527424.0,,"stockanalysis.com (백업 소스, 운용사 EOD 데이터 재게시)",2026-07-26T05:48:33+00:00
2026-07-26,SOXX,AMD,"Advanced Micro Devices, Inc.",8.49,7896074.0,,"stockanalysis.com (백업 소스, 운용사 EOD 데이터 재게시)",2026-07-26T05:48:33+00:00
2026-07-26,SOXX,ASML,ASML Holding N.V.,2.49,656659.0,,"stockanalysis.com (백업 소스, 운용사 EOD 데이터 재게시)",2026-07-26T05:48:33+00:00
2026-07-26,SOXX,ASX,"ASE Technology Holding Co., Ltd.",1.27,15282772.0,,"stockanalysis.com (백업 소스, 운용사 EOD 데이터 재게시)",2026-07-26T05:48:33+00:00
2026-07-26,SOXX,AVGO,Broadcom Inc.,7.33,9121300.0,,"stockanalysis.com (백업 소스, 운용사 EOD 데이터 재게시)",2026-07-26T05:48:33+00:00
2026-07-26,SOXX,CRDO,Credo Technology Group Holding Ltd,1.84,4193313.0,,"stockanalysis.com (백업 소스, 운용사 EOD 데이터 재게시)",2026-07-26T05:48:33+00:00
2026-07-26,SOXX,ENTG,"Entegris, Inc.",1.16,3842752.0,,"stockanalysis.com (백업 소스, 운용사 EOD 데이터 재게시)",2026-07-26T05:48:33+00:00
2026-07-26,SOXX,INTC,Intel Corporation,5.3,25704347.0,,"stockanalysis.com (백업 소스, 운용사 EOD 데이터 재게시)",2026-07-26T05:48:33+00:00
2026-07-26,SOXX,KLAC,KLA Corporation,4.89,10602847.0,,"stockanalysis.com (백업 소스, 운용사 EOD 데이터 재게시)",2026-07-26T05:48:33+00:00
2026-07-26,SOXX,LRCX,Lam Research Corporation,4.35,6403873.0,,"stockanalysis.com (백업 소스, 운용사 EOD 데이터 재게시)",2026-07-26T05:48:33+00:00
2026-07-26,SOXX,MCHP,Microchip Technology Incorporated,2.36,13473571.0,,"stockanalysis.com (백업 소스, 운용사 EOD 데이터 재게시)",2026-07-26T05:48:33+00:00
2026-07-26,SOXX,MPWR,"Monolithic Power Systems, Inc.",3.42,1201127.0,,"stockanalysis.com (백업 소스, 운용사 EOD 데이터 재게시)",2026-07-26T05:48:33+00:00
2026-07-26,SOXX,MRVL,"Marvell Technology, Inc.",4.07,9939626.0,,"stockanalysis.com (백업 소스, 운용사 EOD 데이터 재게시)",2026-07-26T05:48:33+00:00
2026-07-26,SOXX,MTSI,"MACOM Technology Solutions Holdings, Inc.",1.01,1749350.0,,"stockanalysis.com (백업 소스, 운용사 EOD 데이터 재게시)",2026-07-26T05:48:33+00:00
2026-07-26,SOXX,MU,"Micron Technology, Inc.",7.72,4196836.0,,"stockanalysis.com (백업 소스, 운용사 EOD 데이터 재게시)",2026-07-26T05:48:33+00:00
2026-07-26,SOXX,NVDA,NVIDIA Corporation,8.49,19300680.0,,"stockanalysis.com (백업 소스, 운용사 EOD 데이터 재게시)",2026-07-26T05:48:33+00:00
2026-07-26,SOXX,NXPI,NXP Semiconductors N.V.,3.66,6340600.0,,"stockanalysis.com (백업 소스, 운용사 EOD 데이터 재게시)",2026-07-26T05:48:33+00:00
2026-07-26,SOXX,ON,ON Semiconductor Corporation,1.87,9876866.0,,"stockanalysis.com (백업 소스, 운용사 EOD 데이터 재게시)",2026-07-26T05:48:33+00:00
2026-07-26,SOXX,QCOM,QUALCOMM Incorporated,3.02,8117223.0,,"stockanalysis.com (백업 소스, 운용사 EOD 데이터 재게시)",2026-07-26T05:48:33+00:00
2026-07-26,SOXX,TER,"Teradyne, Inc.",2.76,3943112.0,,"stockanalysis.com (백업 소스, 운용사 EOD 데이터 재게시)",2026-07-26T05:48:33+00:00
2026-07-26,SOXX,TSM,Taiwan Semiconductor Manufacturing Company Limited,4.37,5061805.0,,"stockanalysis.com (백업 소스, 운용사 EOD 데이터 재게시)",2026-07-26T05:48:33+00:00
2026-07-26,SOXX,TXN,Texas Instruments Incorporated,4.1,6665772.0,,"stockanalysis.com (백업 소스, 운용사 EOD 데이터 재게시)",2026-07-26T05:48:33+00:00
2026-07-26,SOXX,UMC,United Microelectronics Corporation,0.98,21187322.0,,"stockanalysis.com (백업 소스, 운용사 EOD 데이터 재게시)",2026-07-26T05:48:33+00:00
2026-07-27,SMH,ADI,"Analog Devices, Inc.",4.35,7964269.0,,"stockanalysis.com (백업 소스, 운용사 EOD 데이터 재게시)",2026-07-27T06:14:19+00:00
2026-07-27,SMH,ALAB,"Astera Labs, Inc.",0.98,2085773.0,,"stockanalysis.com (백업 소스, 운용사 EOD 데이터 재게시)",2026-07-27T06:14:19+00:00
2026-07-27,SMH,AMAT,"Applied Materials, Inc.",4.93,6292280.0,,"stockanalysis.com (백업 소스, 운용사 EOD 데이터 재게시)",2026-07-27T06:14:19+00:00
2026-07-27,SMH,AMD,"Advanced Micro Devices, Inc.",6.0,7680832.0,,"stockanalysis.com (백업 소스, 운용사 EOD 데이터 재게시)",2026-07-27T06:14:19+00:00
2026-07-27,SMH,ARM,Arm Holdings plc,1.04,2599390.0,,"stockanalysis.com (백업 소스, 운용사 EOD 데이터 재게시)",2026-07-27T06:14:19+00:00
2026-07-27,SMH,ASML,ASML Holding N.V.,5.1,2003709.0,,"stockanalysis.com (백업 소스, 운용사 EOD 데이터 재게시)",2026-07-27T06:14:19+00:00
2026-07-27,SMH,AVGO,Broadcom Inc.,6.19,11043074.0,,"stockanalysis.com (백업 소스, 운용사 EOD 데이터 재게시)",2026-07-27T06:14:19+00:00
2026-07-27,SMH,CDNS,"Cadence Design Systems, Inc.",2.16,4530946.0,,"stockanalysis.com (백업 소스, 운용사 EOD 데이터 재게시)",2026-07-27T06:14:19+00:00
2026-07-27,SMH,INTC,Intel Corporation,4.24,29214158.0,,"stockanalysis.com (백업 소스, 운용사 EOD 데이터 재게시)",2026-07-27T06:14:19+00:00
2026-07-27,SMH,KLAC,KLA Corporation,4.44,14640624.0,,"stockanalysis.com (백업 소스, 운용사 EOD 데이터 재게시)",2026-07-27T06:14:19+00:00
2026-07-27,SMH,LRCX,Lam Research Corporation,4.38,9716323.0,,"stockanalysis.com (백업 소스, 운용사 EOD 데이터 재게시)",2026-07-27T06:14:19+00:00
2026-07-27,SMH,MCHP,Microchip Technology Incorporated,0.94,7805602.0,,"stockanalysis.com (백업 소스, 운용사 EOD 데이터 재게시)",2026-07-27T06:14:19+00:00
2026-07-27,SMH,MPWR,"Monolithic Power Systems, Inc.",1.38,697470.0,,"stockanalysis.com (백업 소스, 운용사 EOD 데이터 재게시)",2026-07-27T06:14:19+00:00
2026-07-27,SMH,MRVL,"Marvell Technology, Inc.",3.69,12381052.0,,"stockanalysis.com (백업 소스, 운용사 EOD 데이터 재게시)",2026-07-27T06:14:19+00:00
2026-07-27,SMH,MU,"Micron Technology, Inc.",5.28,3896050.0,,"stockanalysis.com (백업 소스, 운용사 EOD 데이터 재게시)",2026-07-27T06:14:19+00:00
2026-07-27,SMH,NVDA,NVIDIA Corporation,20.78,69350548.0,,"stockanalysis.com (백업 소스, 운용사 EOD 데이터 재게시)",2026-07-27T06:14:19+00:00
2026-07-27,SMH,NXPI,NXP Semiconductors N.V.,1.27,3225786.0,,"stockanalysis.com (백업 소스, 운용사 EOD 데이터 재게시)",2026-07-27T06:14:19+00:00
2026-07-27,SMH,ON,ON Semiconductor Corporation,0.63,4848342.0,,"stockanalysis.com (백업 소스, 운용사 EOD 데이터 재게시)",2026-07-27T06:14:19+00:00
2026-07-27,SMH,QCOM,QUALCOMM Incorporated,3.98,16031979.0,,"stockanalysis.com (백업 소스, 운용사 EOD 데이터 재게시)",2026-07-27T06:14:19+00:00
2026-07-27,SMH,SNPS,"Synopsys, Inc.",1.7,3184348.0,,"stockanalysis.com (백업 소스, 운용사 EOD 데이터 재게시)",2026-07-27T06:14:19+00:00
2026-07-27,SMH,STM,STMicroelectronics N.V.,1.24,13306703.0,,"stockanalysis.com (백업 소스, 운용사 EOD 데이터 재게시)",2026-07-27T06:14:19+00:00
2026-07-27,SMH,SWKS,"Skyworks Solutions, Inc.",0.17,1860710.0,,"stockanalysis.com (백업 소스, 운용사 EOD 데이터 재게시)",2026-07-27T06:14:19+00:00
2026-07-27,SMH,TER,"Teradyne, Inc.",1.28,2444590.0,,"stockanalysis.com (백업 소스, 운용사 EOD 데이터 재게시)",2026-07-27T06:14:19+00:00
2026-07-27,SMH,TSM,Taiwan Semiconductor Manufacturing Company Limited,9.18,15417053.0,,"stockanalysis.com (백업 소스, 운용사 EOD 데이터 재게시)",2026-07-27T06:14:19+00:00
2026-07-27,SMH,TXN,Texas Instruments Incorporated,4.61,11089419.0,,"stockanalysis.com (백업 소스, 운용사 EOD 데이터 재게시)",2026-07-27T06:14:19+00:00
2026-07-27,SOXQ,ADI,"Analog Devices, Inc.",3.94,265247.0,,"stockanalysis.com (백업 소스, 운용사 EOD 데이터 재게시)",2026-07-27T06:14:19+00:00
2026-07-27,SOXQ,ALAB,"Astera Labs, Inc.",2.08,178910.0,,"stockanalysis.com (백업 소스, 운용사 EOD 데이터 재게시)",2026-07-27T06:14:19+00:00
2026-07-27,SOXQ,AMAT,"Applied Materials, Inc.",5.22,243895.0,,"stockanalysis.com (백업 소스, 운용사 EOD 데이터 재게시)",2026-07-27T06:14:19+00:00
2026-07-27,SOXQ,AMD,"Advanced Micro Devices, Inc.",4.43,212697.0,,"stockanalysis.com (백업 소스, 운용사 EOD 데이터 재게시)",2026-07-27T06:14:19+00:00
2026-07-27,SOXQ,ARM,Arm Holdings plc,1.53,147547.0,,"stockanalysis.com (백업 소스, 운용사 EOD 데이터 재게시)",2026-07-27T06:14:19+00:00
2026-07-27,SOXQ,ASML,ASML Holding N.V.,4.77,68096.0,,"stockanalysis.com (백업 소스, 운용사 EOD 데이터 재게시)",2026-07-27T06:14:19+00:00
2026-07-27,SOXQ,AVGO,Broadcom Inc.,9.36,614242.0,,"stockanalysis.com (백업 소스, 운용사 EOD 데이터 재게시)",2026-07-27T06:14:19+00:00
2026-07-27,SOXQ,COHR,Coherent Corp.,2.3,204218.0,,"stockanalysis.com (백업 소스, 운용사 EOD 데이터 재게시)",2026-07-27T06:14:19+00:00
2026-07-27,SOXQ,CRDO,Credo Technology Group Holding Ltd,1.64,192514.0,,"stockanalysis.com (백업 소스, 운용사 EOD 데이터 재게시)",2026-07-27T06:14:19+00:00
2026-07-27,SOXQ,GFS,GLOBALFOUNDRIES Inc.,1.22,573035.0,,"stockanalysis.com (백업 소스, 운용사 EOD 데이터 재게시)",2026-07-27T06:14:19+00:00
2026-07-27,SOXQ,INTC,Intel Corporation,3.53,957216.0,,"stockanalysis.com (백업 소스, 운용사 EOD 데이터 재게시)",2026-07-27T06:14:19+00:00
2026-07-27,SOXQ,KLAC,KLA Corporation,4.8,571204.0,,"stockanalysis.com (백업 소스, 운용사 EOD 데이터 재게시)",2026-07-27T06:14:19+00:00
2026-07-27,SOXQ,LRCX,Lam Research Corporation,4.2,344985.0,,"stockanalysis.com (백업 소스, 운용사 EOD 데이터 재게시)",2026-07-27T06:14:19+00:00
2026-07-27,SOXQ,MCHP,Microchip Technology Incorporated,1.78,565764.0,,"stockanalysis.com (백업 소스, 운용사 EOD 데이터 재게시)",2026-07-27T06:14:19+00:00
2026-07-27,SOXQ,MPWR,"Monolithic Power Systems, Inc.",2.73,51272.0,,"stockanalysis.com (백업 소스, 운용사 EOD 데이터 재게시)",2026-07-27T06:14:19+00:00
2026-07-27,SOXQ,MRVL,"Marvell Technology, Inc.",4.15,535498.0,,"stockanalysis.com (백업 소스, 운용사 EOD 데이터 재게시)",2026-07-27T06:14:19+00:00
2026-07-27,SOXQ,MTSI,"MACOM Technology Solutions Holdings, Inc.",0.85,79622.0,,"stockanalysis.com (백업 소스, 운용사 EOD 데이터 재게시)",2026-07-27T06:14:19+00:00
2026-07-27,SOXQ,MU,"Micron Technology, Inc.",8.31,226107.0,,"stockanalysis.com (백업 소스, 운용사 EOD 데이터 재게시)",2026-07-27T06:14:19+00:00
2026-07-27,SOXQ,NVDA,NVIDIA Corporation,12.87,1559685.0,,"stockanalysis.com (백업 소스, 운용사 EOD 데이터 재게시)",2026-07-27T06:14:19+00:00
2026-07-27,SOXQ,NXPI,NXP Semiconductors N.V.,2.83,263532.0,,"stockanalysis.com (백업 소스, 운용사 EOD 데이터 재게시)",2026-07-27T06:14:19+00:00
2026-07-27,SOXQ,ON,ON Semiconductor Corporation,1.42,409050.0,,"stockanalysis.com (백업 소스, 운용사 EOD 데이터 재게시)",2026-07-27T06:14:19+00:00
2026-07-27,SOXQ,QCOM,QUALCOMM Incorporated,2.91,437320.0,,"stockanalysis.com (백업 소스, 운용사 EOD 데이터 재게시)",2026-07-27T06:14:19+00:00
2026-07-27,SOXQ,TER,"Teradyne, Inc.",2.28,163362.0,,"stockanalysis.com (백업 소스, 운용사 EOD 데이터 재게시)",2026-07-27T06:14:19+00:00
2026-07-27,SOXQ,TSM,Taiwan Semiconductor Manufacturing Company Limited,4.22,262344.0,,"stockanalysis.com (백업 소스, 운용사 EOD 데이터 재게시)",2026-07-27T06:14:19+00:00
2026-07-27,SOXQ,TXN,Texas Instruments Incorporated,4.01,359133.0,,"stockanalysis.com (백업 소스, 운용사 EOD 데이터 재게시)",2026-07-27T06:14:19+00:00
2026-07-27,SOXX,ADI,"Analog Devices, Inc.",3.93,4598128.0,,"stockanalysis.com (백업 소스, 운용사 EOD 데이터 재게시)",2026-07-27T06:14:19+00:00
2026-07-27,SOXX,ALAB,"Astera Labs, Inc.",2.22,3313213.0,,"stockanalysis.com (백업 소스, 운용사 EOD 데이터 재게시)",2026-07-27T06:14:19+00:00
2026-07-27,SOXX,AMAT,"Applied Materials, Inc.",5.21,4228138.0,,"stockanalysis.com (백업 소스, 운용사 EOD 데이터 재게시)",2026-07-27T06:14:19+00:00
2026-07-27,SOXX,AMD,"Advanced Micro Devices, Inc.",8.84,7374137.0,,"stockanalysis.com (백업 소스, 운용사 EOD 데이터 재게시)",2026-07-27T06:14:19+00:00
2026-07-27,SOXX,ASML,ASML Holding N.V.,2.47,613252.0,,"stockanalysis.com (백업 소스, 운용사 EOD 데이터 재게시)",2026-07-27T06:14:19+00:00
2026-07-27,SOXX,ASX,"ASE Technology Holding Co., Ltd.",1.21,14272594.0,,"stockanalysis.com (백업 소스, 운용사 EOD 데이터 재게시)",2026-07-27T06:14:19+00:00
2026-07-27,SOXX,AVGO,Broadcom Inc.,7.47,8518399.0,,"stockanalysis.com (백업 소스, 운용사 EOD 데이터 재게시)",2026-07-27T06:14:19+00:00
2026-07-27,SOXX,CRDO,Credo Technology Group Holding Ltd,1.92,3916140.0,,"stockanalysis.com (백업 소스, 운용사 EOD 데이터 재게시)",2026-07-27T06:14:19+00:00
2026-07-27,SOXX,ENTG,"Entegris, Inc.",1.06,3588745.0,,"stockanalysis.com (백업 소스, 운용사 EOD 데이터 재게시)",2026-07-27T06:14:19+00:00
2026-07-27,SOXX,INTC,Intel Corporation,5.09,24005273.0,,"stockanalysis.com (백업 소스, 운용사 EOD 데이터 재게시)",2026-07-27T06:14:19+00:00
2026-07-27,SOXX,KLAC,KLA Corporation,4.79,9902017.0,,"stockanalysis.com (백업 소스, 운용사 EOD 데이터 재게시)",2026-07-27T06:14:19+00:00
2026-07-27,SOXX,LRCX,Lam Research Corporation,4.19,5980567.0,,"stockanalysis.com (백업 소스, 운용사 EOD 데이터 재게시)",2026-07-27T06:14:19+00:00
2026-07-27,SOXX,MCHP,Microchip Technology Incorporated,2.28,12582967.0,,"stockanalysis.com (백업 소스, 운용사 EOD 데이터 재게시)",2026-07-27T06:14:19+00:00
2026-07-27,SOXX,MPWR,"Monolithic Power Systems, Inc.",3.43,1121684.0,,"stockanalysis.com (백업 소스, 운용사 EOD 데이터 재게시)",2026-07-27T06:14:19+00:00
2026-07-27,SOXX,MRVL,"Marvell Technology, Inc.",4.14,9282554.0,,"stockanalysis.com (백업 소스, 운용사 EOD 데이터 재게시)",2026-07-27T06:14:19+00:00
2026-07-27,SOXX,MTSI,"MACOM Technology Solutions Holdings, Inc.",1.0,1633754.0,,"stockanalysis.com (백업 소스, 운용사 EOD 데이터 재게시)",2026-07-27T06:14:19+00:00
2026-07-27,SOXX,MU,"Micron Technology, Inc.",8.29,3919429.0,,"stockanalysis.com (백업 소스, 운용사 EOD 데이터 재게시)",2026-07-27T06:14:19+00:00
2026-07-27,SOXX,NVDA,NVIDIA Corporation,8.56,18024912.0,,"stockanalysis.com (백업 소스, 운용사 EOD 데이터 재게시)",2026-07-27T06:14:19+00:00
2026-07-27,SOXX,NXPI,NXP Semiconductors N.V.,3.66,5921506.0,,"stockanalysis.com (백업 소스, 운용사 EOD 데이터 재게시)",2026-07-27T06:14:19+00:00
2026-07-27,SOXX,ON,ON Semiconductor Corporation,1.84,9224006.0,,"stockanalysis.com (백업 소스, 운용사 EOD 데이터 재게시)",2026-07-27T06:14:19+00:00
2026-07-27,SOXX,QCOM,QUALCOMM Incorporated,2.91,7580661.0,,"stockanalysis.com (백업 소스, 운용사 EOD 데이터 재게시)",2026-07-27T06:14:19+00:00
2026-07-27,SOXX,TER,"Teradyne, Inc.",2.96,3682436.0,,"stockanalysis.com (백업 소스, 운용사 EOD 데이터 재게시)",2026-07-27T06:14:19+00:00
2026-07-27,SOXX,TSM,Taiwan Semiconductor Manufacturing Company Limited,4.38,4727185.0,,"stockanalysis.com (백업 소스, 운용사 EOD 데이터 재게시)",2026-07-27T06:14:19+00:00
2026-07-27,SOXX,TXN,Texas Instruments Incorporated,4.0,6225150.0,,"stockanalysis.com (백업 소스, 운용사 EOD 데이터 재게시)",2026-07-27T06:14:19+00:00
2026-07-27,SOXX,UMC,United Microelectronics Corporation,0.88,19786832.0,,"stockanalysis.com (백업 소스, 운용사 EOD 데이터 재게시)",2026-07-27T06:14:19+00:00
2026-07-28,SMH,ADI,"Analog Devices, Inc.",4.35,7964269.0,,"stockanalysis.com (백업 소스, 운용사 EOD 데이터 재게시)",2026-07-28T05:35:00+00:00
2026-07-28,SMH,ALAB,"Astera Labs, Inc.",0.98,2085773.0,,"stockanalysis.com (백업 소스, 운용사 EOD 데이터 재게시)",2026-07-28T05:35:00+00:00
2026-07-28,SMH,AMAT,"Applied Materials, Inc.",4.93,6292280.0,,"stockanalysis.com (백업 소스, 운용사 EOD 데이터 재게시)",2026-07-28T05:35:00+00:00
2026-07-28,SMH,AMD,"Advanced Micro Devices, Inc.",6.0,7680832.0,,"stockanalysis.com (백업 소스, 운용사 EOD 데이터 재게시)",2026-07-28T05:35:00+00:00
2026-07-28,SMH,ARM,Arm Holdings plc,1.04,2599390.0,,"stockanalysis.com (백업 소스, 운용사 EOD 데이터 재게시)",2026-07-28T05:35:00+00:00
2026-07-28,SMH,ASML,ASML Holding N.V.,5.1,2003709.0,,"stockanalysis.com (백업 소스, 운용사 EOD 데이터 재게시)",2026-07-28T05:35:00+00:00
2026-07-28,SMH,AVGO,Broadcom Inc.,6.19,11043074.0,,"stockanalysis.com (백업 소스, 운용사 EOD 데이터 재게시)",2026-07-28T05:35:00+00:00
2026-07-28,SMH,CDNS,"Cadence Design Systems, Inc.",2.16,4530946.0,,"stockanalysis.com (백업 소스, 운용사 EOD 데이터 재게시)",2026-07-28T05:35:00+00:00
2026-07-28,SMH,INTC,Intel Corporation,4.24,29214158.0,,"stockanalysis.com (백업 소스, 운용사 EOD 데이터 재게시)",2026-07-28T05:35:00+00:00
2026-07-28,SMH,KLAC,KLA Corporation,4.44,14640624.0,,"stockanalysis.com (백업 소스, 운용사 EOD 데이터 재게시)",2026-07-28T05:35:00+00:00
2026-07-28,SMH,LRCX,Lam Research Corporation,4.38,9716323.0,,"stockanalysis.com (백업 소스, 운용사 EOD 데이터 재게시)",2026-07-28T05:35:00+00:00
2026-07-28,SMH,MCHP,Microchip Technology Incorporated,0.94,7805602.0,,"stockanalysis.com (백업 소스, 운용사 EOD 데이터 재게시)",2026-07-28T05:35:00+00:00
2026-07-28,SMH,MPWR,"Monolithic Power Systems, Inc.",1.38,697470.0,,"stockanalysis.com (백업 소스, 운용사 EOD 데이터 재게시)",2026-07-28T05:35:00+00:00
2026-07-28,SMH,MRVL,"Marvell Technology, Inc.",3.69,12381052.0,,"stockanalysis.com (백업 소스, 운용사 EOD 데이터 재게시)",2026-07-28T05:35:00+00:00
2026-07-28,SMH,MU,"Micron Technology, Inc.",5.28,3896050.0,,"stockanalysis.com (백업 소스, 운용사 EOD 데이터 재게시)",2026-07-28T05:35:00+00:00
2026-07-28,SMH,NVDA,NVIDIA Corporation,20.78,69350548.0,,"stockanalysis.com (백업 소스, 운용사 EOD 데이터 재게시)",2026-07-28T05:35:00+00:00
2026-07-28,SMH,NXPI,NXP Semiconductors N.V.,1.27,3225786.0,,"stockanalysis.com (백업 소스, 운용사 EOD 데이터 재게시)",2026-07-28T05:35:00+00:00
2026-07-28,SMH,ON,ON Semiconductor Corporation,0.63,4848342.0,,"stockanalysis.com (백업 소스, 운용사 EOD 데이터 재게시)",2026-07-28T05:35:00+00:00
2026-07-28,SMH,QCOM,QUALCOMM Incorporated,3.98,16031979.0,,"stockanalysis.com (백업 소스, 운용사 EOD 데이터 재게시)",2026-07-28T05:35:00+00:00
2026-07-28,SMH,SNPS,"Synopsys, Inc.",1.7,3184348.0,,"stockanalysis.com (백업 소스, 운용사 EOD 데이터 재게시)",2026-07-28T05:35:00+00:00
2026-07-28,SMH,STM,STMicroelectronics N.V.,1.24,13306703.0,,"stockanalysis.com (백업 소스, 운용사 EOD 데이터 재게시)",2026-07-28T05:35:00+00:00
2026-07-28,SMH,SWKS,"Skyworks Solutions, Inc.",0.17,1860710.0,,"stockanalysis.com (백업 소스, 운용사 EOD 데이터 재게시)",2026-07-28T05:35:00+00:00
2026-07-28,SMH,TER,"Teradyne, Inc.",1.28,2444590.0,,"stockanalysis.com (백업 소스, 운용사 EOD 데이터 재게시)",2026-07-28T05:35:00+00:00
2026-07-28,SMH,TSM,Taiwan Semiconductor Manufacturing Company Limited,9.18,15417053.0,,"stockanalysis.com (백업 소스, 운용사 EOD 데이터 재게시)",2026-07-28T05:35:00+00:00
2026-07-28,SMH,TXN,Texas Instruments Incorporated,4.61,11089419.0,,"stockanalysis.com (백업 소스, 운용사 EOD 데이터 재게시)",2026-07-28T05:35:00+00:00
2026-07-28,SOXQ,ADI,"Analog Devices, Inc.",3.94,265247.0,,"stockanalysis.com (백업 소스, 운용사 EOD 데이터 재게시)",2026-07-28T05:35:00+00:00
2026-07-28,SOXQ,ALAB,"Astera Labs, Inc.",2.08,178910.0,,"stockanalysis.com (백업 소스, 운용사 EOD 데이터 재게시)",2026-07-28T05:35:00+00:00
2026-07-28,SOXQ,AMAT,"Applied Materials, Inc.",5.22,243895.0,,"stockanalysis.com (백업 소스, 운용사 EOD 데이터 재게시)",2026-07-28T05:35:00+00:00
2026-07-28,SOXQ,AMD,"Advanced Micro Devices, Inc.",4.43,212697.0,,"stockanalysis.com (백업 소스, 운용사 EOD 데이터 재게시)",2026-07-28T05:35:00+00:00
2026-07-28,SOXQ,ARM,Arm Holdings plc,1.53,147547.0,,"stockanalysis.com (백업 소스, 운용사 EOD 데이터 재게시)",2026-07-28T05:35:00+00:00
2026-07-28,SOXQ,ASML,ASML Holding N.V.,4.77,68096.0,,"stockanalysis.com (백업 소스, 운용사 EOD 데이터 재게시)",2026-07-28T05:35:00+00:00
2026-07-28,SOXQ,AVGO,Broadcom Inc.,9.36,614242.0,,"stockanalysis.com (백업 소스, 운용사 EOD 데이터 재게시)",2026-07-28T05:35:00+00:00
2026-07-28,SOXQ,COHR,Coherent Corp.,2.3,204218.0,,"stockanalysis.com (백업 소스, 운용사 EOD 데이터 재게시)",2026-07-28T05:35:00+00:00
2026-07-28,SOXQ,CRDO,Credo Technology Group Holding Ltd,1.64,192514.0,,"stockanalysis.com (백업 소스, 운용사 EOD 데이터 재게시)",2026-07-28T05:35:00+00:00
2026-07-28,SOXQ,GFS,GLOBALFOUNDRIES Inc.,1.22,573035.0,,"stockanalysis.com (백업 소스, 운용사 EOD 데이터 재게시)",2026-07-28T05:35:00+00:00
2026-07-28,SOXQ,INTC,Intel Corporation,3.53,957216.0,,"stockanalysis.com (백업 소스, 운용사 EOD 데이터 재게시)",2026-07-28T05:35:00+00:00
2026-07-28,SOXQ,KLAC,KLA Corporation,4.8,571204.0,,"stockanalysis.com (백업 소스, 운용사 EOD 데이터 재게시)",2026-07-28T05:35:00+00:00
2026-07-28,SOXQ,LRCX,Lam Research Corporation,4.2,344985.0,,"stockanalysis.com (백업 소스, 운용사 EOD 데이터 재게시)",2026-07-28T05:35:00+00:00
2026-07-28,SOXQ,MCHP,Microchip Technology Incorporated,1.78,565764.0,,"stockanalysis.com (백업 소스, 운용사 EOD 데이터 재게시)",2026-07-28T05:35:00+00:00
2026-07-28,SOXQ,MPWR,"Monolithic Power Systems, Inc.",2.73,51272.0,,"stockanalysis.com (백업 소스, 운용사 EOD 데이터 재게시)",2026-07-28T05:35:00+00:00
2026-07-28,SOXQ,MRVL,"Marvell Technology, Inc.",4.15,535498.0,,"stockanalysis.com (백업 소스, 운용사 EOD 데이터 재게시)",2026-07-28T05:35:00+00:00
2026-07-28,SOXQ,MTSI,"MACOM Technology Solutions Holdings, Inc.",0.85,79622.0,,"stockanalysis.com (백업 소스, 운용사 EOD 데이터 재게시)",2026-07-28T05:35:00+00:00
2026-07-28,SOXQ,MU,"Micron Technology, Inc.",8.31,226107.0,,"stockanalysis.com (백업 소스, 운용사 EOD 데이터 재게시)",2026-07-28T05:35:00+00:00
2026-07-28,SOXQ,NVDA,NVIDIA Corporation,12.87,1559685.0,,"stockanalysis.com (백업 소스, 운용사 EOD 데이터 재게시)",2026-07-28T05:35:00+00:00
2026-07-28,SOXQ,NXPI,NXP Semiconductors N.V.,2.83,263532.0,,"stockanalysis.com (백업 소스, 운용사 EOD 데이터 재게시)",2026-07-28T05:35:00+00:00
2026-07-28,SOXQ,ON,ON Semiconductor Corporation,1.42,409050.0,,"stockanalysis.com (백업 소스, 운용사 EOD 데이터 재게시)",2026-07-28T05:35:00+00:00
2026-07-28,SOXQ,QCOM,QUALCOMM Incorporated,2.91,437320.0,,"stockanalysis.com (백업 소스, 운용사 EOD 데이터 재게시)",2026-07-28T05:35:00+00:00
2026-07-28,SOXQ,TER,"Teradyne, Inc.",2.28,163362.0,,"stockanalysis.com (백업 소스, 운용사 EOD 데이터 재게시)",2026-07-28T05:35:00+00:00
2026-07-28,SOXQ,TSM,Taiwan Semiconductor Manufacturing Company Limited,4.22,262344.0,,"stockanalysis.com (백업 소스, 운용사 EOD 데이터 재게시)",2026-07-28T05:35:00+00:00
2026-07-28,SOXQ,TXN,Texas Instruments Incorporated,4.01,359133.0,,"stockanalysis.com (백업 소스, 운용사 EOD 데이터 재게시)",2026-07-28T05:35:00+00:00
2026-07-28,SOXX,ADI,"Analog Devices, Inc.",3.93,4598128.0,,"stockanalysis.com (백업 소스, 운용사 EOD 데이터 재게시)",2026-07-28T05:35:00+00:00
2026-07-28,SOXX,ALAB,"Astera Labs, Inc.",2.22,3313213.0,,"stockanalysis.com (백업 소스, 운용사 EOD 데이터 재게시)",2026-07-28T05:35:00+00:00
2026-07-28,SOXX,AMAT,"Applied Materials, Inc.",5.21,4228138.0,,"stockanalysis.com (백업 소스, 운용사 EOD 데이터 재게시)",2026-07-28T05:35:00+00:00
2026-07-28,SOXX,AMD,"Advanced Micro Devices, Inc.",8.84,7374137.0,,"stockanalysis.com (백업 소스, 운용사 EOD 데이터 재게시)",2026-07-28T05:35:00+00:00
2026-07-28,SOXX,ASML,ASML Holding N.V.,2.47,613252.0,,"stockanalysis.com (백업 소스, 운용사 EOD 데이터 재게시)",2026-07-28T05:35:00+00:00
2026-07-28,SOXX,ASX,"ASE Technology Holding Co., Ltd.",1.21,14272594.0,,"stockanalysis.com (백업 소스, 운용사 EOD 데이터 재게시)",2026-07-28T05:35:00+00:00
2026-07-28,SOXX,AVGO,Broadcom Inc.,7.47,8518399.0,,"stockanalysis.com (백업 소스, 운용사 EOD 데이터 재게시)",2026-07-28T05:35:00+00:00
2026-07-28,SOXX,CRDO,Credo Technology Group Holding Ltd,1.92,3916140.0,,"stockanalysis.com (백업 소스, 운용사 EOD 데이터 재게시)",2026-07-28T05:35:00+00:00
2026-07-28,SOXX,ENTG,"Entegris, Inc.",1.06,3588745.0,,"stockanalysis.com (백업 소스, 운용사 EOD 데이터 재게시)",2026-07-28T05:35:00+00:00
2026-07-28,SOXX,INTC,Intel Corporation,5.09,24005273.0,,"stockanalysis.com (백업 소스, 운용사 EOD 데이터 재게시)",2026-07-28T05:35:00+00:00
2026-07-28,SOXX,KLAC,KLA Corporation,4.79,9902017.0,,"stockanalysis.com (백업 소스, 운용사 EOD 데이터 재게시)",2026-07-28T05:35:00+00:00
2026-07-28,SOXX,LRCX,Lam Research Corporation,4.19,5980567.0,,"stockanalysis.com (백업 소스, 운용사 EOD 데이터 재게시)",2026-07-28T05:35:00+00:00
2026-07-28,SOXX,MCHP,Microchip Technology Incorporated,2.28,12582967.0,,"stockanalysis.com (백업 소스, 운용사 EOD 데이터 재게시)",2026-07-28T05:35:00+00:00
2026-07-28,SOXX,MPWR,"Monolithic Power Systems, Inc.",3.43,1121684.0,,"stockanalysis.com (백업 소스, 운용사 EOD 데이터 재게시)",2026-07-28T05:35:00+00:00
2026-07-28,SOXX,MRVL,"Marvell Technology, Inc.",4.14,9282554.0,,"stockanalysis.com (백업 소스, 운용사 EOD 데이터 재게시)",2026-07-28T05:35:00+00:00
2026-07-28,SOXX,MTSI,"MACOM Technology Solutions Holdings, Inc.",1.0,1633754.0,,"stockanalysis.com (백업 소스, 운용사 EOD 데이터 재게시)",2026-07-28T05:35:00+00:00
2026-07-28,SOXX,MU,"Micron Technology, Inc.",8.29,3919429.0,,"stockanalysis.com (백업 소스, 운용사 EOD 데이터 재게시)",2026-07-28T05:35:00+00:00
2026-07-28,SOXX,NVDA,NVIDIA Corporation,8.56,18024912.0,,"stockanalysis.com (백업 소스, 운용사 EOD 데이터 재게시)",2026-07-28T05:35:00+00:00
2026-07-28,SOXX,NXPI,NXP Semiconductors N.V.,3.66,5921506.0,,"stockanalysis.com (백업 소스, 운용사 EOD 데이터 재게시)",2026-07-28T05:35:00+00:00
2026-07-28,SOXX,ON,ON Semiconductor Corporation,1.84,9224006.0,,"stockanalysis.com (백업 소스, 운용사 EOD 데이터 재게시)",2026-07-28T05:35:00+00:00
2026-07-28,SOXX,QCOM,QUALCOMM Incorporated,2.91,7580661.0,,"stockanalysis.com (백업 소스, 운용사 EOD 데이터 재게시)",2026-07-28T05:35:00+00:00
2026-07-28,SOXX,TER,"Teradyne, Inc.",2.96,3682436.0,,"stockanalysis.com (백업 소스, 운용사 EOD 데이터 재게시)",2026-07-28T05:35:00+00:00
2026-07-28,SOXX,TSM,Taiwan Semiconductor Manufacturing Company Limited,4.38,4727185.0,,"stockanalysis.com (백업 소스, 운용사 EOD 데이터 재게시)",2026-07-28T05:35:00+00:00
2026-07-28,SOXX,TXN,Texas Instruments Incorporated,4.0,6225150.0,,"stockanalysis.com (백업 소스, 운용사 EOD 데이터 재게시)",2026-07-28T05:35:00+00:00
2026-07-28,SOXX,UMC,United Microelectronics Corporation,0.88,19786832.0,,"stockanalysis.com (백업 소스, 운용사 EOD 데이터 재게시)",2026-07-28T05:35:00+00:00
2026-07-29,SMH,ADI,"Analog Devices, Inc.",4.35,7964269.0,,"stockanalysis.com (백업 소스, 운용사 EOD 데이터 재게시)",2026-07-29T05:39:40+00:00
2026-07-29,SMH,ALAB,"Astera Labs, Inc.",0.98,2085773.0,,"stockanalysis.com (백업 소스, 운용사 EOD 데이터 재게시)",2026-07-29T05:39:40+00:00
2026-07-29,SMH,AMAT,"Applied Materials, Inc.",4.93,6292280.0,,"stockanalysis.com (백업 소스, 운용사 EOD 데이터 재게시)",2026-07-29T05:39:40+00:00
2026-07-29,SMH,AMD,"Advanced Micro Devices, Inc.",6.0,7680832.0,,"stockanalysis.com (백업 소스, 운용사 EOD 데이터 재게시)",2026-07-29T05:39:40+00:00
2026-07-29,SMH,ARM,Arm Holdings plc,1.04,2599390.0,,"stockanalysis.com (백업 소스, 운용사 EOD 데이터 재게시)",2026-07-29T05:39:40+00:00
2026-07-29,SMH,ASML,ASML Holding N.V.,5.1,2003709.0,,"stockanalysis.com (백업 소스, 운용사 EOD 데이터 재게시)",2026-07-29T05:39:40+00:00
2026-07-29,SMH,AVGO,Broadcom Inc.,6.19,11043074.0,,"stockanalysis.com (백업 소스, 운용사 EOD 데이터 재게시)",2026-07-29T05:39:40+00:00
2026-07-29,SMH,CDNS,"Cadence Design Systems, Inc.",2.16,4530946.0,,"stockanalysis.com (백업 소스, 운용사 EOD 데이터 재게시)",2026-07-29T05:39:40+00:00
2026-07-29,SMH,INTC,Intel Corporation,4.24,29214158.0,,"stockanalysis.com (백업 소스, 운용사 EOD 데이터 재게시)",2026-07-29T05:39:40+00:00
2026-07-29,SMH,KLAC,KLA Corporation,4.44,14640624.0,,"stockanalysis.com (백업 소스, 운용사 EOD 데이터 재게시)",2026-07-29T05:39:40+00:00
2026-07-29,SMH,LRCX,Lam Research Corporation,4.38,9716323.0,,"stockanalysis.com (백업 소스, 운용사 EOD 데이터 재게시)",2026-07-29T05:39:40+00:00
2026-07-29,SMH,MCHP,Microchip Technology Incorporated,0.94,7805602.0,,"stockanalysis.com (백업 소스, 운용사 EOD 데이터 재게시)",2026-07-29T05:39:40+00:00
2026-07-29,SMH,MPWR,"Monolithic Power Systems, Inc.",1.38,697470.0,,"stockanalysis.com (백업 소스, 운용사 EOD 데이터 재게시)",2026-07-29T05:39:40+00:00
2026-07-29,SMH,MRVL,"Marvell Technology, Inc.",3.69,12381052.0,,"stockanalysis.com (백업 소스, 운용사 EOD 데이터 재게시)",2026-07-29T05:39:40+00:00
2026-07-29,SMH,MU,"Micron Technology, Inc.",5.28,3896050.0,,"stockanalysis.com (백업 소스, 운용사 EOD 데이터 재게시)",2026-07-29T05:39:40+00:00
2026-07-29,SMH,NVDA,NVIDIA Corporation,20.78,69350548.0,,"stockanalysis.com (백업 소스, 운용사 EOD 데이터 재게시)",2026-07-29T05:39:40+00:00
2026-07-29,SMH,NXPI,NXP Semiconductors N.V.,1.27,3225786.0,,"stockanalysis.com (백업 소스, 운용사 EOD 데이터 재게시)",2026-07-29T05:39:40+00:00
2026-07-29,SMH,ON,ON Semiconductor Corporation,0.63,4848342.0,,"stockanalysis.com (백업 소스, 운용사 EOD 데이터 재게시)",2026-07-29T05:39:40+00:00
2026-07-29,SMH,QCOM,QUALCOMM Incorporated,3.98,16031979.0,,"stockanalysis.com (백업 소스, 운용사 EOD 데이터 재게시)",2026-07-29T05:39:40+00:00
2026-07-29,SMH,SNPS,"Synopsys, Inc.",1.7,3184348.0,,"stockanalysis.com (백업 소스, 운용사 EOD 데이터 재게시)",2026-07-29T05:39:40+00:00
2026-07-29,SMH,STM,STMicroelectronics N.V.,1.24,13306703.0,,"stockanalysis.com (백업 소스, 운용사 EOD 데이터 재게시)",2026-07-29T05:39:40+00:00
2026-07-29,SMH,SWKS,"Skyworks Solutions, Inc.",0.17,1860710.0,,"stockanalysis.com (백업 소스, 운용사 EOD 데이터 재게시)",2026-07-29T05:39:40+00:00
2026-07-29,SMH,TER,"Teradyne, Inc.",1.28,2444590.0,,"stockanalysis.com (백업 소스, 운용사 EOD 데이터 재게시)",2026-07-29T05:39:40+00:00
2026-07-29,SMH,TSM,Taiwan Semiconductor Manufacturing Company Limited,9.18,15417053.0,,"stockanalysis.com (백업 소스, 운용사 EOD 데이터 재게시)",2026-07-29T05:39:40+00:00
2026-07-29,SMH,TXN,Texas Instruments Incorporated,4.61,11089419.0,,"stockanalysis.com (백업 소스, 운용사 EOD 데이터 재게시)",2026-07-29T05:39:40+00:00
2026-07-29,SOXQ,ADI,"Analog Devices, Inc.",3.94,265247.0,,"stockanalysis.com (백업 소스, 운용사 EOD 데이터 재게시)",2026-07-29T05:39:40+00:00
2026-07-29,SOXQ,ALAB,"Astera Labs, Inc.",2.08,178910.0,,"stockanalysis.com (백업 소스, 운용사 EOD 데이터 재게시)",2026-07-29T05:39:40+00:00
2026-07-29,SOXQ,AMAT,"Applied Materials, Inc.",5.22,243895.0,,"stockanalysis.com (백업 소스, 운용사 EOD 데이터 재게시)",2026-07-29T05:39:40+00:00
2026-07-29,SOXQ,AMD,"Advanced Micro Devices, Inc.",4.43,212697.0,,"stockanalysis.com (백업 소스, 운용사 EOD 데이터 재게시)",2026-07-29T05:39:40+00:00
2026-07-29,SOXQ,ARM,Arm Holdings plc,1.53,147547.0,,"stockanalysis.com (백업 소스, 운용사 EOD 데이터 재게시)",2026-07-29T05:39:40+00:00
2026-07-29,SOXQ,ASML,ASML Holding N.V.,4.77,68096.0,,"stockanalysis.com (백업 소스, 운용사 EOD 데이터 재게시)",2026-07-29T05:39:40+00:00
2026-07-29,SOXQ,AVGO,Broadcom Inc.,9.36,614242.0,,"stockanalysis.com (백업 소스, 운용사 EOD 데이터 재게시)",2026-07-29T05:39:40+00:00
2026-07-29,SOXQ,COHR,Coherent Corp.,2.3,204218.0,,"stockanalysis.com (백업 소스, 운용사 EOD 데이터 재게시)",2026-07-29T05:39:40+00:00
2026-07-29,SOXQ,CRDO,Credo Technology Group Holding Ltd,1.64,192514.0,,"stockanalysis.com (백업 소스, 운용사 EOD 데이터 재게시)",2026-07-29T05:39:40+00:00
2026-07-29,SOXQ,GFS,GLOBALFOUNDRIES Inc.,1.22,573035.0,,"stockanalysis.com (백업 소스, 운용사 EOD 데이터 재게시)",2026-07-29T05:39:40+00:00
2026-07-29,SOXQ,INTC,Intel Corporation,3.53,957216.0,,"stockanalysis.com (백업 소스, 운용사 EOD 데이터 재게시)",2026-07-29T05:39:40+00:00
2026-07-29,SOXQ,KLAC,KLA Corporation,4.8,571204.0,,"stockanalysis.com (백업 소스, 운용사 EOD 데이터 재게시)",2026-07-29T05:39:40+00:00
2026-07-29,SOXQ,LRCX,Lam Research Corporation,4.2,344985.0,,"stockanalysis.com (백업 소스, 운용사 EOD 데이터 재게시)",2026-07-29T05:39:40+00:00
2026-07-29,SOXQ,MCHP,Microchip Technology Incorporated,1.78,565764.0,,"stockanalysis.com (백업 소스, 운용사 EOD 데이터 재게시)",2026-07-29T05:39:40+00:00
2026-07-29,SOXQ,MPWR,"Monolithic Power Systems, Inc.",2.73,51272.0,,"stockanalysis.com (백업 소스, 운용사 EOD 데이터 재게시)",2026-07-29T05:39:40+00:00
2026-07-29,SOXQ,MRVL,"Marvell Technology, Inc.",4.15,535498.0,,"stockanalysis.com (백업 소스, 운용사 EOD 데이터 재게시)",2026-07-29T05:39:40+00:00
2026-07-29,SOXQ,MTSI,"MACOM Technology Solutions Holdings, Inc.",0.85,79622.0,,"stockanalysis.com (백업 소스, 운용사 EOD 데이터 재게시)",2026-07-29T05:39:40+00:00
2026-07-29,SOXQ,MU,"Micron Technology, Inc.",8.31,226107.0,,"stockanalysis.com (백업 소스, 운용사 EOD 데이터 재게시)",2026-07-29T05:39:40+00:00
2026-07-29,SOXQ,NVDA,NVIDIA Corporation,12.87,1559685.0,,"stockanalysis.com (백업 소스, 운용사 EOD 데이터 재게시)",2026-07-29T05:39:40+00:00
2026-07-29,SOXQ,NXPI,NXP Semiconductors N.V.,2.83,263532.0,,"stockanalysis.com (백업 소스, 운용사 EOD 데이터 재게시)",2026-07-29T05:39:40+00:00
2026-07-29,SOXQ,ON,ON Semiconductor Corporation,1.42,409050.0,,"stockanalysis.com (백업 소스, 운용사 EOD 데이터 재게시)",2026-07-29T05:39:40+00:00
2026-07-29,SOXQ,QCOM,QUALCOMM Incorporated,2.91,437320.0,,"stockanalysis.com (백업 소스, 운용사 EOD 데이터 재게시)",2026-07-29T05:39:40+00:00
2026-07-29,SOXQ,TER,"Teradyne, Inc.",2.28,163362.0,,"stockanalysis.com (백업 소스, 운용사 EOD 데이터 재게시)",2026-07-29T05:39:40+00:00
2026-07-29,SOXQ,TSM,Taiwan Semiconductor Manufacturing Company Limited,4.22,262344.0,,"stockanalysis.com (백업 소스, 운용사 EOD 데이터 재게시)",2026-07-29T05:39:40+00:00
2026-07-29,SOXQ,TXN,Texas Instruments Incorporated,4.01,359133.0,,"stockanalysis.com (백업 소스, 운용사 EOD 데이터 재게시)",2026-07-29T05:39:40+00:00
2026-07-29,SOXX,ADI,"Analog Devices, Inc.",3.93,4598128.0,,"stockanalysis.com (백업 소스, 운용사 EOD 데이터 재게시)",2026-07-29T05:39:40+00:00
2026-07-29,SOXX,ALAB,"Astera Labs, Inc.",2.22,3313213.0,,"stockanalysis.com (백업 소스, 운용사 EOD 데이터 재게시)",2026-07-29T05:39:40+00:00
2026-07-29,SOXX,AMAT,"Applied Materials, Inc.",5.21,4228138.0,,"stockanalysis.com (백업 소스, 운용사 EOD 데이터 재게시)",2026-07-29T05:39:40+00:00
2026-07-29,SOXX,AMD,"Advanced Micro Devices, Inc.",8.84,7374137.0,,"stockanalysis.com (백업 소스, 운용사 EOD 데이터 재게시)",2026-07-29T05:39:40+00:00
2026-07-29,SOXX,ASML,ASML Holding N.V.,2.47,613252.0,,"stockanalysis.com (백업 소스, 운용사 EOD 데이터 재게시)",2026-07-29T05:39:40+00:00
2026-07-29,SOXX,ASX,"ASE Technology Holding Co., Ltd.",1.21,14272594.0,,"stockanalysis.com (백업 소스, 운용사 EOD 데이터 재게시)",2026-07-29T05:39:40+00:00
2026-07-29,SOXX,AVGO,Broadcom Inc.,7.47,8518399.0,,"stockanalysis.com (백업 소스, 운용사 EOD 데이터 재게시)",2026-07-29T05:39:40+00:00
2026-07-29,SOXX,CRDO,Credo Technology Group Holding Ltd,1.92,3916140.0,,"stockanalysis.com (백업 소스, 운용사 EOD 데이터 재게시)",2026-07-29T05:39:40+00:00
2026-07-29,SOXX,ENTG,"Entegris, Inc.",1.06,3588745.0,,"stockanalysis.com (백업 소스, 운용사 EOD 데이터 재게시)",2026-07-29T05:39:40+00:00
2026-07-29,SOXX,INTC,Intel Corporation,5.09,24005273.0,,"stockanalysis.com (백업 소스, 운용사 EOD 데이터 재게시)",2026-07-29T05:39:40+00:00
2026-07-29,SOXX,KLAC,KLA Corporation,4.79,9902017.0,,"stockanalysis.com (백업 소스, 운용사 EOD 데이터 재게시)",2026-07-29T05:39:40+00:00
2026-07-29,SOXX,LRCX,Lam Research Corporation,4.19,5980567.0,,"stockanalysis.com (백업 소스, 운용사 EOD 데이터 재게시)",2026-07-29T05:39:40+00:00
2026-07-29,SOXX,MCHP,Microchip Technology Incorporated,2.28,12582967.0,,"stockanalysis.com (백업 소스, 운용사 EOD 데이터 재게시)",2026-07-29T05:39:40+00:00
2026-07-29,SOXX,MPWR,"Monolithic Power Systems, Inc.",3.43,1121684.0,,"stockanalysis.com (백업 소스, 운용사 EOD 데이터 재게시)",2026-07-29T05:39:40+00:00
2026-07-29,SOXX,MRVL,"Marvell Technology, Inc.",4.14,9282554.0,,"stockanalysis.com (백업 소스, 운용사 EOD 데이터 재게시)",2026-07-29T05:39:40+00:00
2026-07-29,SOXX,MTSI,"MACOM Technology Solutions Holdings, Inc.",1.0,1633754.0,,"stockanalysis.com (백업 소스, 운용사 EOD 데이터 재게시)",2026-07-29T05:39:40+00:00
2026-07-29,SOXX,MU,"Micron Technology, Inc.",8.29,3919429.0,,"stockanalysis.com (백업 소스, 운용사 EOD 데이터 재게시)",2026-07-29T05:39:40+00:00
2026-07-29,SOXX,NVDA,NVIDIA Corporation,8.56,18024912.0,,"stockanalysis.com (백업 소스, 운용사 EOD 데이터 재게시)",2026-07-29T05:39:40+00:00
2026-07-29,SOXX,NXPI,NXP Semiconductors N.V.,3.66,5921506.0,,"stockanalysis.com (백업 소스, 운용사 EOD 데이터 재게시)",2026-07-29T05:39:40+00:00
2026-07-29,SOXX,ON,ON Semiconductor Corporation,1.84,9224006.0,,"stockanalysis.com (백업 소스, 운용사 EOD 데이터 재게시)",2026-07-29T05:39:40+00:00
2026-07-29,SOXX,QCOM,QUALCOMM Incorporated,2.91,7580661.0,,"stockanalysis.com (백업 소스, 운용사 EOD 데이터 재게시)",2026-07-29T05:39:40+00:00
2026-07-29,SOXX,TER,"Teradyne, Inc.",2.96,3682436.0,,"stockanalysis.com (백업 소스, 운용사 EOD 데이터 재게시)",2026-07-29T05:39:40+00:00
2026-07-29,SOXX,TSM,Taiwan Semiconductor Manufacturing Company Limited,4.38,4727185.0,,"stockanalysis.com (백업 소스, 운용사 EOD 데이터 재게시)",2026-07-29T05:39:40+00:00
2026-07-29,SOXX,TXN,Texas Instruments Incorporated,4.0,6225150.0,,"stockanalysis.com (백업 소스, 운용사 EOD 데이터 재게시)",2026-07-29T05:39:40+00:00
2026-07-29,SOXX,UMC,United Microelectronics Corporation,0.88,19786832.0,,"stockanalysis.com (백업 소스, 운용사 EOD 데이터 재게시)",2026-07-29T05:39:40+00:00
2026-07-30,SMH,ADI,"Analog Devices, Inc.",4.35,7964269.0,,"stockanalysis.com (백업 소스, 운용사 EOD 데이터 재게시)",2026-07-30T05:28:35+00:00
2026-07-30,SMH,ALAB,"Astera Labs, Inc.",0.98,2085773.0,,"stockanalysis.com (백업 소스, 운용사 EOD 데이터 재게시)",2026-07-30T05:28:35+00:00
2026-07-30,SMH,AMAT,"Applied Materials, Inc.",4.93,6292280.0,,"stockanalysis.com (백업 소스, 운용사 EOD 데이터 재게시)",2026-07-30T05:28:35+00:00
2026-07-30,SMH,AMD,"Advanced Micro Devices, Inc.",6.0,7680832.0,,"stockanalysis.com (백업 소스, 운용사 EOD 데이터 재게시)",2026-07-30T05:28:35+00:00
2026-07-30,SMH,ARM,Arm Holdings plc,1.04,2599390.0,,"stockanalysis.com (백업 소스, 운용사 EOD 데이터 재게시)",2026-07-30T05:28:35+00:00
2026-07-30,SMH,ASML,ASML Holding N.V.,5.1,2003709.0,,"stockanalysis.com (백업 소스, 운용사 EOD 데이터 재게시)",2026-07-30T05:28:35+00:00
2026-07-30,SMH,AVGO,Broadcom Inc.,6.19,11043074.0,,"stockanalysis.com (백업 소스, 운용사 EOD 데이터 재게시)",2026-07-30T05:28:35+00:00
2026-07-30,SMH,CDNS,"Cadence Design Systems, Inc.",2.16,4530946.0,,"stockanalysis.com (백업 소스, 운용사 EOD 데이터 재게시)",2026-07-30T05:28:35+00:00
2026-07-30,SMH,INTC,Intel Corporation,4.24,29214158.0,,"stockanalysis.com (백업 소스, 운용사 EOD 데이터 재게시)",2026-07-30T05:28:35+00:00
2026-07-30,SMH,KLAC,KLA Corporation,4.44,14640624.0,,"stockanalysis.com (백업 소스, 운용사 EOD 데이터 재게시)",2026-07-30T05:28:35+00:00
2026-07-30,SMH,LRCX,Lam Research Corporation,4.38,9716323.0,,"stockanalysis.com (백업 소스, 운용사 EOD 데이터 재게시)",2026-07-30T05:28:35+00:00
2026-07-30,SMH,MCHP,Microchip Technology Incorporated,0.94,7805602.0,,"stockanalysis.com (백업 소스, 운용사 EOD 데이터 재게시)",2026-07-30T05:28:35+00:00
2026-07-30,SMH,MPWR,"Monolithic Power Systems, Inc.",1.38,697470.0,,"stockanalysis.com (백업 소스, 운용사 EOD 데이터 재게시)",2026-07-30T05:28:35+00:00
2026-07-30,SMH,MRVL,"Marvell Technology, Inc.",3.69,12381052.0,,"stockanalysis.com (백업 소스, 운용사 EOD 데이터 재게시)",2026-07-30T05:28:35+00:00
2026-07-30,SMH,MU,"Micron Technology, Inc.",5.28,3896050.0,,"stockanalysis.com (백업 소스, 운용사 EOD 데이터 재게시)",2026-07-30T05:28:35+00:00
2026-07-30,SMH,NVDA,NVIDIA Corporation,20.78,69350548.0,,"stockanalysis.com (백업 소스, 운용사 EOD 데이터 재게시)",2026-07-30T05:28:35+00:00
2026-07-30,SMH,NXPI,NXP Semiconductors N.V.,1.27,3225786.0,,"stockanalysis.com (백업 소스, 운용사 EOD 데이터 재게시)",2026-07-30T05:28:35+00:00
2026-07-30,SMH,ON,ON Semiconductor Corporation,0.63,4848342.0,,"stockanalysis.com (백업 소스, 운용사 EOD 데이터 재게시)",2026-07-30T05:28:35+00:00
2026-07-30,SMH,QCOM,QUALCOMM Incorporated,3.98,16031979.0,,"stockanalysis.com (백업 소스, 운용사 EOD 데이터 재게시)",2026-07-30T05:28:35+00:00
2026-07-30,SMH,SNPS,"Synopsys, Inc.",1.7,3184348.0,,"stockanalysis.com (백업 소스, 운용사 EOD 데이터 재게시)",2026-07-30T05:28:35+00:00
2026-07-30,SMH,STM,STMicroelectronics N.V.,1.24,13306703.0,,"stockanalysis.com (백업 소스, 운용사 EOD 데이터 재게시)",2026-07-30T05:28:35+00:00
2026-07-30,SMH,SWKS,"Skyworks Solutions, Inc.",0.17,1860710.0,,"stockanalysis.com (백업 소스, 운용사 EOD 데이터 재게시)",2026-07-30T05:28:35+00:00
2026-07-30,SMH,TER,"Teradyne, Inc.",1.28,2444590.0,,"stockanalysis.com (백업 소스, 운용사 EOD 데이터 재게시)",2026-07-30T05:28:35+00:00
2026-07-30,SMH,TSM,Taiwan Semiconductor Manufacturing Company Limited,9.18,15417053.0,,"stockanalysis.com (백업 소스, 운용사 EOD 데이터 재게시)",2026-07-30T05:28:35+00:00
2026-07-30,SMH,TXN,Texas Instruments Incorporated,4.61,11089419.0,,"stockanalysis.com (백업 소스, 운용사 EOD 데이터 재게시)",2026-07-30T05:28:35+00:00
2026-07-30,SOXQ,ADI,"Analog Devices, Inc.",3.94,265247.0,,"stockanalysis.com (백업 소스, 운용사 EOD 데이터 재게시)",2026-07-30T05:28:35+00:00
2026-07-30,SOXQ,ALAB,"Astera Labs, Inc.",2.08,178910.0,,"stockanalysis.com (백업 소스, 운용사 EOD 데이터 재게시)",2026-07-30T05:28:35+00:00
2026-07-30,SOXQ,AMAT,"Applied Materials, Inc.",5.22,243895.0,,"stockanalysis.com (백업 소스, 운용사 EOD 데이터 재게시)",2026-07-30T05:28:35+00:00
2026-07-30,SOXQ,AMD,"Advanced Micro Devices, Inc.",4.43,212697.0,,"stockanalysis.com (백업 소스, 운용사 EOD 데이터 재게시)",2026-07-30T05:28:35+00:00
2026-07-30,SOXQ,ARM,Arm Holdings plc,1.53,147547.0,,"stockanalysis.com (백업 소스, 운용사 EOD 데이터 재게시)",2026-07-30T05:28:35+00:00
2026-07-30,SOXQ,ASML,ASML Holding N.V.,4.77,68096.0,,"stockanalysis.com (백업 소스, 운용사 EOD 데이터 재게시)",2026-07-30T05:28:35+00:00
2026-07-30,SOXQ,AVGO,Broadcom Inc.,9.36,614242.0,,"stockanalysis.com (백업 소스, 운용사 EOD 데이터 재게시)",2026-07-30T05:28:35+00:00
2026-07-30,SOXQ,COHR,Coherent Corp.,2.3,204218.0,,"stockanalysis.com (백업 소스, 운용사 EOD 데이터 재게시)",2026-07-30T05:28:35+00:00
2026-07-30,SOXQ,CRDO,Credo Technology Group Holding Ltd,1.64,192514.0,,"stockanalysis.com (백업 소스, 운용사 EOD 데이터 재게시)",2026-07-30T05:28:35+00:00
2026-07-30,SOXQ,GFS,GLOBALFOUNDRIES Inc.,1.22,573035.0,,"stockanalysis.com (백업 소스, 운용사 EOD 데이터 재게시)",2026-07-30T05:28:35+00:00
2026-07-30,SOXQ,INTC,Intel Corporation,3.53,957216.0,,"stockanalysis.com (백업 소스, 운용사 EOD 데이터 재게시)",2026-07-30T05:28:35+00:00
2026-07-30,SOXQ,KLAC,KLA Corporation,4.8,571204.0,,"stockanalysis.com (백업 소스, 운용사 EOD 데이터 재게시)",2026-07-30T05:28:35+00:00
2026-07-30,SOXQ,LRCX,Lam Research Corporation,4.2,344985.0,,"stockanalysis.com (백업 소스, 운용사 EOD 데이터 재게시)",2026-07-30T05:28:35+00:00
2026-07-30,SOXQ,MCHP,Microchip Technology Incorporated,1.78,565764.0,,"stockanalysis.com (백업 소스, 운용사 EOD 데이터 재게시)",2026-07-30T05:28:35+00:00
2026-07-30,SOXQ,MPWR,"Monolithic Power Systems, Inc.",2.73,51272.0,,"stockanalysis.com (백업 소스, 운용사 EOD 데이터 재게시)",2026-07-30T05:28:35+00:00
2026-07-30,SOXQ,MRVL,"Marvell Technology, Inc.",4.15,535498.0,,"stockanalysis.com (백업 소스, 운용사 EOD 데이터 재게시)",2026-07-30T05:28:35+00:00
2026-07-30,SOXQ,MTSI,"MACOM Technology Solutions Holdings, Inc.",0.85,79622.0,,"stockanalysis.com (백업 소스, 운용사 EOD 데이터 재게시)",2026-07-30T05:28:35+00:00
2026-07-30,SOXQ,MU,"Micron Technology, Inc.",8.31,226107.0,,"stockanalysis.com (백업 소스, 운용사 EOD 데이터 재게시)",2026-07-30T05:28:35+00:00
2026-07-30,SOXQ,NVDA,NVIDIA Corporation,12.87,1559685.0,,"stockanalysis.com (백업 소스, 운용사 EOD 데이터 재게시)",2026-07-30T05:28:35+00:00
2026-07-30,SOXQ,NXPI,NXP Semiconductors N.V.,2.83,263532.0,,"stockanalysis.com (백업 소스, 운용사 EOD 데이터 재게시)",2026-07-30T05:28:35+00:00
2026-07-30,SOXQ,ON,ON Semiconductor Corporation,1.42,409050.0,,"stockanalysis.com (백업 소스, 운용사 EOD 데이터 재게시)",2026-07-30T05:28:35+00:00
2026-07-30,SOXQ,QCOM,QUALCOMM Incorporated,2.91,437320.0,,"stockanalysis.com (백업 소스, 운용사 EOD 데이터 재게시)",2026-07-30T05:28:35+00:00
2026-07-30,SOXQ,TER,"Teradyne, Inc.",2.28,163362.0,,"stockanalysis.com (백업 소스, 운용사 EOD 데이터 재게시)",2026-07-30T05:28:35+00:00
2026-07-30,SOXQ,TSM,Taiwan Semiconductor Manufacturing Company Limited,4.22,262344.0,,"stockanalysis.com (백업 소스, 운용사 EOD 데이터 재게시)",2026-07-30T05:28:35+00:00
2026-07-30,SOXQ,TXN,Texas Instruments Incorporated,4.01,359133.0,,"stockanalysis.com (백업 소스, 운용사 EOD 데이터 재게시)",2026-07-30T05:28:35+00:00
2026-07-30,SOXX,ADI,"Analog Devices, Inc.",3.93,4598128.0,,"stockanalysis.com (백업 소스, 운용사 EOD 데이터 재게시)",2026-07-30T05:28:35+00:00
2026-07-30,SOXX,ALAB,"Astera Labs, Inc.",2.22,3313213.0,,"stockanalysis.com (백업 소스, 운용사 EOD 데이터 재게시)",2026-07-30T05:28:35+00:00
2026-07-30,SOXX,AMAT,"Applied Materials, Inc.",5.21,4228138.0,,"stockanalysis.com (백업 소스, 운용사 EOD 데이터 재게시)",2026-07-30T05:28:35+00:00
2026-07-30,SOXX,AMD,"Advanced Micro Devices, Inc.",8.84,7374137.0,,"stockanalysis.com (백업 소스, 운용사 EOD 데이터 재게시)",2026-07-30T05:28:35+00:00
2026-07-30,SOXX,ASML,ASML Holding N.V.,2.47,613252.0,,"stockanalysis.com (백업 소스, 운용사 EOD 데이터 재게시)",2026-07-30T05:28:35+00:00
2026-07-30,SOXX,ASX,"ASE Technology Holding Co., Ltd.",1.21,14272594.0,,"stockanalysis.com (백업 소스, 운용사 EOD 데이터 재게시)",2026-07-30T05:28:35+00:00
2026-07-30,SOXX,AVGO,Broadcom Inc.,7.47,8518399.0,,"stockanalysis.com (백업 소스, 운용사 EOD 데이터 재게시)",2026-07-30T05:28:35+00:00
2026-07-30,SOXX,CRDO,Credo Technology Group Holding Ltd,1.92,3916140.0,,"stockanalysis.com (백업 소스, 운용사 EOD 데이터 재게시)",2026-07-30T05:28:35+00:00
2026-07-30,SOXX,ENTG,"Entegris, Inc.",1.06,3588745.0,,"stockanalysis.com (백업 소스, 운용사 EOD 데이터 재게시)",2026-07-30T05:28:35+00:00
2026-07-30,SOXX,INTC,Intel Corporation,5.09,24005273.0,,"stockanalysis.com (백업 소스, 운용사 EOD 데이터 재게시)",2026-07-30T05:28:35+00:00
2026-07-30,SOXX,KLAC,KLA Corporation,4.79,9902017.0,,"stockanalysis.com (백업 소스, 운용사 EOD 데이터 재게시)",2026-07-30T05:28:35+00:00
2026-07-30,SOXX,LRCX,Lam Research Corporation,4.19,5980567.0,,"stockanalysis.com (백업 소스, 운용사 EOD 데이터 재게시)",2026-07-30T05:28:35+00:00
2026-07-30,SOXX,MCHP,Microchip Technology Incorporated,2.28,12582967.0,,"stockanalysis.com (백업 소스, 운용사 EOD 데이터 재게시)",2026-07-30T05:28:35+00:00
2026-07-30,SOXX,MPWR,"Monolithic Power Systems, Inc.",3.43,1121684.0,,"stockanalysis.com (백업 소스, 운용사 EOD 데이터 재게시)",2026-07-30T05:28:35+00:00
2026-07-30,SOXX,MRVL,"Marvell Technology, Inc.",4.14,9282554.0,,"stockanalysis.com (백업 소스, 운용사 EOD 데이터 재게시)",2026-07-30T05:28:35+00:00
2026-07-30,SOXX,MTSI,"MACOM Technology Solutions Holdings, Inc.",1.0,1633754.0,,"stockanalysis.com (백업 소스, 운용사 EOD 데이터 재게시)",2026-07-30T05:28:35+00:00
2026-07-30,SOXX,MU,"Micron Technology, Inc.",8.29,3919429.0,,"stockanalysis.com (백업 소스, 운용사 EOD 데이터 재게시)",2026-07-30T05:28:35+00:00
2026-07-30,SOXX,NVDA,NVIDIA Corporation,8.56,18024912.0,,"stockanalysis.com (백업 소스, 운용사 EOD 데이터 재게시)",2026-07-30T05:28:35+00:00
2026-07-30,SOXX,NXPI,NXP Semiconductors N.V.,3.66,5921506.0,,"stockanalysis.com (백업 소스, 운용사 EOD 데이터 재게시)",2026-07-30T05:28:35+00:00
2026-07-30,SOXX,ON,ON Semiconductor Corporation,1.84,9224006.0,,"stockanalysis.com (백업 소스, 운용사 EOD 데이터 재게시)",2026-07-30T05:28:35+00:00
2026-07-30,SOXX,QCOM,QUALCOMM Incorporated,2.91,7580661.0,,"stockanalysis.com (백업 소스, 운용사 EOD 데이터 재게시)",2026-07-30T05:28:35+00:00
2026-07-30,SOXX,TER,"Teradyne, Inc.",2.96,3682436.0,,"stockanalysis.com (백업 소스, 운용사 EOD 데이터 재게시)",2026-07-30T05:28:35+00:00
2026-07-30,SOXX,TSM,Taiwan Semiconductor Manufacturing Company Limited,4.38,4727185.0,,"stockanalysis.com (백업 소스, 운용사 EOD 데이터 재게시)",2026-07-30T05:28:35+00:00
2026-07-30,SOXX,TXN,Texas Instruments Incorporated,4.0,6225150.0,,"stockanalysis.com (백업 소스, 운용사 EOD 데이터 재게시)",2026-07-30T05:28:35+00:00
2026-07-30,SOXX,UMC,United Microelectronics Corporation,0.88,19786832.0,,"stockanalysis.com (백업 소스, 운용사 EOD 데이터 재게시)",2026-07-30T05:28:35+00:00
2026-07-31,SMH,ADI,"Analog Devices, Inc.",4.35,7964269.0,,"stockanalysis.com (백업 소스, 운용사 EOD 데이터 재게시)",2026-07-31T05:53:10+00:00
2026-07-31,SMH,ALAB,"Astera Labs, Inc.",0.98,2085773.0,,"stockanalysis.com (백업 소스, 운용사 EOD 데이터 재게시)",2026-07-31T05:53:10+00:00
2026-07-31,SMH,AMAT,"Applied Materials, Inc.",4.93,6292280.0,,"stockanalysis.com (백업 소스, 운용사 EOD 데이터 재게시)",2026-07-31T05:53:10+00:00
2026-07-31,SMH,AMD,"Advanced Micro Devices, Inc.",6.0,7680832.0,,"stockanalysis.com (백업 소스, 운용사 EOD 데이터 재게시)",2026-07-31T05:53:10+00:00
2026-07-31,SMH,ARM,Arm Holdings plc,1.04,2599390.0,,"stockanalysis.com (백업 소스, 운용사 EOD 데이터 재게시)",2026-07-31T05:53:10+00:00
2026-07-31,SMH,ASML,ASML Holding N.V.,5.1,2003709.0,,"stockanalysis.com (백업 소스, 운용사 EOD 데이터 재게시)",2026-07-31T05:53:10+00:00
2026-07-31,SMH,AVGO,Broadcom Inc.,6.19,11043074.0,,"stockanalysis.com (백업 소스, 운용사 EOD 데이터 재게시)",2026-07-31T05:53:10+00:00
2026-07-31,SMH,CDNS,"Cadence Design Systems, Inc.",2.16,4530946.0,,"stockanalysis.com (백업 소스, 운용사 EOD 데이터 재게시)",2026-07-31T05:53:10+00:00
2026-07-31,SMH,INTC,Intel Corporation,4.24,29214158.0,,"stockanalysis.com (백업 소스, 운용사 EOD 데이터 재게시)",2026-07-31T05:53:10+00:00
2026-07-31,SMH,KLAC,KLA Corporation,4.44,14640624.0,,"stockanalysis.com (백업 소스, 운용사 EOD 데이터 재게시)",2026-07-31T05:53:10+00:00
2026-07-31,SMH,LRCX,Lam Research Corporation,4.38,9716323.0,,"stockanalysis.com (백업 소스, 운용사 EOD 데이터 재게시)",2026-07-31T05:53:10+00:00
2026-07-31,SMH,MCHP,Microchip Technology Incorporated,0.94,7805602.0,,"stockanalysis.com (백업 소스, 운용사 EOD 데이터 재게시)",2026-07-31T05:53:10+00:00
2026-07-31,SMH,MPWR,"Monolithic Power Systems, Inc.",1.38,697470.0,,"stockanalysis.com (백업 소스, 운용사 EOD 데이터 재게시)",2026-07-31T05:53:10+00:00
2026-07-31,SMH,MRVL,"Marvell Technology, Inc.",3.69,12381052.0,,"stockanalysis.com (백업 소스, 운용사 EOD 데이터 재게시)",2026-07-31T05:53:10+00:00
2026-07-31,SMH,MU,"Micron Technology, Inc.",5.28,3896050.0,,"stockanalysis.com (백업 소스, 운용사 EOD 데이터 재게시)",2026-07-31T05:53:10+00:00
2026-07-31,SMH,NVDA,NVIDIA Corporation,20.78,69350548.0,,"stockanalysis.com (백업 소스, 운용사 EOD 데이터 재게시)",2026-07-31T05:53:10+00:00
2026-07-31,SMH,NXPI,NXP Semiconductors N.V.,1.27,3225786.0,,"stockanalysis.com (백업 소스, 운용사 EOD 데이터 재게시)",2026-07-31T05:53:10+00:00
2026-07-31,SMH,ON,ON Semiconductor Corporation,0.63,4848342.0,,"stockanalysis.com (백업 소스, 운용사 EOD 데이터 재게시)",2026-07-31T05:53:10+00:00
2026-07-31,SMH,QCOM,QUALCOMM Incorporated,3.98,16031979.0,,"stockanalysis.com (백업 소스, 운용사 EOD 데이터 재게시)",2026-07-31T05:53:10+00:00
2026-07-31,SMH,SNPS,"Synopsys, Inc.",1.7,3184348.0,,"stockanalysis.com (백업 소스, 운용사 EOD 데이터 재게시)",2026-07-31T05:53:10+00:00
2026-07-31,SMH,STM,STMicroelectronics N.V.,1.24,13306703.0,,"stockanalysis.com (백업 소스, 운용사 EOD 데이터 재게시)",2026-07-31T05:53:10+00:00
2026-07-31,SMH,SWKS,"Skyworks Solutions, Inc.",0.17,1860710.0,,"stockanalysis.com (백업 소스, 운용사 EOD 데이터 재게시)",2026-07-31T05:53:10+00:00
2026-07-31,SMH,TER,"Teradyne, Inc.",1.28,2444590.0,,"stockanalysis.com (백업 소스, 운용사 EOD 데이터 재게시)",2026-07-31T05:53:10+00:00
2026-07-31,SMH,TSM,Taiwan Semiconductor Manufacturing Company Limited,9.18,15417053.0,,"stockanalysis.com (백업 소스, 운용사 EOD 데이터 재게시)",2026-07-31T05:53:10+00:00
2026-07-31,SMH,TXN,Texas Instruments Incorporated,4.61,11089419.0,,"stockanalysis.com (백업 소스, 운용사 EOD 데이터 재게시)",2026-07-31T05:53:10+00:00
2026-07-31,SOXQ,ADI,"Analog Devices, Inc.",3.94,265247.0,,"stockanalysis.com (백업 소스, 운용사 EOD 데이터 재게시)",2026-07-31T05:53:10+00:00
2026-07-31,SOXQ,ALAB,"Astera Labs, Inc.",2.08,178910.0,,"stockanalysis.com (백업 소스, 운용사 EOD 데이터 재게시)",2026-07-31T05:53:10+00:00
2026-07-31,SOXQ,AMAT,"Applied Materials, Inc.",5.22,243895.0,,"stockanalysis.com (백업 소스, 운용사 EOD 데이터 재게시)",2026-07-31T05:53:10+00:00
2026-07-31,SOXQ,AMD,"Advanced Micro Devices, Inc.",4.43,212697.0,,"stockanalysis.com (백업 소스, 운용사 EOD 데이터 재게시)",2026-07-31T05:53:10+00:00
2026-07-31,SOXQ,ARM,Arm Holdings plc,1.53,147547.0,,"stockanalysis.com (백업 소스, 운용사 EOD 데이터 재게시)",2026-07-31T05:53:10+00:00
2026-07-31,SOXQ,ASML,ASML Holding N.V.,4.77,68096.0,,"stockanalysis.com (백업 소스, 운용사 EOD 데이터 재게시)",2026-07-31T05:53:10+00:00
2026-07-31,SOXQ,AVGO,Broadcom Inc.,9.36,614242.0,,"stockanalysis.com (백업 소스, 운용사 EOD 데이터 재게시)",2026-07-31T05:53:10+00:00
2026-07-31,SOXQ,COHR,Coherent Corp.,2.3,204218.0,,"stockanalysis.com (백업 소스, 운용사 EOD 데이터 재게시)",2026-07-31T05:53:10+00:00
2026-07-31,SOXQ,CRDO,Credo Technology Group Holding Ltd,1.64,192514.0,,"stockanalysis.com (백업 소스, 운용사 EOD 데이터 재게시)",2026-07-31T05:53:10+00:00
2026-07-31,SOXQ,GFS,GLOBALFOUNDRIES Inc.,1.22,573035.0,,"stockanalysis.com (백업 소스, 운용사 EOD 데이터 재게시)",2026-07-31T05:53:10+00:00
2026-07-31,SOXQ,INTC,Intel Corporation,3.53,957216.0,,"stockanalysis.com (백업 소스, 운용사 EOD 데이터 재게시)",2026-07-31T05:53:10+00:00
2026-07-31,SOXQ,KLAC,KLA Corporation,4.8,571204.0,,"stockanalysis.com (백업 소스, 운용사 EOD 데이터 재게시)",2026-07-31T05:53:10+00:00
2026-07-31,SOXQ,LRCX,Lam Research Corporation,4.2,344985.0,,"stockanalysis.com (백업 소스, 운용사 EOD 데이터 재게시)",2026-07-31T05:53:10+00:00
2026-07-31,SOXQ,MCHP,Microchip Technology Incorporated,1.78,565764.0,,"stockanalysis.com (백업 소스, 운용사 EOD 데이터 재게시)",2026-07-31T05:53:10+00:00
2026-07-31,SOXQ,MPWR,"Monolithic Power Systems, Inc.",2.73,51272.0,,"stockanalysis.com (백업 소스, 운용사 EOD 데이터 재게시)",2026-07-31T05:53:10+00:00
2026-07-31,SOXQ,MRVL,"Marvell Technology, Inc.",4.15,535498.0,,"stockanalysis.com (백업 소스, 운용사 EOD 데이터 재게시)",2026-07-31T05:53:10+00:00
2026-07-31,SOXQ,MTSI,"MACOM Technology Solutions Holdings, Inc.",0.85,79622.0,,"stockanalysis.com (백업 소스, 운용사 EOD 데이터 재게시)",2026-07-31T05:53:10+00:00
2026-07-31,SOXQ,MU,"Micron Technology, Inc.",8.31,226107.0,,"stockanalysis.com (백업 소스, 운용사 EOD 데이터 재게시)",2026-07-31T05:53:10+00:00
2026-07-31,SOXQ,NVDA,NVIDIA Corporation,12.87,1559685.0,,"stockanalysis.com (백업 소스, 운용사 EOD 데이터 재게시)",2026-07-31T05:53:10+00:00
2026-07-31,SOXQ,NXPI,NXP Semiconductors N.V.,2.83,263532.0,,"stockanalysis.com (백업 소스, 운용사 EOD 데이터 재게시)",2026-07-31T05:53:10+00:00
2026-07-31,SOXQ,ON,ON Semiconductor Corporation,1.42,409050.0,,"stockanalysis.com (백업 소스, 운용사 EOD 데이터 재게시)",2026-07-31T05:53:10+00:00
2026-07-31,SOXQ,QCOM,QUALCOMM Incorporated,2.91,437320.0,,"stockanalysis.com (백업 소스, 운용사 EOD 데이터 재게시)",2026-07-31T05:53:10+00:00
2026-07-31,SOXQ,TER,"Teradyne, Inc.",2.28,163362.0,,"stockanalysis.com (백업 소스, 운용사 EOD 데이터 재게시)",2026-07-31T05:53:10+00:00
2026-07-31,SOXQ,TSM,Taiwan Semiconductor Manufacturing Company Limited,4.22,262344.0,,"stockanalysis.com (백업 소스, 운용사 EOD 데이터 재게시)",2026-07-31T05:53:10+00:00
2026-07-31,SOXQ,TXN,Texas Instruments Incorporated,4.01,359133.0,,"stockanalysis.com (백업 소스, 운용사 EOD 데이터 재게시)",2026-07-31T05:53:10+00:00
2026-07-31,SOXX,ADI,"Analog Devices, Inc.",3.93,4598128.0,,"stockanalysis.com (백업 소스, 운용사 EOD 데이터 재게시)",2026-07-31T05:53:10+00:00
2026-07-31,SOXX,ALAB,"Astera Labs, Inc.",2.22,3313213.0,,"stockanalysis.com (백업 소스, 운용사 EOD 데이터 재게시)",2026-07-31T05:53:10+00:00
2026-07-31,SOXX,AMAT,"Applied Materials, Inc.",5.21,4228138.0,,"stockanalysis.com (백업 소스, 운용사 EOD 데이터 재게시)",2026-07-31T05:53:10+00:00
2026-07-31,SOXX,AMD,"Advanced Micro Devices, Inc.",8.84,7374137.0,,"stockanalysis.com (백업 소스, 운용사 EOD 데이터 재게시)",2026-07-31T05:53:10+00:00
2026-07-31,SOXX,ASML,ASML Holding N.V.,2.47,613252.0,,"stockanalysis.com (백업 소스, 운용사 EOD 데이터 재게시)",2026-07-31T05:53:10+00:00
2026-07-31,SOXX,ASX,"ASE Technology Holding Co., Ltd.",1.21,14272594.0,,"stockanalysis.com (백업 소스, 운용사 EOD 데이터 재게시)",2026-07-31T05:53:10+00:00
2026-07-31,SOXX,AVGO,Broadcom Inc.,7.47,8518399.0,,"stockanalysis.com (백업 소스, 운용사 EOD 데이터 재게시)",2026-07-31T05:53:10+00:00
2026-07-31,SOXX,CRDO,Credo Technology Group Holding Ltd,1.92,3916140.0,,"stockanalysis.com (백업 소스, 운용사 EOD 데이터 재게시)",2026-07-31T05:53:10+00:00
2026-07-31,SOXX,ENTG,"Entegris, Inc.",1.06,3588745.0,,"stockanalysis.com (백업 소스, 운용사 EOD 데이터 재게시)",2026-07-31T05:53:10+00:00
2026-07-31,SOXX,INTC,Intel Corporation,5.09,24005273.0,,"stockanalysis.com (백업 소스, 운용사 EOD 데이터 재게시)",2026-07-31T05:53:10+00:00
2026-07-31,SOXX,KLAC,KLA Corporation,4.79,9902017.0,,"stockanalysis.com (백업 소스, 운용사 EOD 데이터 재게시)",2026-07-31T05:53:10+00:00
2026-07-31,SOXX,LRCX,Lam Research Corporation,4.19,5980567.0,,"stockanalysis.com (백업 소스, 운용사 EOD 데이터 재게시)",2026-07-31T05:53:10+00:00
2026-07-31,SOXX,MCHP,Microchip Technology Incorporated,2.28,12582967.0,,"stockanalysis.com (백업 소스, 운용사 EOD 데이터 재게시)",2026-07-31T05:53:10+00:00
2026-07-31,SOXX,MPWR,"Monolithic Power Systems, Inc.",3.43,1121684.0,,"stockanalysis.com (백업 소스, 운용사 EOD 데이터 재게시)",2026-07-31T05:53:10+00:00
2026-07-31,SOXX,MRVL,"Marvell Technology, Inc.",4.14,9282554.0,,"stockanalysis.com (백업 소스, 운용사 EOD 데이터 재게시)",2026-07-31T05:53:10+00:00
2026-07-31,SOXX,MTSI,"MACOM Technology Solutions Holdings, Inc.",1.0,1633754.0,,"stockanalysis.com (백업 소스, 운용사 EOD 데이터 재게시)",2026-07-31T05:53:10+00:00
2026-07-31,SOXX,MU,"Micron Technology, Inc.",8.29,3919429.0,,"stockanalysis.com (백업 소스, 운용사 EOD 데이터 재게시)",2026-07-31T05:53:10+00:00
2026-07-31,SOXX,NVDA,NVIDIA Corporation,8.56,18024912.0,,"stockanalysis.com (백업 소스, 운용사 EOD 데이터 재게시)",2026-07-31T05:53:10+00:00
2026-07-31,SOXX,NXPI,NXP Semiconductors N.V.,3.66,5921506.0,,"stockanalysis.com (백업 소스, 운용사 EOD 데이터 재게시)",2026-07-31T05:53:10+00:00
2026-07-31,SOXX,ON,ON Semiconductor Corporation,1.84,9224006.0,,"stockanalysis.com (백업 소스, 운용사 EOD 데이터 재게시)",2026-07-31T05:53:10+00:00
2026-07-31,SOXX,QCOM,QUALCOMM Incorporated,2.91,7580661.0,,"stockanalysis.com (백업 소스, 운용사 EOD 데이터 재게시)",2026-07-31T05:53:10+00:00
2026-07-31,SOXX,TER,"Teradyne, Inc.",2.96,3682436.0,,"stockanalysis.com (백업 소스, 운용사 EOD 데이터 재게시)",2026-07-31T05:53:10+00:00
2026-07-31,SOXX,TSM,Taiwan Semiconductor Manufacturing Company Limited,4.38,4727185.0,,"stockanalysis.com (백업 소스, 운용사 EOD 데이터 재게시)",2026-07-31T05:53:10+00:00
2026-07-31,SOXX,TXN,Texas Instruments Incorporated,4.0,6225150.0,,"stockanalysis.com (백업 소스, 운용사 EOD 데이터 재게시)",2026-07-31T05:53:10+00:00
2026-07-31,SOXX,UMC,United Microelectronics Corporation,0.88,19786832.0,,"stockanalysis.com (백업 소스, 운용사 EOD 데이터 재게시)",2026-07-31T05:53:10+00:00
2026-08-01,SMH,ADI,"Analog Devices, Inc.",4.35,7964269.0,,"stockanalysis.com (백업 소스, 운용사 EOD 데이터 재게시)",2026-08-01T05:43:40+00:00
2026-08-01,SMH,ALAB,"Astera Labs, Inc.",0.98,2085773.0,,"stockanalysis.com (백업 소스, 운용사 EOD 데이터 재게시)",2026-08-01T05:43:40+00:00
2026-08-01,SMH,AMAT,"Applied Materials, Inc.",4.93,6292280.0,,"stockanalysis.com (백업 소스, 운용사 EOD 데이터 재게시)",2026-08-01T05:43:40+00:00
2026-08-01,SMH,AMD,"Advanced Micro Devices, Inc.",6.0,7680832.0,,"stockanalysis.com (백업 소스, 운용사 EOD 데이터 재게시)",2026-08-01T05:43:40+00:00
2026-08-01,SMH,ARM,Arm Holdings plc,1.04,2599390.0,,"stockanalysis.com (백업 소스, 운용사 EOD 데이터 재게시)",2026-08-01T05:43:40+00:00
2026-08-01,SMH,ASML,ASML Holding N.V.,5.1,2003709.0,,"stockanalysis.com (백업 소스, 운용사 EOD 데이터 재게시)",2026-08-01T05:43:40+00:00
2026-08-01,SMH,AVGO,Broadcom Inc.,6.19,11043074.0,,"stockanalysis.com (백업 소스, 운용사 EOD 데이터 재게시)",2026-08-01T05:43:40+00:00
2026-08-01,SMH,CDNS,"Cadence Design Systems, Inc.",2.16,4530946.0,,"stockanalysis.com (백업 소스, 운용사 EOD 데이터 재게시)",2026-08-01T05:43:40+00:00
2026-08-01,SMH,INTC,Intel Corporation,4.24,29214158.0,,"stockanalysis.com (백업 소스, 운용사 EOD 데이터 재게시)",2026-08-01T05:43:40+00:00
2026-08-01,SMH,KLAC,KLA Corporation,4.44,14640624.0,,"stockanalysis.com (백업 소스, 운용사 EOD 데이터 재게시)",2026-08-01T05:43:40+00:00
2026-08-01,SMH,LRCX,Lam Research Corporation,4.38,9716323.0,,"stockanalysis.com (백업 소스, 운용사 EOD 데이터 재게시)",2026-08-01T05:43:40+00:00
2026-08-01,SMH,MCHP,Microchip Technology Incorporated,0.94,7805602.0,,"stockanalysis.com (백업 소스, 운용사 EOD 데이터 재게시)",2026-08-01T05:43:40+00:00
2026-08-01,SMH,MPWR,"Monolithic Power Systems, Inc.",1.38,697470.0,,"stockanalysis.com (백업 소스, 운용사 EOD 데이터 재게시)",2026-08-01T05:43:40+00:00
2026-08-01,SMH,MRVL,"Marvell Technology, Inc.",3.69,12381052.0,,"stockanalysis.com (백업 소스, 운용사 EOD 데이터 재게시)",2026-08-01T05:43:40+00:00
2026-08-01,SMH,MU,"Micron Technology, Inc.",5.28,3896050.0,,"stockanalysis.com (백업 소스, 운용사 EOD 데이터 재게시)",2026-08-01T05:43:40+00:00
2026-08-01,SMH,NVDA,NVIDIA Corporation,20.78,69350548.0,,"stockanalysis.com (백업 소스, 운용사 EOD 데이터 재게시)",2026-08-01T05:43:40+00:00
2026-08-01,SMH,NXPI,NXP Semiconductors N.V.,1.27,3225786.0,,"stockanalysis.com (백업 소스, 운용사 EOD 데이터 재게시)",2026-08-01T05:43:40+00:00
2026-08-01,SMH,ON,ON Semiconductor Corporation,0.63,4848342.0,,"stockanalysis.com (백업 소스, 운용사 EOD 데이터 재게시)",2026-08-01T05:43:40+00:00
2026-08-01,SMH,QCOM,QUALCOMM Incorporated,3.98,16031979.0,,"stockanalysis.com (백업 소스, 운용사 EOD 데이터 재게시)",2026-08-01T05:43:40+00:00
2026-08-01,SMH,SNPS,"Synopsys, Inc.",1.7,3184348.0,,"stockanalysis.com (백업 소스, 운용사 EOD 데이터 재게시)",2026-08-01T05:43:40+00:00
2026-08-01,SMH,STM,STMicroelectronics N.V.,1.24,13306703.0,,"stockanalysis.com (백업 소스, 운용사 EOD 데이터 재게시)",2026-08-01T05:43:40+00:00
2026-08-01,SMH,SWKS,"Skyworks Solutions, Inc.",0.17,1860710.0,,"stockanalysis.com (백업 소스, 운용사 EOD 데이터 재게시)",2026-08-01T05:43:40+00:00
2026-08-01,SMH,TER,"Teradyne, Inc.",1.28,2444590.0,,"stockanalysis.com (백업 소스, 운용사 EOD 데이터 재게시)",2026-08-01T05:43:40+00:00
2026-08-01,SMH,TSM,Taiwan Semiconductor Manufacturing Company Limited,9.18,15417053.0,,"stockanalysis.com (백업 소스, 운용사 EOD 데이터 재게시)",2026-08-01T05:43:40+00:00
2026-08-01,SMH,TXN,Texas Instruments Incorporated,4.61,11089419.0,,"stockanalysis.com (백업 소스, 운용사 EOD 데이터 재게시)",2026-08-01T05:43:40+00:00
2026-08-01,SOXQ,ADI,"Analog Devices, Inc.",4.23,279431.0,,"stockanalysis.com (백업 소스, 운용사 EOD 데이터 재게시)",2026-08-01T05:43:40+00:00
2026-08-01,SOXQ,ALAB,"Astera Labs, Inc.",2.02,188486.0,,"stockanalysis.com (백업 소스, 운용사 EOD 데이터 재게시)",2026-08-01T05:43:40+00:00
2026-08-01,SOXQ,AMAT,"Applied Materials, Inc.",4.81,256927.0,,"stockanalysis.com (백업 소스, 운용사 EOD 데이터 재게시)",2026-08-01T05:43:40+00:00
2026-08-01,SOXQ,AMD,"Advanced Micro Devices, Inc.",4.12,224073.0,,"stockanalysis.com (백업 소스, 운용사 EOD 데이터 재게시)",2026-08-01T05:43:40+00:00
2026-08-01,SOXQ,ARM,Arm Holdings plc,1.5,155467.0,,"stockanalysis.com (백업 소스, 운용사 EOD 데이터 재게시)",2026-08-01T05:43:40+00:00
2026-08-01,SOXQ,ASML,ASML Holding N.V.,4.77,71768.0,,"stockanalysis.com (백업 소스, 운용사 EOD 데이터 재게시)",2026-08-01T05:43:40+00:00
2026-08-01,SOXQ,AVGO,Broadcom Inc.,10.27,647074.0,,"stockanalysis.com (백업 소스, 운용사 EOD 데이터 재게시)",2026-08-01T05:43:40+00:00
2026-08-01,SOXQ,COHR,Coherent Corp.,2.05,215162.0,,"stockanalysis.com (백업 소스, 운용사 EOD 데이터 재게시)",2026-08-01T05:43:40+00:00
2026-08-01,SOXQ,CRDO,Credo Technology Group Holding Ltd,1.54,202810.0,,"stockanalysis.com (백업 소스, 운용사 EOD 데이터 재게시)",2026-08-01T05:43:40+00:00
2026-08-01,SOXQ,GFS,GLOBALFOUNDRIES Inc.,1.22,603635.0,,"stockanalysis.com (백업 소스, 운용사 EOD 데이터 재게시)",2026-08-01T05:43:40+00:00
2026-08-01,SOXQ,INTC,Intel Corporation,3.54,1008408.0,,"stockanalysis.com (백업 소스, 운용사 EOD 데이터 재게시)",2026-08-01T05:43:40+00:00
2026-08-01,SOXQ,KLAC,KLA Corporation,4.39,601732.0,,"stockanalysis.com (백업 소스, 운용사 EOD 데이터 재게시)",2026-08-01T05:43:40+00:00
2026-08-01,SOXQ,LRCX,Lam Research Corporation,3.93,363417.0,,"stockanalysis.com (백업 소스, 운용사 EOD 데이터 재게시)",2026-08-01T05:43:40+00:00
2026-08-01,SOXQ,MCHP,Microchip Technology Incorporated,1.82,596004.0,,"stockanalysis.com (백업 소스, 운용사 EOD 데이터 재게시)",2026-08-01T05:43:40+00:00
2026-08-01,SOXQ,MPWR,"Monolithic Power Systems, Inc.",2.89,54008.0,,"stockanalysis.com (백업 소스, 운용사 EOD 데이터 재게시)",2026-08-01T05:43:40+00:00
2026-08-01,SOXQ,MRVL,"Marvell Technology, Inc.",3.95,564154.0,,"stockanalysis.com (백업 소스, 운용사 EOD 데이터 재게시)",2026-08-01T05:43:40+00:00
2026-08-01,SOXQ,MTSI,"MACOM Technology Solutions Holdings, Inc.",0.82,83870.0,,"stockanalysis.com (백업 소스, 운용사 EOD 데이터 재게시)",2026-08-01T05:43:40+00:00
2026-08-01,SOXQ,MU,"Micron Technology, Inc.",7.54,238203.0,,"stockanalysis.com (백업 소스, 운용사 EOD 데이터 재게시)",2026-08-01T05:43:40+00:00
2026-08-01,SOXQ,NVDA,NVIDIA Corporation,13.38,1643061.0,,"stockanalysis.com (백업 소스, 운용사 EOD 데이터 재게시)",2026-08-01T05:43:40+00:00
2026-08-01,SOXQ,NXPI,NXP Semiconductors N.V.,2.87,277644.0,,"stockanalysis.com (백업 소스, 운용사 EOD 데이터 재게시)",2026-08-01T05:43:40+00:00
2026-08-01,SOXQ,ON,ON Semiconductor Corporation,1.46,430938.0,,"stockanalysis.com (백업 소스, 운용사 EOD 데이터 재게시)",2026-08-01T05:43:40+00:00
2026-08-01,SOXQ,QCOM,QUALCOMM Incorporated,3.07,460720.0,,"stockanalysis.com (백업 소스, 운용사 EOD 데이터 재게시)",2026-08-01T05:43:40+00:00
2026-08-01,SOXQ,TER,"Teradyne, Inc.",2.36,172074.0,,"stockanalysis.com (백업 소스, 운용사 EOD 데이터 재게시)",2026-08-01T05:43:40+00:00
2026-08-01,SOXQ,TSM,Taiwan Semiconductor Manufacturing Company Limited,4.44,276384.0,,"stockanalysis.com (백업 소스, 운용사 EOD 데이터 재게시)",2026-08-01T05:43:40+00:00
2026-08-01,SOXQ,TXN,Texas Instruments Incorporated,4.4,378357.0,,"stockanalysis.com (백업 소스, 운용사 EOD 데이터 재게시)",2026-08-01T05:43:40+00:00
2026-08-01,SOXX,ADI,"Analog Devices, Inc.",3.93,4598128.0,,"stockanalysis.com (백업 소스, 운용사 EOD 데이터 재게시)",2026-08-01T05:43:40+00:00
2026-08-01,SOXX,ALAB,"Astera Labs, Inc.",2.22,3313213.0,,"stockanalysis.com (백업 소스, 운용사 EOD 데이터 재게시)",2026-08-01T05:43:40+00:00
2026-08-01,SOXX,AMAT,"Applied Materials, Inc.",5.21,4228138.0,,"stockanalysis.com (백업 소스, 운용사 EOD 데이터 재게시)",2026-08-01T05:43:40+00:00
2026-08-01,SOXX,AMD,"Advanced Micro Devices, Inc.",8.84,7374137.0,,"stockanalysis.com (백업 소스, 운용사 EOD 데이터 재게시)",2026-08-01T05:43:40+00:00
2026-08-01,SOXX,ASML,ASML Holding N.V.,2.47,613252.0,,"stockanalysis.com (백업 소스, 운용사 EOD 데이터 재게시)",2026-08-01T05:43:40+00:00
2026-08-01,SOXX,ASX,"ASE Technology Holding Co., Ltd.",1.21,14272594.0,,"stockanalysis.com (백업 소스, 운용사 EOD 데이터 재게시)",2026-08-01T05:43:40+00:00
2026-08-01,SOXX,AVGO,Broadcom Inc.,7.47,8518399.0,,"stockanalysis.com (백업 소스, 운용사 EOD 데이터 재게시)",2026-08-01T05:43:40+00:00
2026-08-01,SOXX,CRDO,Credo Technology Group Holding Ltd,1.92,3916140.0,,"stockanalysis.com (백업 소스, 운용사 EOD 데이터 재게시)",2026-08-01T05:43:40+00:00
2026-08-01,SOXX,ENTG,"Entegris, Inc.",1.06,3588745.0,,"stockanalysis.com (백업 소스, 운용사 EOD 데이터 재게시)",2026-08-01T05:43:40+00:00
2026-08-01,SOXX,INTC,Intel Corporation,5.09,24005273.0,,"stockanalysis.com (백업 소스, 운용사 EOD 데이터 재게시)",2026-08-01T05:43:40+00:00
2026-08-01,SOXX,KLAC,KLA Corporation,4.79,9902017.0,,"stockanalysis.com (백업 소스, 운용사 EOD 데이터 재게시)",2026-08-01T05:43:40+00:00
2026-08-01,SOXX,LRCX,Lam Research Corporation,4.19,5980567.0,,"stockanalysis.com (백업 소스, 운용사 EOD 데이터 재게시)",2026-08-01T05:43:40+00:00
2026-08-01,SOXX,MCHP,Microchip Technology Incorporated,2.28,12582967.0,,"stockanalysis.com (백업 소스, 운용사 EOD 데이터 재게시)",2026-08-01T05:43:40+00:00
2026-08-01,SOXX,MPWR,"Monolithic Power Systems, Inc.",3.43,1121684.0,,"stockanalysis.com (백업 소스, 운용사 EOD 데이터 재게시)",2026-08-01T05:43:40+00:00
2026-08-01,SOXX,MRVL,"Marvell Technology, Inc.",4.14,9282554.0,,"stockanalysis.com (백업 소스, 운용사 EOD 데이터 재게시)",2026-08-01T05:43:40+00:00
2026-08-01,SOXX,MTSI,"MACOM Technology Solutions Holdings, Inc.",1.0,1633754.0,,"stockanalysis.com (백업 소스, 운용사 EOD 데이터 재게시)",2026-08-01T05:43:40+00:00
2026-08-01,SOXX,MU,"Micron Technology, Inc.",8.29,3919429.0,,"stockanalysis.com (백업 소스, 운용사 EOD 데이터 재게시)",2026-08-01T05:43:40+00:00
2026-08-01,SOXX,NVDA,NVIDIA Corporation,8.56,18024912.0,,"stockanalysis.com (백업 소스, 운용사 EOD 데이터 재게시)",2026-08-01T05:43:40+00:00
2026-08-01,SOXX,NXPI,NXP Semiconductors N.V.,3.66,5921506.0,,"stockanalysis.com (백업 소스, 운용사 EOD 데이터 재게시)",2026-08-01T05:43:40+00:00
2026-08-01,SOXX,ON,ON Semiconductor Corporation,1.84,9224006.0,,"stockanalysis.com (백업 소스, 운용사 EOD 데이터 재게시)",2026-08-01T05:43:40+00:00
2026-08-01,SOXX,QCOM,QUALCOMM Incorporated,2.91,7580661.0,,"stockanalysis.com (백업 소스, 운용사 EOD 데이터 재게시)",2026-08-01T05:43:40+00:00
2026-08-01,SOXX,TER,"Teradyne, Inc.",2.96,3682436.0,,"stockanalysis.com (백업 소스, 운용사 EOD 데이터 재게시)",2026-08-01T05:43:40+00:00
2026-08-01,SOXX,TSM,Taiwan Semiconductor Manufacturing Company Limited,4.38,4727185.0,,"stockanalysis.com (백업 소스, 운용사 EOD 데이터 재게시)",2026-08-01T05:43:40+00:00
2026-08-01,SOXX,TXN,Texas Instruments Incorporated,4.0,6225150.0,,"stockanalysis.com (백업 소스, 운용사 EOD 데이터 재게시)",2026-08-01T05:43:40+00:00
2026-08-01,SOXX,UMC,United Microelectronics Corporation,0.88,19786832.0,,"stockanalysis.com (백업 소스, 운용사 EOD 데이터 재게시)",2026-08-01T05:43:40+00:00
2026-08-02,SMH,ADI,"Analog Devices, Inc.",4.63,8182333.0,,"stockanalysis.com (백업 소스, 운용사 EOD 데이터 재게시)",2026-08-02T05:44:18+00:00
2026-08-02,SMH,ALAB,"Astera Labs, Inc.",0.86,2142863.0,,"stockanalysis.com (백업 소스, 운용사 EOD 데이터 재게시)",2026-08-02T05:44:18+00:00
2026-08-02,SMH,AMAT,"Applied Materials, Inc.",4.52,6464606.0,,"stockanalysis.com (백업 소스, 운용사 EOD 데이터 재게시)",2026-08-02T05:44:18+00:00
2026-08-02,SMH,AMD,"Advanced Micro Devices, Inc.",5.43,7891174.0,,"stockanalysis.com (백업 소스, 운용사 EOD 데이터 재게시)",2026-08-02T05:44:18+00:00
2026-08-02,SMH,ARM,Arm Holdings plc,0.96,2670532.0,,"stockanalysis.com (백업 소스, 운용사 EOD 데이터 재게시)",2026-08-02T05:44:18+00:00
2026-08-02,SMH,ASML,ASML Holding N.V.,5.12,2058555.0,,"stockanalysis.com (백업 소스, 운용사 EOD 데이터 재게시)",2026-08-02T05:44:18+00:00
2026-08-02,SMH,AVGO,Broadcom Inc.,6.73,11346476.0,,"stockanalysis.com (백업 소스, 운용사 EOD 데이터 재게시)",2026-08-02T05:44:18+00:00
2026-08-02,SMH,CDNS,"Cadence Design Systems, Inc.",2.48,4655026.0,,"stockanalysis.com (백업 소스, 운용사 EOD 데이터 재게시)",2026-08-02T05:44:18+00:00
2026-08-02,SMH,INTC,Intel Corporation,3.94,30014210.0,,"stockanalysis.com (백업 소스, 운용사 EOD 데이터 재게시)",2026-08-02T05:44:18+00:00
2026-08-02,SMH,KLAC,KLA Corporation,4.1,15041611.0,,"stockanalysis.com (백업 소스, 운용사 EOD 데이터 재게시)",2026-08-02T05:44:18+00:00
2026-08-02,SMH,LRCX,Lam Research Corporation,4.04,9982435.0,,"stockanalysis.com (백업 소스, 운용사 EOD 데이터 재게시)",2026-08-02T05:44:18+00:00
2026-08-02,SMH,MCHP,Microchip Technology Incorporated,0.92,8019347.0,,"stockanalysis.com (백업 소스, 운용사 EOD 데이터 재게시)",2026-08-02T05:44:18+00:00
2026-08-02,SMH,MPWR,"Monolithic Power Systems, Inc.",1.43,716544.0,,"stockanalysis.com (백업 소스, 운용사 EOD 데이터 재게시)",2026-08-02T05:44:18+00:00
2026-08-02,SMH,MRVL,"Marvell Technology, Inc.",3.33,12720094.0,,"stockanalysis.com (백업 소스, 운용사 EOD 데이터 재게시)",2026-08-02T05:44:18+00:00
2026-08-02,SMH,MU,"Micron Technology, Inc.",4.74,4002700.0,,"stockanalysis.com (백업 소스, 운용사 EOD 데이터 재게시)",2026-08-02T05:44:18+00:00
2026-08-02,SMH,NVDA,NVIDIA Corporation,21.7,71249669.0,,"stockanalysis.com (백업 소스, 운용사 EOD 데이터 재게시)",2026-08-02T05:44:18+00:00
2026-08-02,SMH,NXPI,NXP Semiconductors N.V.,1.28,3314094.0,,"stockanalysis.com (백업 소스, 운용사 EOD 데이터 재게시)",2026-08-02T05:44:18+00:00
2026-08-02,SMH,ON,ON Semiconductor Corporation,0.63,4981134.0,,"stockanalysis.com (백업 소스, 운용사 EOD 데이터 재게시)",2026-08-02T05:44:18+00:00
2026-08-02,SMH,QCOM,QUALCOMM Incorporated,4.11,16471011.0,,"stockanalysis.com (백업 소스, 운용사 EOD 데이터 재게시)",2026-08-02T05:44:18+00:00
2026-08-02,SMH,SNPS,"Synopsys, Inc.",1.96,3271534.0,,"stockanalysis.com (백업 소스, 운용사 EOD 데이터 재게시)",2026-08-02T05:44:18+00:00
2026-08-02,SMH,STM,STMicroelectronics N.V.,1.06,13671089.0,,"stockanalysis.com (백업 소스, 운용사 EOD 데이터 재게시)",2026-08-02T05:44:18+00:00
2026-08-02,SMH,SWKS,"Skyworks Solutions, Inc.",0.19,1911662.0,,"stockanalysis.com (백업 소스, 운용사 EOD 데이터 재게시)",2026-08-02T05:44:18+00:00
2026-08-02,SMH,TER,"Teradyne, Inc.",1.29,2511514.0,,"stockanalysis.com (백업 소스, 운용사 EOD 데이터 재게시)",2026-08-02T05:44:18+00:00
2026-08-02,SMH,TSM,Taiwan Semiconductor Manufacturing Company Limited,9.51,15839226.0,,"stockanalysis.com (백업 소스, 운용사 EOD 데이터 재게시)",2026-08-02T05:44:18+00:00
2026-08-02,SMH,TXN,Texas Instruments Incorporated,4.95,11393085.0,,"stockanalysis.com (백업 소스, 운용사 EOD 데이터 재게시)",2026-08-02T05:44:18+00:00
2026-08-02,SOXQ,ADI,"Analog Devices, Inc.",4.23,279431.0,,"stockanalysis.com (백업 소스, 운용사 EOD 데이터 재게시)",2026-08-02T05:44:18+00:00
2026-08-02,SOXQ,ALAB,"Astera Labs, Inc.",2.02,188486.0,,"stockanalysis.com (백업 소스, 운용사 EOD 데이터 재게시)",2026-08-02T05:44:18+00:00
2026-08-02,SOXQ,AMAT,"Applied Materials, Inc.",4.81,256927.0,,"stockanalysis.com (백업 소스, 운용사 EOD 데이터 재게시)",2026-08-02T05:44:18+00:00
2026-08-02,SOXQ,AMD,"Advanced Micro Devices, Inc.",4.12,224073.0,,"stockanalysis.com (백업 소스, 운용사 EOD 데이터 재게시)",2026-08-02T05:44:18+00:00
2026-08-02,SOXQ,ARM,Arm Holdings plc,1.5,155467.0,,"stockanalysis.com (백업 소스, 운용사 EOD 데이터 재게시)",2026-08-02T05:44:18+00:00
2026-08-02,SOXQ,ASML,ASML Holding N.V.,4.77,71768.0,,"stockanalysis.com (백업 소스, 운용사 EOD 데이터 재게시)",2026-08-02T05:44:18+00:00
2026-08-02,SOXQ,AVGO,Broadcom Inc.,10.27,647074.0,,"stockanalysis.com (백업 소스, 운용사 EOD 데이터 재게시)",2026-08-02T05:44:18+00:00
2026-08-02,SOXQ,COHR,Coherent Corp.,2.05,215162.0,,"stockanalysis.com (백업 소스, 운용사 EOD 데이터 재게시)",2026-08-02T05:44:18+00:00
2026-08-02,SOXQ,CRDO,Credo Technology Group Holding Ltd,1.54,202810.0,,"stockanalysis.com (백업 소스, 운용사 EOD 데이터 재게시)",2026-08-02T05:44:18+00:00
2026-08-02,SOXQ,GFS,GLOBALFOUNDRIES Inc.,1.22,603635.0,,"stockanalysis.com (백업 소스, 운용사 EOD 데이터 재게시)",2026-08-02T05:44:18+00:00
2026-08-02,SOXQ,INTC,Intel Corporation,3.54,1008408.0,,"stockanalysis.com (백업 소스, 운용사 EOD 데이터 재게시)",2026-08-02T05:44:18+00:00
2026-08-02,SOXQ,KLAC,KLA Corporation,4.39,601732.0,,"stockanalysis.com (백업 소스, 운용사 EOD 데이터 재게시)",2026-08-02T05:44:18+00:00
2026-08-02,SOXQ,LRCX,Lam Research Corporation,3.93,363417.0,,"stockanalysis.com (백업 소스, 운용사 EOD 데이터 재게시)",2026-08-02T05:44:18+00:00
2026-08-02,SOXQ,MCHP,Microchip Technology Incorporated,1.82,596004.0,,"stockanalysis.com (백업 소스, 운용사 EOD 데이터 재게시)",2026-08-02T05:44:18+00:00
2026-08-02,SOXQ,MPWR,"Monolithic Power Systems, Inc.",2.89,54008.0,,"stockanalysis.com (백업 소스, 운용사 EOD 데이터 재게시)",2026-08-02T05:44:18+00:00
2026-08-02,SOXQ,MRVL,"Marvell Technology, Inc.",3.95,564154.0,,"stockanalysis.com (백업 소스, 운용사 EOD 데이터 재게시)",2026-08-02T05:44:18+00:00
2026-08-02,SOXQ,MTSI,"MACOM Technology Solutions Holdings, Inc.",0.82,83870.0,,"stockanalysis.com (백업 소스, 운용사 EOD 데이터 재게시)",2026-08-02T05:44:18+00:00
2026-08-02,SOXQ,MU,"Micron Technology, Inc.",7.54,238203.0,,"stockanalysis.com (백업 소스, 운용사 EOD 데이터 재게시)",2026-08-02T05:44:18+00:00
2026-08-02,SOXQ,NVDA,NVIDIA Corporation,13.38,1643061.0,,"stockanalysis.com (백업 소스, 운용사 EOD 데이터 재게시)",2026-08-02T05:44:18+00:00
2026-08-02,SOXQ,NXPI,NXP Semiconductors N.V.,2.87,277644.0,,"stockanalysis.com (백업 소스, 운용사 EOD 데이터 재게시)",2026-08-02T05:44:18+00:00
2026-08-02,SOXQ,ON,ON Semiconductor Corporation,1.46,430938.0,,"stockanalysis.com (백업 소스, 운용사 EOD 데이터 재게시)",2026-08-02T05:44:18+00:00
2026-08-02,SOXQ,QCOM,QUALCOMM Incorporated,3.07,460720.0,,"stockanalysis.com (백업 소스, 운용사 EOD 데이터 재게시)",2026-08-02T05:44:18+00:00
2026-08-02,SOXQ,TER,"Teradyne, Inc.",2.36,172074.0,,"stockanalysis.com (백업 소스, 운용사 EOD 데이터 재게시)",2026-08-02T05:44:18+00:00
2026-08-02,SOXQ,TSM,Taiwan Semiconductor Manufacturing Company Limited,4.44,276384.0,,"stockanalysis.com (백업 소스, 운용사 EOD 데이터 재게시)",2026-08-02T05:44:18+00:00
2026-08-02,SOXQ,TXN,Texas Instruments Incorporated,4.4,378357.0,,"stockanalysis.com (백업 소스, 운용사 EOD 데이터 재게시)",2026-08-02T05:44:18+00:00
2026-08-02,SOXX,ADI,"Analog Devices, Inc.",4.04,4931968.0,,"stockanalysis.com (백업 소스, 운용사 EOD 데이터 재게시)",2026-08-02T05:44:18+00:00
2026-08-02,SOXX,ALAB,"Astera Labs, Inc.",2.38,3553693.0,,"stockanalysis.com (백업 소스, 운용사 EOD 데이터 재게시)",2026-08-02T05:44:18+00:00
2026-08-02,SOXX,AMAT,"Applied Materials, Inc.",5.08,4535098.0,,"stockanalysis.com (백업 소스, 운용사 EOD 데이터 재게시)",2026-08-02T05:44:18+00:00
2026-08-02,SOXX,AMD,"Advanced Micro Devices, Inc.",8.57,7909457.0,,"stockanalysis.com (백업 소스, 운용사 EOD 데이터 재게시)",2026-08-02T05:44:18+00:00
2026-08-02,SOXX,ASML,ASML Holding N.V.,2.43,657772.0,,"stockanalysis.com (백업 소스, 운용사 EOD 데이터 재게시)",2026-08-02T05:44:18+00:00
2026-08-02,SOXX,ASX,"ASE Technology Holding Co., Ltd.",1.19,15308674.0,,"stockanalysis.com (백업 소스, 운용사 EOD 데이터 재게시)",2026-08-02T05:44:18+00:00
2026-08-02,SOXX,AVGO,Broadcom Inc.,7.91,9136759.0,,"stockanalysis.com (백업 소스, 운용사 EOD 데이터 재게시)",2026-08-02T05:44:18+00:00
2026-08-02,SOXX,CRDO,Credo Technology Group Holding Ltd,1.89,4200420.0,,"stockanalysis.com (백업 소스, 운용사 EOD 데이터 재게시)",2026-08-02T05:44:18+00:00
2026-08-02,SOXX,ENTG,"Entegris, Inc.",1.01,3849265.0,,"stockanalysis.com (백업 소스, 운용사 EOD 데이터 재게시)",2026-08-02T05:44:18+00:00
2026-08-02,SOXX,INTC,Intel Corporation,5.24,25747913.0,,"stockanalysis.com (백업 소스, 운용사 EOD 데이터 재게시)",2026-08-02T05:44:18+00:00
2026-08-02,SOXX,KLAC,KLA Corporation,4.28,10620817.0,,"stockanalysis.com (백업 소스, 운용사 EOD 데이터 재게시)",2026-08-02T05:44:18+00:00
2026-08-02,SOXX,LRCX,Lam Research Corporation,4.27,6414727.0,,"stockanalysis.com (백업 소스, 운용사 EOD 데이터 재게시)",2026-08-02T05:44:18+00:00
2026-08-02,SOXX,MCHP,Microchip Technology Incorporated,2.26,13496407.0,,"stockanalysis.com (백업 소스, 운용사 EOD 데이터 재게시)",2026-08-02T05:44:18+00:00
2026-08-02,SOXX,MPWR,"Monolithic Power Systems, Inc.",3.54,1203164.0,,"stockanalysis.com (백업 소스, 운용사 EOD 데이터 재게시)",2026-08-02T05:44:18+00:00
2026-08-02,SOXX,MRVL,"Marvell Technology, Inc.",4.08,9956474.0,,"stockanalysis.com (백업 소스, 운용사 EOD 데이터 재게시)",2026-08-02T05:44:18+00:00
2026-08-02,SOXX,MTSI,"MACOM Technology Solutions Holdings, Inc.",0.97,1752314.0,,"stockanalysis.com (백업 소스, 운용사 EOD 데이터 재게시)",2026-08-02T05:44:18+00:00
2026-08-02,SOXX,MU,"Micron Technology, Inc.",8.21,4203949.0,,"stockanalysis.com (백업 소스, 운용사 EOD 데이터 재게시)",2026-08-02T05:44:18+00:00
2026-08-02,SOXX,NVDA,NVIDIA Corporation,8.42,19333392.0,,"stockanalysis.com (백업 소스, 운용사 EOD 데이터 재게시)",2026-08-02T05:44:18+00:00
2026-08-02,SOXX,NXPI,NXP Semiconductors N.V.,3.48,6351346.0,,"stockanalysis.com (백업 소스, 운용사 EOD 데이터 재게시)",2026-08-02T05:44:18+00:00
2026-08-02,SOXX,ON,ON Semiconductor Corporation,1.85,9893606.0,,"stockanalysis.com (백업 소스, 운용사 EOD 데이터 재게시)",2026-08-02T05:44:18+00:00
2026-08-02,SOXX,QCOM,QUALCOMM Incorporated,2.75,8130981.0,,"stockanalysis.com (백업 소스, 운용사 EOD 데이터 재게시)",2026-08-02T05:44:18+00:00
2026-08-02,SOXX,TER,"Teradyne, Inc.",3.22,3949796.0,,"stockanalysis.com (백업 소스, 운용사 EOD 데이터 재게시)",2026-08-02T05:44:18+00:00
2026-08-02,SOXX,TSM,Taiwan Semiconductor Manufacturing Company Limited,4.57,5070385.0,,"stockanalysis.com (백업 소스, 운용사 EOD 데이터 재게시)",2026-08-02T05:44:18+00:00
2026-08-02,SOXX,TXN,Texas Instruments Incorporated,4.16,6677070.0,,"stockanalysis.com (백업 소스, 운용사 EOD 데이터 재게시)",2026-08-02T05:44:18+00:00
2026-08-02,SOXX,UMC,United Microelectronics Corporation,0.9,21223232.0,,"stockanalysis.com (백업 소스, 운용사 EOD 데이터 재게시)",2026-08-02T05:44:18+00:00
2026-08-03,SMH,ADI,"Analog Devices, Inc.",4.63,8182333.0,,"stockanalysis.com (백업 소스, 운용사 EOD 데이터 재게시)",2026-08-03T06:00:17+00:00
2026-08-03,SMH,ALAB,"Astera Labs, Inc.",0.86,2142863.0,,"stockanalysis.com (백업 소스, 운용사 EOD 데이터 재게시)",2026-08-03T06:00:17+00:00
2026-08-03,SMH,AMAT,"Applied Materials, Inc.",4.52,6464606.0,,"stockanalysis.com (백업 소스, 운용사 EOD 데이터 재게시)",2026-08-03T06:00:17+00:00
2026-08-03,SMH,AMD,"Advanced Micro Devices, Inc.",5.43,7891174.0,,"stockanalysis.com (백업 소스, 운용사 EOD 데이터 재게시)",2026-08-03T06:00:17+00:00
2026-08-03,SMH,ARM,Arm Holdings plc,0.96,2670532.0,,"stockanalysis.com (백업 소스, 운용사 EOD 데이터 재게시)",2026-08-03T06:00:17+00:00
2026-08-03,SMH,ASML,ASML Holding N.V.,5.12,2058555.0,,"stockanalysis.com (백업 소스, 운용사 EOD 데이터 재게시)",2026-08-03T06:00:17+00:00
2026-08-03,SMH,AVGO,Broadcom Inc.,6.73,11346476.0,,"stockanalysis.com (백업 소스, 운용사 EOD 데이터 재게시)",2026-08-03T06:00:17+00:00
2026-08-03,SMH,CDNS,"Cadence Design Systems, Inc.",2.48,4655026.0,,"stockanalysis.com (백업 소스, 운용사 EOD 데이터 재게시)",2026-08-03T06:00:17+00:00
2026-08-03,SMH,INTC,Intel Corporation,3.94,30014210.0,,"stockanalysis.com (백업 소스, 운용사 EOD 데이터 재게시)",2026-08-03T06:00:17+00:00
2026-08-03,SMH,KLAC,KLA Corporation,4.1,15041611.0,,"stockanalysis.com (백업 소스, 운용사 EOD 데이터 재게시)",2026-08-03T06:00:17+00:00
2026-08-03,SMH,LRCX,Lam Research Corporation,4.04,9982435.0,,"stockanalysis.com (백업 소스, 운용사 EOD 데이터 재게시)",2026-08-03T06:00:17+00:00
2026-08-03,SMH,MCHP,Microchip Technology Incorporated,0.92,8019347.0,,"stockanalysis.com (백업 소스, 운용사 EOD 데이터 재게시)",2026-08-03T06:00:17+00:00
2026-08-03,SMH,MPWR,"Monolithic Power Systems, Inc.",1.43,716544.0,,"stockanalysis.com (백업 소스, 운용사 EOD 데이터 재게시)",2026-08-03T06:00:17+00:00
2026-08-03,SMH,MRVL,"Marvell Technology, Inc.",3.33,12720094.0,,"stockanalysis.com (백업 소스, 운용사 EOD 데이터 재게시)",2026-08-03T06:00:17+00:00
2026-08-03,SMH,MU,"Micron Technology, Inc.",4.74,4002700.0,,"stockanalysis.com (백업 소스, 운용사 EOD 데이터 재게시)",2026-08-03T06:00:17+00:00
2026-08-03,SMH,NVDA,NVIDIA Corporation,21.7,71249669.0,,"stockanalysis.com (백업 소스, 운용사 EOD 데이터 재게시)",2026-08-03T06:00:17+00:00
2026-08-03,SMH,NXPI,NXP Semiconductors N.V.,1.28,3314094.0,,"stockanalysis.com (백업 소스, 운용사 EOD 데이터 재게시)",2026-08-03T06:00:17+00:00
2026-08-03,SMH,ON,ON Semiconductor Corporation,0.63,4981134.0,,"stockanalysis.com (백업 소스, 운용사 EOD 데이터 재게시)",2026-08-03T06:00:17+00:00
2026-08-03,SMH,QCOM,QUALCOMM Incorporated,4.11,16471011.0,,"stockanalysis.com (백업 소스, 운용사 EOD 데이터 재게시)",2026-08-03T06:00:17+00:00
2026-08-03,SMH,SNPS,"Synopsys, Inc.",1.96,3271534.0,,"stockanalysis.com (백업 소스, 운용사 EOD 데이터 재게시)",2026-08-03T06:00:17+00:00
2026-08-03,SMH,STM,STMicroelectronics N.V.,1.06,13671089.0,,"stockanalysis.com (백업 소스, 운용사 EOD 데이터 재게시)",2026-08-03T06:00:17+00:00
2026-08-03,SMH,SWKS,"Skyworks Solutions, Inc.",0.19,1911662.0,,"stockanalysis.com (백업 소스, 운용사 EOD 데이터 재게시)",2026-08-03T06:00:17+00:00
2026-08-03,SMH,TER,"Teradyne, Inc.",1.29,2511514.0,,"stockanalysis.com (백업 소스, 운용사 EOD 데이터 재게시)",2026-08-03T06:00:17+00:00
2026-08-03,SMH,TSM,Taiwan Semiconductor Manufacturing Company Limited,9.51,15839226.0,,"stockanalysis.com (백업 소스, 운용사 EOD 데이터 재게시)",2026-08-03T06:00:17+00:00
2026-08-03,SMH,TXN,Texas Instruments Incorporated,4.95,11393085.0,,"stockanalysis.com (백업 소스, 운용사 EOD 데이터 재게시)",2026-08-03T06:00:17+00:00
2026-08-03,SOXQ,ADI,"Analog Devices, Inc.",4.06,281401.0,,"stockanalysis.com (백업 소스, 운용사 EOD 데이터 재게시)",2026-08-03T06:00:17+00:00
2026-08-03,SOXQ,ALAB,"Astera Labs, Inc.",2.24,189816.0,,"stockanalysis.com (백업 소스, 운용사 EOD 데이터 재게시)",2026-08-03T06:00:17+00:00
2026-08-03,SOXQ,AMAT,"Applied Materials, Inc.",5.11,258737.0,,"stockanalysis.com (백업 소스, 운용사 EOD 데이터 재게시)",2026-08-03T06:00:17+00:00
2026-08-03,SOXQ,AMD,"Advanced Micro Devices, Inc.",4.31,225653.0,,"stockanalysis.com (백업 소스, 운용사 EOD 데이터 재게시)",2026-08-03T06:00:17+00:00
2026-08-03,SOXQ,ARM,Arm Holdings plc,1.49,156567.0,,"stockanalysis.com (백업 소스, 운용사 EOD 데이터 재게시)",2026-08-03T06:00:17+00:00
2026-08-03,SOXQ,ASML,ASML Holding N.V.,4.69,72278.0,,"stockanalysis.com (백업 소스, 운용사 EOD 데이터 재게시)",2026-08-03T06:00:17+00:00
2026-08-03,SOXQ,AVGO,Broadcom Inc.,9.94,651634.0,,"stockanalysis.com (백업 소스, 운용사 EOD 데이터 재게시)",2026-08-03T06:00:17+00:00
2026-08-03,SOXQ,COHR,Coherent Corp.,2.12,216682.0,,"stockanalysis.com (백업 소스, 운용사 EOD 데이터 재게시)",2026-08-03T06:00:17+00:00
2026-08-03,SOXQ,CRDO,Credo Technology Group Holding Ltd,1.62,204240.0,,"stockanalysis.com (백업 소스, 운용사 EOD 데이터 재게시)",2026-08-03T06:00:17+00:00
2026-08-03,SOXQ,GFS,GLOBALFOUNDRIES Inc.,1.19,607885.0,,"stockanalysis.com (백업 소스, 운용사 EOD 데이터 재게시)",2026-08-03T06:00:17+00:00
2026-08-03,SOXQ,INTC,Intel Corporation,3.64,1015518.0,,"stockanalysis.com (백업 소스, 운용사 EOD 데이터 재게시)",2026-08-03T06:00:17+00:00
2026-08-03,SOXQ,KLAC,KLA Corporation,4.3,605972.0,,"stockanalysis.com (백업 소스, 운용사 EOD 데이터 재게시)",2026-08-03T06:00:17+00:00
2026-08-03,SOXQ,LRCX,Lam Research Corporation,4.29,365977.0,,"stockanalysis.com (백업 소스, 운용사 EOD 데이터 재게시)",2026-08-03T06:00:17+00:00
2026-08-03,SOXQ,MCHP,Microchip Technology Incorporated,1.77,600204.0,,"stockanalysis.com (백업 소스, 운용사 EOD 데이터 재게시)",2026-08-03T06:00:17+00:00
2026-08-03,SOXQ,MPWR,"Monolithic Power Systems, Inc.",2.82,54388.0,,"stockanalysis.com (백업 소스, 운용사 EOD 데이터 재게시)",2026-08-03T06:00:17+00:00
2026-08-03,SOXQ,MRVL,"Marvell Technology, Inc.",4.1,568134.0,,"stockanalysis.com (백업 소스, 운용사 EOD 데이터 재게시)",2026-08-03T06:00:17+00:00
2026-08-03,SOXQ,MTSI,"MACOM Technology Solutions Holdings, Inc.",0.83,84460.0,,"stockanalysis.com (백업 소스, 운용사 EOD 데이터 재게시)",2026-08-03T06:00:17+00:00
2026-08-03,SOXQ,MU,"Micron Technology, Inc.",8.25,239883.0,,"stockanalysis.com (백업 소스, 운용사 EOD 데이터 재게시)",2026-08-03T06:00:17+00:00
2026-08-03,SOXQ,NVDA,NVIDIA Corporation,12.69,1654641.0,,"stockanalysis.com (백업 소스, 운용사 EOD 데이터 재게시)",2026-08-03T06:00:17+00:00
2026-08-03,SOXQ,NXPI,NXP Semiconductors N.V.,2.7,279604.0,,"stockanalysis.com (백업 소스, 운용사 EOD 데이터 재게시)",2026-08-03T06:00:17+00:00
2026-08-03,SOXQ,ON,ON Semiconductor Corporation,1.43,433978.0,,"stockanalysis.com (백업 소스, 운용사 EOD 데이터 재게시)",2026-08-03T06:00:17+00:00
2026-08-03,SOXQ,QCOM,QUALCOMM Incorporated,2.77,463970.0,,"stockanalysis.com (백업 소스, 운용사 EOD 데이터 재게시)",2026-08-03T06:00:17+00:00
2026-08-03,SOXQ,TER,"Teradyne, Inc.",2.49,173284.0,,"stockanalysis.com (백업 소스, 운용사 EOD 데이터 재게시)",2026-08-03T06:00:17+00:00
2026-08-03,SOXQ,TSM,Taiwan Semiconductor Manufacturing Company Limited,4.42,278334.0,,"stockanalysis.com (백업 소스, 운용사 EOD 데이터 재게시)",2026-08-03T06:00:17+00:00
2026-08-03,SOXQ,TXN,Texas Instruments Incorporated,4.18,381027.0,,"stockanalysis.com (백업 소스, 운용사 EOD 데이터 재게시)",2026-08-03T06:00:17+00:00
2026-08-03,SOXX,ADI,"Analog Devices, Inc.",4.04,4931968.0,,"stockanalysis.com (백업 소스, 운용사 EOD 데이터 재게시)",2026-08-03T06:00:17+00:00
2026-08-03,SOXX,ALAB,"Astera Labs, Inc.",2.38,3553693.0,,"stockanalysis.com (백업 소스, 운용사 EOD 데이터 재게시)",2026-08-03T06:00:17+00:00
2026-08-03,SOXX,AMAT,"Applied Materials, Inc.",5.08,4535098.0,,"stockanalysis.com (백업 소스, 운용사 EOD 데이터 재게시)",2026-08-03T06:00:17+00:00
2026-08-03,SOXX,AMD,"Advanced Micro Devices, Inc.",8.57,7909457.0,,"stockanalysis.com (백업 소스, 운용사 EOD 데이터 재게시)",2026-08-03T06:00:17+00:00
2026-08-03,SOXX,ASML,ASML Holding N.V.,2.43,657772.0,,"stockanalysis.com (백업 소스, 운용사 EOD 데이터 재게시)",2026-08-03T06:00:17+00:00
2026-08-03,SOXX,ASX,"ASE Technology Holding Co., Ltd.",1.19,15308674.0,,"stockanalysis.com (백업 소스, 운용사 EOD 데이터 재게시)",2026-08-03T06:00:17+00:00
2026-08-03,SOXX,AVGO,Broadcom Inc.,7.91,9136759.0,,"stockanalysis.com (백업 소스, 운용사 EOD 데이터 재게시)",2026-08-03T06:00:17+00:00
2026-08-03,SOXX,CRDO,Credo Technology Group Holding Ltd,1.89,4200420.0,,"stockanalysis.com (백업 소스, 운용사 EOD 데이터 재게시)",2026-08-03T06:00:17+00:00
2026-08-03,SOXX,ENTG,"Entegris, Inc.",1.01,3849265.0,,"stockanalysis.com (백업 소스, 운용사 EOD 데이터 재게시)",2026-08-03T06:00:17+00:00
2026-08-03,SOXX,INTC,Intel Corporation,5.24,25747913.0,,"stockanalysis.com (백업 소스, 운용사 EOD 데이터 재게시)",2026-08-03T06:00:17+00:00
2026-08-03,SOXX,KLAC,KLA Corporation,4.28,10620817.0,,"stockanalysis.com (백업 소스, 운용사 EOD 데이터 재게시)",2026-08-03T06:00:17+00:00
2026-08-03,SOXX,LRCX,Lam Research Corporation,4.27,6414727.0,,"stockanalysis.com (백업 소스, 운용사 EOD 데이터 재게시)",2026-08-03T06:00:17+00:00
2026-08-03,SOXX,MCHP,Microchip Technology Incorporated,2.26,13496407.0,,"stockanalysis.com (백업 소스, 운용사 EOD 데이터 재게시)",2026-08-03T06:00:17+00:00
2026-08-03,SOXX,MPWR,"Monolithic Power Systems, Inc.",3.54,1203164.0,,"stockanalysis.com (백업 소스, 운용사 EOD 데이터 재게시)",2026-08-03T06:00:17+00:00
2026-08-03,SOXX,MRVL,"Marvell Technology, Inc.",4.08,9956474.0,,"stockanalysis.com (백업 소스, 운용사 EOD 데이터 재게시)",2026-08-03T06:00:17+00:00
2026-08-03,SOXX,MTSI,"MACOM Technology Solutions Holdings, Inc.",0.97,1752314.0,,"stockanalysis.com (백업 소스, 운용사 EOD 데이터 재게시)",2026-08-03T06:00:17+00:00
2026-08-03,SOXX,MU,"Micron Technology, Inc.",8.21,4203949.0,,"stockanalysis.com (백업 소스, 운용사 EOD 데이터 재게시)",2026-08-03T06:00:17+00:00
2026-08-03,SOXX,NVDA,NVIDIA Corporation,8.42,19333392.0,,"stockanalysis.com (백업 소스, 운용사 EOD 데이터 재게시)",2026-08-03T06:00:17+00:00
2026-08-03,SOXX,NXPI,NXP Semiconductors N.V.,3.48,6351346.0,,"stockanalysis.com (백업 소스, 운용사 EOD 데이터 재게시)",2026-08-03T06:00:17+00:00
2026-08-03,SOXX,ON,ON Semiconductor Corporation,1.85,9893606.0,,"stockanalysis.com (백업 소스, 운용사 EOD 데이터 재게시)",2026-08-03T06:00:17+00:00
2026-08-03,SOXX,QCOM,QUALCOMM Incorporated,2.75,8130981.0,,"stockanalysis.com (백업 소스, 운용사 EOD 데이터 재게시)",2026-08-03T06:00:17+00:00
2026-08-03,SOXX,TER,"Teradyne, Inc.",3.22,3949796.0,,"stockanalysis.com (백업 소스, 운용사 EOD 데이터 재게시)",2026-08-03T06:00:17+00:00
2026-08-03,SOXX,TSM,Taiwan Semiconductor Manufacturing Company Limited,4.57,5070385.0,,"stockanalysis.com (백업 소스, 운용사 EOD 데이터 재게시)",2026-08-03T06:00:17+00:00
2026-08-03,SOXX,TXN,Texas Instruments Incorporated,4.16,6677070.0,,"stockanalysis.com (백업 소스, 운용사 EOD 데이터 재게시)",2026-08-03T06:00:17+00:00
2026-08-03,SOXX,UMC,United Microelectronics Corporation,0.9,21223232.0,,"stockanalysis.com (백업 소스, 운용사 EOD 데이터 재게시)",2026-08-03T06:00:17+00:00
2026-08-04,SMH,ADI,"Analog Devices, Inc.",4.63,8182333.0,,"stockanalysis.com (백업 소스, 운용사 EOD 데이터 재게시)",2026-08-04T05:35:27+00:00
2026-08-04,SMH,ALAB,"Astera Labs, Inc.",0.86,2142863.0,,"stockanalysis.com (백업 소스, 운용사 EOD 데이터 재게시)",2026-08-04T05:35:27+00:00
2026-08-04,SMH,AMAT,"Applied Materials, Inc.",4.52,6464606.0,,"stockanalysis.com (백업 소스, 운용사 EOD 데이터 재게시)",2026-08-04T05:35:27+00:00
2026-08-04,SMH,AMD,"Advanced Micro Devices, Inc.",5.43,7891174.0,,"stockanalysis.com (백업 소스, 운용사 EOD 데이터 재게시)",2026-08-04T05:35:27+00:00
2026-08-04,SMH,ARM,Arm Holdings plc,0.96,2670532.0,,"stockanalysis.com (백업 소스, 운용사 EOD 데이터 재게시)",2026-08-04T05:35:27+00:00
2026-08-04,SMH,ASML,ASML Holding N.V.,5.12,2058555.0,,"stockanalysis.com (백업 소스, 운용사 EOD 데이터 재게시)",2026-08-04T05:35:27+00:00
2026-08-04,SMH,AVGO,Broadcom Inc.,6.73,11346476.0,,"stockanalysis.com (백업 소스, 운용사 EOD 데이터 재게시)",2026-08-04T05:35:27+00:00
2026-08-04,SMH,CDNS,"Cadence Design Systems, Inc.",2.48,4655026.0,,"stockanalysis.com (백업 소스, 운용사 EOD 데이터 재게시)",2026-08-04T05:35:27+00:00
2026-08-04,SMH,INTC,Intel Corporation,3.94,30014210.0,,"stockanalysis.com (백업 소스, 운용사 EOD 데이터 재게시)",2026-08-04T05:35:27+00:00
2026-08-04,SMH,KLAC,KLA Corporation,4.1,15041611.0,,"stockanalysis.com (백업 소스, 운용사 EOD 데이터 재게시)",2026-08-04T05:35:27+00:00
2026-08-04,SMH,LRCX,Lam Research Corporation,4.04,9982435.0,,"stockanalysis.com (백업 소스, 운용사 EOD 데이터 재게시)",2026-08-04T05:35:27+00:00
2026-08-04,SMH,MCHP,Microchip Technology Incorporated,0.92,8019347.0,,"stockanalysis.com (백업 소스, 운용사 EOD 데이터 재게시)",2026-08-04T05:35:27+00:00
2026-08-04,SMH,MPWR,"Monolithic Power Systems, Inc.",1.43,716544.0,,"stockanalysis.com (백업 소스, 운용사 EOD 데이터 재게시)",2026-08-04T05:35:27+00:00
2026-08-04,SMH,MRVL,"Marvell Technology, Inc.",3.33,12720094.0,,"stockanalysis.com (백업 소스, 운용사 EOD 데이터 재게시)",2026-08-04T05:35:27+00:00
2026-08-04,SMH,MU,"Micron Technology, Inc.",4.74,4002700.0,,"stockanalysis.com (백업 소스, 운용사 EOD 데이터 재게시)",2026-08-04T05:35:27+00:00
2026-08-04,SMH,NVDA,NVIDIA Corporation,21.7,71249669.0,,"stockanalysis.com (백업 소스, 운용사 EOD 데이터 재게시)",2026-08-04T05:35:27+00:00
2026-08-04,SMH,NXPI,NXP Semiconductors N.V.,1.28,3314094.0,,"stockanalysis.com (백업 소스, 운용사 EOD 데이터 재게시)",2026-08-04T05:35:27+00:00
2026-08-04,SMH,ON,ON Semiconductor Corporation,0.63,4981134.0,,"stockanalysis.com (백업 소스, 운용사 EOD 데이터 재게시)",2026-08-04T05:35:27+00:00
2026-08-04,SMH,QCOM,QUALCOMM Incorporated,4.11,16471011.0,,"stockanalysis.com (백업 소스, 운용사 EOD 데이터 재게시)",2026-08-04T05:35:27+00:00
2026-08-04,SMH,SNPS,"Synopsys, Inc.",1.96,3271534.0,,"stockanalysis.com (백업 소스, 운용사 EOD 데이터 재게시)",2026-08-04T05:35:27+00:00
2026-08-04,SMH,STM,STMicroelectronics N.V.,1.06,13671089.0,,"stockanalysis.com (백업 소스, 운용사 EOD 데이터 재게시)",2026-08-04T05:35:27+00:00
2026-08-04,SMH,SWKS,"Skyworks Solutions, Inc.",0.19,1911662.0,,"stockanalysis.com (백업 소스, 운용사 EOD 데이터 재게시)",2026-08-04T05:35:27+00:00
2026-08-04,SMH,TER,"Teradyne, Inc.",1.29,2511514.0,,"stockanalysis.com (백업 소스, 운용사 EOD 데이터 재게시)",2026-08-04T05:35:27+00:00
2026-08-04,SMH,TSM,Taiwan Semiconductor Manufacturing Company Limited,9.51,15839226.0,,"stockanalysis.com (백업 소스, 운용사 EOD 데이터 재게시)",2026-08-04T05:35:27+00:00
2026-08-04,SMH,TXN,Texas Instruments Incorporated,4.95,11393085.0,,"stockanalysis.com (백업 소스, 운용사 EOD 데이터 재게시)",2026-08-04T05:35:27+00:00
2026-08-04,SOXQ,ADI,"Analog Devices, Inc.",4.06,281401.0,,"stockanalysis.com (백업 소스, 운용사 EOD 데이터 재게시)",2026-08-04T05:35:27+00:00
2026-08-04,SOXQ,ALAB,"Astera Labs, Inc.",2.24,189816.0,,"stockanalysis.com (백업 소스, 운용사 EOD 데이터 재게시)",2026-08-04T05:35:27+00:00
2026-08-04,SOXQ,AMAT,"Applied Materials, Inc.",5.11,258737.0,,"stockanalysis.com (백업 소스, 운용사 EOD 데이터 재게시)",2026-08-04T05:35:27+00:00
2026-08-04,SOXQ,AMD,"Advanced Micro Devices, Inc.",4.31,225653.0,,"stockanalysis.com (백업 소스, 운용사 EOD 데이터 재게시)",2026-08-04T05:35:27+00:00
2026-08-04,SOXQ,ARM,Arm Holdings plc,1.49,156567.0,,"stockanalysis.com (백업 소스, 운용사 EOD 데이터 재게시)",2026-08-04T05:35:27+00:00
2026-08-04,SOXQ,ASML,ASML Holding N.V.,4.69,72278.0,,"stockanalysis.com (백업 소스, 운용사 EOD 데이터 재게시)",2026-08-04T05:35:27+00:00
2026-08-04,SOXQ,AVGO,Broadcom Inc.,9.94,651634.0,,"stockanalysis.com (백업 소스, 운용사 EOD 데이터 재게시)",2026-08-04T05:35:27+00:00
2026-08-04,SOXQ,COHR,Coherent Corp.,2.12,216682.0,,"stockanalysis.com (백업 소스, 운용사 EOD 데이터 재게시)",2026-08-04T05:35:27+00:00
2026-08-04,SOXQ,CRDO,Credo Technology Group Holding Ltd,1.62,204240.0,,"stockanalysis.com (백업 소스, 운용사 EOD 데이터 재게시)",2026-08-04T05:35:27+00:00
2026-08-04,SOXQ,GFS,GLOBALFOUNDRIES Inc.,1.19,607885.0,,"stockanalysis.com (백업 소스, 운용사 EOD 데이터 재게시)",2026-08-04T05:35:27+00:00
2026-08-04,SOXQ,INTC,Intel Corporation,3.64,1015518.0,,"stockanalysis.com (백업 소스, 운용사 EOD 데이터 재게시)",2026-08-04T05:35:27+00:00
2026-08-04,SOXQ,KLAC,KLA Corporation,4.3,605972.0,,"stockanalysis.com (백업 소스, 운용사 EOD 데이터 재게시)",2026-08-04T05:35:27+00:00
2026-08-04,SOXQ,LRCX,Lam Research Corporation,4.29,365977.0,,"stockanalysis.com (백업 소스, 운용사 EOD 데이터 재게시)",2026-08-04T05:35:27+00:00
2026-08-04,SOXQ,MCHP,Microchip Technology Incorporated,1.77,600204.0,,"stockanalysis.com (백업 소스, 운용사 EOD 데이터 재게시)",2026-08-04T05:35:27+00:00
2026-08-04,SOXQ,MPWR,"Monolithic Power Systems, Inc.",2.82,54388.0,,"stockanalysis.com (백업 소스, 운용사 EOD 데이터 재게시)",2026-08-04T05:35:27+00:00
2026-08-04,SOXQ,MRVL,"Marvell Technology, Inc.",4.1,568134.0,,"stockanalysis.com (백업 소스, 운용사 EOD 데이터 재게시)",2026-08-04T05:35:27+00:00
2026-08-04,SOXQ,MTSI,"MACOM Technology Solutions Holdings, Inc.",0.83,84460.0,,"stockanalysis.com (백업 소스, 운용사 EOD 데이터 재게시)",2026-08-04T05:35:27+00:00
2026-08-04,SOXQ,MU,"Micron Technology, Inc.",8.25,239883.0,,"stockanalysis.com (백업 소스, 운용사 EOD 데이터 재게시)",2026-08-04T05:35:27+00:00
2026-08-04,SOXQ,NVDA,NVIDIA Corporation,12.69,1654641.0,,"stockanalysis.com (백업 소스, 운용사 EOD 데이터 재게시)",2026-08-04T05:35:27+00:00
2026-08-04,SOXQ,NXPI,NXP Semiconductors N.V.,2.7,279604.0,,"stockanalysis.com (백업 소스, 운용사 EOD 데이터 재게시)",2026-08-04T05:35:27+00:00
2026-08-04,SOXQ,ON,ON Semiconductor Corporation,1.43,433978.0,,"stockanalysis.com (백업 소스, 운용사 EOD 데이터 재게시)",2026-08-04T05:35:27+00:00
2026-08-04,SOXQ,QCOM,QUALCOMM Incorporated,2.77,463970.0,,"stockanalysis.com (백업 소스, 운용사 EOD 데이터 재게시)",2026-08-04T05:35:27+00:00
2026-08-04,SOXQ,TER,"Teradyne, Inc.",2.49,173284.0,,"stockanalysis.com (백업 소스, 운용사 EOD 데이터 재게시)",2026-08-04T05:35:27+00:00
2026-08-04,SOXQ,TSM,Taiwan Semiconductor Manufacturing Company Limited,4.42,278334.0,,"stockanalysis.com (백업 소스, 운용사 EOD 데이터 재게시)",2026-08-04T05:35:27+00:00
2026-08-04,SOXQ,TXN,Texas Instruments Incorporated,4.18,381027.0,,"stockanalysis.com (백업 소스, 운용사 EOD 데이터 재게시)",2026-08-04T05:35:27+00:00
2026-08-04,SOXX,ADI,"Analog Devices, Inc.",4.04,4931968.0,,"stockanalysis.com (백업 소스, 운용사 EOD 데이터 재게시)",2026-08-04T05:35:27+00:00
2026-08-04,SOXX,ALAB,"Astera Labs, Inc.",2.38,3553693.0,,"stockanalysis.com (백업 소스, 운용사 EOD 데이터 재게시)",2026-08-04T05:35:27+00:00
2026-08-04,SOXX,AMAT,"Applied Materials, Inc.",5.08,4535098.0,,"stockanalysis.com (백업 소스, 운용사 EOD 데이터 재게시)",2026-08-04T05:35:27+00:00
2026-08-04,SOXX,AMD,"Advanced Micro Devices, Inc.",8.57,7909457.0,,"stockanalysis.com (백업 소스, 운용사 EOD 데이터 재게시)",2026-08-04T05:35:27+00:00
2026-08-04,SOXX,ASML,ASML Holding N.V.,2.43,657772.0,,"stockanalysis.com (백업 소스, 운용사 EOD 데이터 재게시)",2026-08-04T05:35:27+00:00
2026-08-04,SOXX,ASX,"ASE Technology Holding Co., Ltd.",1.19,15308674.0,,"stockanalysis.com (백업 소스, 운용사 EOD 데이터 재게시)",2026-08-04T05:35:27+00:00
2026-08-04,SOXX,AVGO,Broadcom Inc.,7.91,9136759.0,,"stockanalysis.com (백업 소스, 운용사 EOD 데이터 재게시)",2026-08-04T05:35:27+00:00
2026-08-04,SOXX,CRDO,Credo Technology Group Holding Ltd,1.89,4200420.0,,"stockanalysis.com (백업 소스, 운용사 EOD 데이터 재게시)",2026-08-04T05:35:27+00:00
2026-08-04,SOXX,ENTG,"Entegris, Inc.",1.01,3849265.0,,"stockanalysis.com (백업 소스, 운용사 EOD 데이터 재게시)",2026-08-04T05:35:27+00:00
2026-08-04,SOXX,INTC,Intel Corporation,5.24,25747913.0,,"stockanalysis.com (백업 소스, 운용사 EOD 데이터 재게시)",2026-08-04T05:35:27+00:00
2026-08-04,SOXX,KLAC,KLA Corporation,4.28,10620817.0,,"stockanalysis.com (백업 소스, 운용사 EOD 데이터 재게시)",2026-08-04T05:35:27+00:00
2026-08-04,SOXX,LRCX,Lam Research Corporation,4.27,6414727.0,,"stockanalysis.com (백업 소스, 운용사 EOD 데이터 재게시)",2026-08-04T05:35:27+00:00
2026-08-04,SOXX,MCHP,Microchip Technology Incorporated,2.26,13496407.0,,"stockanalysis.com (백업 소스, 운용사 EOD 데이터 재게시)",2026-08-04T05:35:27+00:00
2026-08-04,SOXX,MPWR,"Monolithic Power Systems, Inc.",3.54,1203164.0,,"stockanalysis.com (백업 소스, 운용사 EOD 데이터 재게시)",2026-08-04T05:35:27+00:00
2026-08-04,SOXX,MRVL,"Marvell Technology, Inc.",4.08,9956474.0,,"stockanalysis.com (백업 소스, 운용사 EOD 데이터 재게시)",2026-08-04T05:35:27+00:00
2026-08-04,SOXX,MTSI,"MACOM Technology Solutions Holdings, Inc.",0.97,1752314.0,,"stockanalysis.com (백업 소스, 운용사 EOD 데이터 재게시)",2026-08-04T05:35:27+00:00
2026-08-04,SOXX,MU,"Micron Technology, Inc.",8.21,4203949.0,,"stockanalysis.com (백업 소스, 운용사 EOD 데이터 재게시)",2026-08-04T05:35:27+00:00
2026-08-04,SOXX,NVDA,NVIDIA Corporation,8.42,19333392.0,,"stockanalysis.com (백업 소스, 운용사 EOD 데이터 재게시)",2026-08-04T05:35:27+00:00
2026-08-04,SOXX,NXPI,NXP Semiconductors N.V.,3.48,6351346.0,,"stockanalysis.com (백업 소스, 운용사 EOD 데이터 재게시)",2026-08-04T05:35:27+00:00
2026-08-04,SOXX,ON,ON Semiconductor Corporation,1.85,9893606.0,,"stockanalysis.com (백업 소스, 운용사 EOD 데이터 재게시)",2026-08-04T05:35:27+00:00
2026-08-04,SOXX,QCOM,QUALCOMM Incorporated,2.75,8130981.0,,"stockanalysis.com (백업 소스, 운용사 EOD 데이터 재게시)",2026-08-04T05:35:27+00:00
2026-08-04,SOXX,TER,"Teradyne, Inc.",3.22,3949796.0,,"stockanalysis.com (백업 소스, 운용사 EOD 데이터 재게시)",2026-08-04T05:35:27+00:00
2026-08-04,SOXX,TSM,Taiwan Semiconductor Manufacturing Company Limited,4.57,5070385.0,,"stockanalysis.com (백업 소스, 운용사 EOD 데이터 재게시)",2026-08-04T05:35:27+00:00
2026-08-04,SOXX,TXN,Texas Instruments Incorporated,4.16,6677070.0,,"stockanalysis.com (백업 소스, 운용사 EOD 데이터 재게시)",2026-08-04T05:35:27+00:00
2026-08-04,SOXX,UMC,United Microelectronics Corporation,0.9,21223232.0,,"stockanalysis.com (백업 소스, 운용사 EOD 데이터 재게시)",2026-08-04T05:35:27+00:00
